
[KDownloading https://github.com/ultralytics/assets/releases/download/v8.4.0/yolo11m.pt to 'yolo11m.pt': 25% ━━━───────── 10.0/38.8MB 70.4MB/s 0.1s<0.4s
[KDownloading https://github.com/ultralytics/assets/releases/download/v8.4.0/yolo11m.pt to 'yolo11m.pt': 93% ━━━━━━━━━━━─ 36.4/38.8MB 263.1MB/s 0.2s<0.0s
[KDownloading https://github.com/ultralytics/assets/releases/download/v8.4.0/yolo11m.pt to 'yolo11m.pt': 100% ━━━━━━━━━━━━ 38.8MB 154.3MB/s 0.3s
Ultralytics 8.4.171 🚀 Python-3.12.13 torch-2.10.0+cu128 CUDA:0 (Tesla T4, 14912MiB)
                                                        CUDA:1 (Tesla T4, 14912MiB)
[34m[1mengine/trainer: [0magnostic_nms=False, amp=True, angle=1.0, augment=False, auto_augment=randaugment, batch=32, bgr=0.0, box=7.5, cache=ram, cfg=None, channels_last=None, classes=None, close_mosaic=10, cls=0.5, cls_pw=0.0, cls_remap=True, compile=False, conf=None, copy_paste=0.1, copy_paste_mode=flip, cos_lr=True, cutmix=0.0, data=/kaggle/working/weights/ppe_data.yaml, degrees=5.0, deterministic=False, device=0,1, dfl=1.5, dgrad=0.5, dis=6.0, distill_model=None, dlam=1.0, dlog=1.0, dnn=False, dropout=0.0, dynamic=False, embed=None, epochs=200, erasing=0.4, exist_ok=True, fliplr=0.5, flipud=0.0, format=torchscript, fraction=1.0, freeze=None, hsv_h=0.015, hsv_s=0.7, hsv_v=0.4, imgsz=640, iou=0.7, kobj=1.0, line_width=None, lr0=0.01, lrf=0.01, mask_ratio=4, max_det=300, mixup=0.1, mode=train, model=yolo11m.pt, momentum=0.937, mosaic=1.0, multi_scale=0.0, name=yolo11m_ppe, nbs=64, nms=None, opset=None, optimize=False, optimizer=SGD, overlap_mask=True, patience=100, perspective=0.0, plots=True, pose=12.0, pretrained=True, profile=False, project=/kaggle/working/runs, quantize=None, rect=False, resume=False, retina_masks=False, rle=1.0, save=True, save_conf=False, save_crop=False, save_dir=/kaggle/working/runs/yolo11m_ppe, save_frames=False, save_json=False, save_period=-1, save_txt=False, scale=0.5, seed=42, shear=2.0, show=False, show_boxes=True, show_conf=True, show_labels=True, simplify=True, single_cls=False, source=None, split=val, stream_buffer=False, task=detect, time=0.7, tracker=tracktrack.yaml, translate=0.1, val=True, verbose=True, vid_stride=1, visualize=False, warmup_bias_lr=0.1, warmup_epochs=3.0, warmup_momentum=0.8, weight_decay=0.0005, workers=2, workspace=None

[KDownloading https://ultralytics.com/assets/Arial.ttf to '/root/.config/Ultralytics/Arial.ttf': 100% ━━━━━━━━━━━━ 755.1KB 27.2MB/s 0.0s
Overriding model.yaml nc=80 with nc=10

                   from  n    params  module                                       arguments                     
  0                  -1  1      1856  ultralytics.nn.modules.conv.Conv             [3, 64, 3, 2]                 
  1                  -1  1     73984  ultralytics.nn.modules.conv.Conv             [64, 128, 3, 2]               
  2                  -1  1    111872  ultralytics.nn.modules.block.C3k2            [128, 256, 1, True, 0.25]     
  3                  -1  1    590336  ultralytics.nn.modules.conv.Conv             [256, 256, 3, 2]              
  4                  -1  1    444928  ultralytics.nn.modules.block.C3k2            [256, 512, 1, True, 0.25]     
  5                  -1  1   2360320  ultralytics.nn.modules.conv.Conv             [512, 512, 3, 2]              
  6                  -1  1   1380352  ultralytics.nn.modules.block.C3k2            [512, 512, 1, True]           
  7                  -1  1   2360320  ultralytics.nn.modules.conv.Conv             [512, 512, 3, 2]              
  8                  -1  1   1380352  ultralytics.nn.modules.block.C3k2            [512, 512, 1, True]           
  9                  -1  1    656896  ultralytics.nn.modules.block.SPPF            [512, 512, 5]                 
 10                  -1  1    990976  ultralytics.nn.modules.block.C2PSA           [512, 512, 1]                 
 11                  -1  1         0  torch.nn.modules.upsampling.Upsample         [None, 2, 'nearest']          
 12             [-1, 6]  1         0  ultralytics.nn.modules.conv.Concat           [1]                           
 13                  -1  1   1642496  ultralytics.nn.modules.block.C3k2            [1024, 512, 1, True]          
 14                  -1  1         0  torch.nn.modules.upsampling.Upsample         [None, 2, 'nearest']          
 15             [-1, 4]  1         0  ultralytics.nn.modules.conv.Concat           [1]                           
 16                  -1  1    542720  ultralytics.nn.modules.block.C3k2            [1024, 256, 1, True]          
 17                  -1  1    590336  ultralytics.nn.modules.conv.Conv             [256, 256, 3, 2]              
 18            [-1, 13]  1         0  ultralytics.nn.modules.conv.Concat           [1]                           
 19                  -1  1   1511424  ultralytics.nn.modules.block.C3k2            [768, 512, 1, True]           
 20                  -1  1   2360320  ultralytics.nn.modules.conv.Conv             [512, 512, 3, 2]              
 21            [-1, 10]  1         0  ultralytics.nn.modules.conv.Concat           [1]                           
 22                  -1  1   1642496  ultralytics.nn.modules.block.C3k2            [1024, 512, 1, True]          
 23        [16, 19, 22]  1   1418734  ultralytics.nn.modules.head.Detect           [10, 16, None, [256, 512, 512]]
YOLO11m summary: 231 layers, 20,060,718 parameters, 20,060,702 gradients, 68.3 GFLOPs

Remapped 1/10 cls head rows from pretrained weights by class name
Transferred 649/649 items from pretrained weights
[34m[1mDDP:[0m debug command /usr/bin/python3 -m torch.distributed.run --nproc_per_node 2 --master_port 10062 /root/.config/Ultralytics/DDP/_temp_0p0vs53f133743103359600.py
Ultralytics 8.4.171 🚀 Python-3.12.13 torch-2.10.0+cu128 CUDA:0 (Tesla T4, 14912MiB)
                                                        CUDA:1 (Tesla T4, 14912MiB)
Freezing layer 'model.23.dfl.conv.weight'
[34m[1mAMP: [0mrunning Automatic Mixed Precision (AMP) checks...
[34m[1mAMP: [0mdownloading yolo26n.pt for AMP checks (one-time, not used for training)...

[KDownloading https://github.com/ultralytics/assets/releases/download/v8.4.0/yolo26n.pt to 'weights/yolo26n.pt': 100% ━━━━━━━━━━━━ 5.3MB 106.9MB/s 0.0s
[34m[1mAMP: [0mchecks passed ✅
WARNING ⚠️ [34m[1mtrain: [0mSlow image access detected (ping: 1.0±0.9 ms, read: 5.6±2.5 MB/s, size: 46.5 KB). Use local storage instead of remote/mounted storage for better performance. See https://docs.ultralytics.com/guides/model-training-tips

[K[34m[1mtrain: [0mScanning /kaggle/working/split_data/train/labels... 32 images, 2 backgrounds, 0 corrupt: 1% ──────────── 32/2240 92.0it/s 0.1s<24.0s
[K[34m[1mtrain: [0mScanning /kaggle/working/split_data/train/labels... 64 images, 5 backgrounds, 0 corrupt: 2% ──────────── 64/2240 159.0it/s 0.2s<13.7s
[K[34m[1mtrain: [0mScanning /kaggle/working/split_data/train/labels... 97 images, 5 backgrounds, 0 corrupt: 4% ╸─────────── 97/2240 205.2it/s 0.3s<10.4s
[K[34m[1mtrain: [0mScanning /kaggle/working/split_data/train/labels... 130 images, 5 backgrounds, 0 corrupt: 5% ╸─────────── 130/2240 240.8it/s 0.4s<8.8s
[K[34m[1mtrain: [0mScanning /kaggle/working/split_data/train/labels... 159 images, 5 backgrounds, 0 corrupt: 7% ╸─────────── 159/2240 254.9it/s 0.5s<8.2s
[K[34m[1mtrain: [0mScanning /kaggle/working/split_data/train/labels... 192 images, 5 backgrounds, 0 corrupt: 8% ━─────────── 192/2240 277.3it/s 0.6s<7.4s
[K[34m[1mtrain: [0mScanning /kaggle/working/split_data/train/labels... 206 images, 5 backgrounds, 0 corrupt: 9% ━─────────── 206/2240 226.7it/s 0.7s<9.0s
[K[34m[1mtrain: [0mScanning /kaggle/working/split_data/train/labels... 250 images, 5 backgrounds, 0 corrupt: 11% ━─────────── 250/2240 271.4it/s 0.9s<7.3s
[K[34m[1mtrain: [0mScanning /kaggle/working/split_data/train/labels... 284 images, 5 backgrounds, 0 corrupt: 12% ━╸────────── 284/2240 248.1it/s 1.0s<7.9s
[K[34m[1mtrain: [0mScanning /kaggle/working/split_data/train/labels... 333 images, 5 backgrounds, 0 corrupt: 14% ━╸────────── 333/2240 313.3it/s 1.1s<6.1s
[K[34m[1mtrain: [0mScanning /kaggle/working/split_data/train/labels... 362 images, 5 backgrounds, 0 corrupt: 16% ━╸────────── 362/2240 301.1it/s 1.2s<6.2s
[K[34m[1mtrain: [0mScanning /kaggle/working/split_data/train/labels... 384 images, 5 backgrounds, 0 corrupt: 17% ━━────────── 384/2240 271.4it/s 1.4s<6.8s
[K[34m[1mtrain: [0mScanning /kaggle/working/split_data/train/labels... 410 images, 5 backgrounds, 0 corrupt: 18% ━━────────── 410/2240 259.2it/s 1.5s<7.1s
[K[34m[1mtrain: [0mScanning /kaggle/working/split_data/train/labels... 443 images, 5 backgrounds, 0 corrupt: 19% ━━────────── 443/2240 273.0it/s 1.6s<6.6s
[K[34m[1mtrain: [0mScanning /kaggle/working/split_data/train/labels... 473 images, 5 backgrounds, 0 corrupt: 21% ━━╸───────── 473/2240 280.4it/s 1.7s<6.3s
[K[34m[1mtrain: [0mScanning /kaggle/working/split_data/train/labels... 480 images, 5 backgrounds, 0 corrupt: 21% ━━╸───────── 480/2240 214.2it/s 1.8s<8.2s
[K[34m[1mtrain: [0mScanning /kaggle/working/split_data/train/labels... 533 images, 5 backgrounds, 0 corrupt: 23% ━━╸───────── 533/2240 291.4it/s 1.9s<5.9s
[K[34m[1mtrain: [0mScanning /kaggle/working/split_data/train/labels... 553 images, 5 backgrounds, 0 corrupt: 24% ━━╸───────── 553/2240 257.4it/s 2.0s<6.6s
[K[34m[1mtrain: [0mScanning /kaggle/working/split_data/train/labels... 587 images, 5 backgrounds, 0 corrupt: 26% ━━━───────── 587/2240 275.2it/s 2.1s<6.0s
[K[34m[1mtrain: [0mScanning /kaggle/working/split_data/train/labels... 615 images, 5 backgrounds, 0 corrupt: 27% ━━━───────── 615/2240 267.1it/s 2.2s<6.1s
[K[34m[1mtrain: [0mScanning /kaggle/working/split_data/train/labels... 646 images, 5 backgrounds, 0 corrupt: 28% ━━━───────── 646/2240 277.0it/s 2.3s<5.8s
[K[34m[1mtrain: [0mScanning /kaggle/working/split_data/train/labels... 675 images, 5 backgrounds, 0 corrupt: 30% ━━━╸──────── 675/2240 280.8it/s 2.4s<5.6s
[K[34m[1mtrain: [0mScanning /kaggle/working/split_data/train/labels... 695 images, 5 backgrounds, 0 corrupt: 31% ━━━╸──────── 695/2240 250.9it/s 2.6s<6.2s
[K[34m[1mtrain: [0mScanning /kaggle/working/split_data/train/labels... 723 images, 5 backgrounds, 0 corrupt: 32% ━━━╸──────── 723/2240 224.3it/s 2.7s<6.8s
[K[34m[1mtrain: [0mScanning /kaggle/working/split_data/train/labels... 771 images, 5 backgrounds, 0 corrupt: 34% ━━━━──────── 771/2240 300.6it/s 2.8s<4.9s
[K[34m[1mtrain: [0mScanning /kaggle/working/split_data/train/labels... 803 images, 5 backgrounds, 0 corrupt: 35% ━━━━──────── 803/2240 306.4it/s 2.9s<4.7s
[K[34m[1mtrain: [0mScanning /kaggle/working/split_data/train/labels... 834 images, 6 backgrounds, 0 corrupt: 37% ━━━━──────── 834/2240 306.6it/s 3.0s<4.6s
[K[34m[1mtrain: [0mScanning /kaggle/working/split_data/train/labels... 852 images, 6 backgrounds, 0 corrupt: 38% ━━━━╸─────── 852/2240 259.7it/s 3.1s<5.3s
[K[34m[1mtrain: [0mScanning /kaggle/working/split_data/train/labels... 893 images, 6 backgrounds, 0 corrupt: 39% ━━━━╸─────── 893/2240 304.3it/s 3.2s<4.4s
[K[34m[1mtrain: [0mScanning /kaggle/working/split_data/train/labels... 925 images, 6 backgrounds, 0 corrupt: 41% ━━━━╸─────── 925/2240 302.6it/s 3.4s<4.3s
[K[34m[1mtrain: [0mScanning /kaggle/working/split_data/train/labels... 951 images, 6 backgrounds, 0 corrupt: 42% ━━━━━─────── 951/2240 276.9it/s 3.5s<4.7s
[K[34m[1mtrain: [0mScanning /kaggle/working/split_data/train/labels... 972 images, 6 backgrounds, 0 corrupt: 43% ━━━━━─────── 972/2240 256.6it/s 3.6s<4.9s
[K[34m[1mtrain: [0mScanning /kaggle/working/split_data/train/labels... 1000 images, 6 backgrounds, 0 corrupt: 44% ━━━━━─────── 1000/2240 259.8it/s 3.7s<4.8s
[K[34m[1mtrain: [0mScanning /kaggle/working/split_data/train/labels... 1025 images, 7 backgrounds, 0 corrupt: 45% ━━━━━─────── 1025/2240 254.7it/s 3.8s<4.8s
[K[34m[1mtrain: [0mScanning /kaggle/working/split_data/train/labels... 1052 images, 7 backgrounds, 0 corrupt: 46% ━━━━━╸────── 1052/2240 255.8it/s 3.9s<4.6s
[K[34m[1mtrain: [0mScanning /kaggle/working/split_data/train/labels... 1081 images, 8 backgrounds, 0 corrupt: 48% ━━━━━╸────── 1081/2240 265.0it/s 4.0s<4.4s
[K[34m[1mtrain: [0mScanning /kaggle/working/split_data/train/labels... 1104 images, 8 backgrounds, 0 corrupt: 49% ━━━━━╸────── 1104/2240 249.4it/s 4.1s<4.6s
[K[34m[1mtrain: [0mScanning /kaggle/working/split_data/train/labels... 1137 images, 8 backgrounds, 0 corrupt: 50% ━━━━━━────── 1137/2240 259.5it/s 4.2s<4.3s
[K[34m[1mtrain: [0mScanning /kaggle/working/split_data/train/labels... 1168 images, 9 backgrounds, 0 corrupt: 52% ━━━━━━────── 1168/2240 273.4it/s 4.3s<3.9s
[K[34m[1mtrain: [0mScanning /kaggle/working/split_data/train/labels... 1199 images, 9 backgrounds, 0 corrupt: 53% ━━━━━━────── 1199/2240 282.5it/s 4.4s<3.7s
[K[34m[1mtrain: [0mScanning /kaggle/working/split_data/train/labels... 1224 images, 9 backgrounds, 0 corrupt: 54% ━━━━━━╸───── 1224/2240 269.2it/s 4.5s<3.8s
[K[34m[1mtrain: [0mScanning /kaggle/working/split_data/train/labels... 1247 images, 9 backgrounds, 0 corrupt: 55% ━━━━━━╸───── 1247/2240 246.1it/s 4.6s<4.0s
[K[34m[1mtrain: [0mScanning /kaggle/working/split_data/train/labels... 1278 images, 9 backgrounds, 0 corrupt: 57% ━━━━━━╸───── 1278/2240 250.7it/s 4.8s<3.8s
[K[34m[1mtrain: [0mScanning /kaggle/working/split_data/train/labels... 1304 images, 9 backgrounds, 0 corrupt: 58% ━━━━━━╸───── 1304/2240 252.1it/s 4.9s<3.7s
[K[34m[1mtrain: [0mScanning /kaggle/working/split_data/train/labels... 1325 images, 9 backgrounds, 0 corrupt: 59% ━━━━━━━───── 1325/2240 239.0it/s 5.0s<3.8s
[K[34m[1mtrain: [0mScanning /kaggle/working/split_data/train/labels... 1355 images, 9 backgrounds, 0 corrupt: 60% ━━━━━━━───── 1355/2240 250.7it/s 5.1s<3.5s
[K[34m[1mtrain: [0mScanning /kaggle/working/split_data/train/labels... 1380 images, 9 backgrounds, 0 corrupt: 61% ━━━━━━━───── 1380/2240 245.4it/s 5.2s<3.5s
[K[34m[1mtrain: [0mScanning /kaggle/working/split_data/train/labels... 1410 images, 9 backgrounds, 0 corrupt: 62% ━━━━━━━╸──── 1410/2240 256.6it/s 5.3s<3.2s
[K[34m[1mtrain: [0mScanning /kaggle/working/split_data/train/labels... 1438 images, 9 backgrounds, 0 corrupt: 64% ━━━━━━━╸──── 1438/2240 260.8it/s 5.4s<3.1s
[K[34m[1mtrain: [0mScanning /kaggle/working/split_data/train/labels... 1464 images, 9 backgrounds, 0 corrupt: 65% ━━━━━━━╸──── 1464/2240 257.6it/s 5.5s<3.0s
[K[34m[1mtrain: [0mScanning /kaggle/working/split_data/train/labels... 1484 images, 9 backgrounds, 0 corrupt: 66% ━━━━━━━╸──── 1484/2240 233.3it/s 5.6s<3.2s
[K[34m[1mtrain: [0mScanning /kaggle/working/split_data/train/labels... 1509 images, 9 backgrounds, 0 corrupt: 67% ━━━━━━━━──── 1509/2240 236.0it/s 5.7s<3.1s
[K[34m[1mtrain: [0mScanning /kaggle/working/split_data/train/labels... 1536 images, 9 backgrounds, 0 corrupt: 68% ━━━━━━━━──── 1536/2240 242.5it/s 5.8s<2.9s
[K[34m[1mtrain: [0mScanning /kaggle/working/split_data/train/labels... 1561 images, 9 backgrounds, 0 corrupt: 69% ━━━━━━━━──── 1561/2240 244.5it/s 5.9s<2.8s
[K[34m[1mtrain: [0mScanning /kaggle/working/split_data/train/labels... 1589 images, 9 backgrounds, 0 corrupt: 70% ━━━━━━━━╸─── 1589/2240 255.0it/s 6.0s<2.6s
[K[34m[1mtrain: [0mScanning /kaggle/working/split_data/train/labels... 1615 images, 9 backgrounds, 0 corrupt: 72% ━━━━━━━━╸─── 1615/2240 253.6it/s 6.1s<2.5s
[K[34m[1mtrain: [0mScanning /kaggle/working/split_data/train/labels... 1630 images, 9 backgrounds, 0 corrupt: 72% ━━━━━━━━╸─── 1630/2240 222.4it/s 6.2s<2.7s
[K[34m[1mtrain: [0mScanning /kaggle/working/split_data/train/labels... 1646 images, 9 backgrounds, 0 corrupt: 73% ━━━━━━━━╸─── 1646/2240 198.2it/s 6.3s<3.0s
[K[34m[1mtrain: [0mScanning /kaggle/working/split_data/train/labels... 1680 images, 9 backgrounds, 0 corrupt: 75% ━━━━━━━━━─── 1680/2240 239.8it/s 6.4s<2.3s
[K[34m[1mtrain: [0mScanning /kaggle/working/split_data/train/labels... 1710 images, 11 backgrounds, 0 corrupt: 76% ━━━━━━━━━─── 1710/2240 257.1it/s 6.5s<2.1s
[K[34m[1mtrain: [0mScanning /kaggle/working/split_data/train/labels... 1742 images, 11 backgrounds, 0 corrupt: 77% ━━━━━━━━━─── 1742/2240 275.2it/s 6.6s<1.8s
[K[34m[1mtrain: [0mScanning /kaggle/working/split_data/train/labels... 1773 images, 11 backgrounds, 0 corrupt: 79% ━━━━━━━━━─── 1773/2240 282.0it/s 6.7s<1.7s
[K[34m[1mtrain: [0mScanning /kaggle/working/split_data/train/labels... 1799 images, 11 backgrounds, 0 corrupt: 80% ━━━━━━━━━╸── 1799/2240 269.9it/s 6.8s<1.6s
[K[34m[1mtrain: [0mScanning /kaggle/working/split_data/train/labels... 1834 images, 11 backgrounds, 0 corrupt: 81% ━━━━━━━━━╸── 1834/2240 293.6it/s 6.9s<1.4s
[K[34m[1mtrain: [0mScanning /kaggle/working/split_data/train/labels... 1858 images, 11 backgrounds, 0 corrupt: 82% ━━━━━━━━━╸── 1858/2240 275.1it/s 7.0s<1.4s
[K[34m[1mtrain: [0mScanning /kaggle/working/split_data/train/labels... 1871 images, 11 backgrounds, 0 corrupt: 83% ━━━━━━━━━━── 1871/2240 231.1it/s 7.1s<1.6s
[K[34m[1mtrain: [0mScanning /kaggle/working/split_data/train/labels... 1894 images, 11 backgrounds, 0 corrupt: 84% ━━━━━━━━━━── 1894/2240 224.5it/s 7.3s<1.5s
[K[34m[1mtrain: [0mScanning /kaggle/working/split_data/train/labels... 1928 images, 11 backgrounds, 0 corrupt: 86% ━━━━━━━━━━── 1928/2240 258.0it/s 7.4s<1.2s
[K[34m[1mtrain: [0mScanning /kaggle/working/split_data/train/labels... 1957 images, 11 backgrounds, 0 corrupt: 87% ━━━━━━━━━━── 1957/2240 255.8it/s 7.5s<1.1s
[K[34m[1mtrain: [0mScanning /kaggle/working/split_data/train/labels... 1993 images, 11 backgrounds, 0 corrupt: 88% ━━━━━━━━━━╸─ 1993/2240 285.5it/s 7.6s<0.9s
[K[34m[1mtrain: [0mScanning /kaggle/working/split_data/train/labels... 2024 images, 11 backgrounds, 0 corrupt: 90% ━━━━━━━━━━╸─ 2024/2240 289.4it/s 7.7s<0.7s
[K[34m[1mtrain: [0mScanning /kaggle/working/split_data/train/labels... 2049 images, 11 backgrounds, 0 corrupt: 91% ━━━━━━━━━━╸─ 2049/2240 275.1it/s 7.8s<0.7s
[K[34m[1mtrain: [0mScanning /kaggle/working/split_data/train/labels... 2079 images, 11 backgrounds, 0 corrupt: 92% ━━━━━━━━━━━─ 2079/2240 281.9it/s 7.9s<0.6s
[K[34m[1mtrain: [0mScanning /kaggle/working/split_data/train/labels... 2111 images, 11 backgrounds, 0 corrupt: 94% ━━━━━━━━━━━─ 2111/2240 289.5it/s 8.0s<0.4s
[K[34m[1mtrain: [0mScanning /kaggle/working/split_data/train/labels... 2134 images, 11 backgrounds, 0 corrupt: 95% ━━━━━━━━━━━─ 2134/2240 271.4it/s 8.1s<0.4s
[K[34m[1mtrain: [0mScanning /kaggle/working/split_data/train/labels... 2160 images, 11 backgrounds, 0 corrupt: 96% ━━━━━━━━━━━╸ 2160/2240 259.9it/s 8.2s<0.3s
[K[34m[1mtrain: [0mScanning /kaggle/working/split_data/train/labels... 2189 images, 13 backgrounds, 0 corrupt: 97% ━━━━━━━━━━━╸ 2189/2240 262.7it/s 8.3s<0.2s
[K[34m[1mtrain: [0mScanning /kaggle/working/split_data/train/labels... 2210 images, 14 backgrounds, 0 corrupt: 98% ━━━━━━━━━━━╸ 2210/2240 231.2it/s 8.4s<0.1s
[K[34m[1mtrain: [0mScanning /kaggle/working/split_data/train/labels... 2240 images, 19 backgrounds, 0 corrupt: 100% ━━━━━━━━━━━━ 2240/2240 262.7it/s 8.5s
[34m[1mtrain: [0m/kaggle/working/split_data/train/images/train_004720_jpg.rf.afc486560a4004c7cfd67910af31a29c.jpg: 1 duplicate labels removed
[34m[1mtrain: [0m/kaggle/working/split_data/train/images/train_construction-813-_jpg.rf.b085952261fd98f2e76b8065de149b5f.jpg: 1 duplicate labels removed
[34m[1mtrain: [0mNew cache created: /kaggle/working/split_data/train/labels.cache

[K[34m[1mtrain: [0mCaching images (0.1GB RAM): 2% ──────────── 59/2240 176.9it/s 0.1s<12.3s
[K[34m[1mtrain: [0mCaching images (0.1GB RAM): 5% ╸─────────── 121/2240 307.4it/s 0.2s<6.9s
[K[34m[1mtrain: [0mCaching images (0.2GB RAM): 8% ━─────────── 187/2240 407.9it/s 0.3s<5.0s
[K[34m[1mtrain: [0mCaching images (0.3GB RAM): 11% ━─────────── 248/2240 466.0it/s 0.4s<4.3s
[K[34m[1mtrain: [0mCaching images (0.3GB RAM): 13% ━╸────────── 304/2240 494.1it/s 0.5s<3.9s
[K[34m[1mtrain: [0mCaching images (0.4GB RAM): 16% ━╸────────── 367/2240 533.4it/s 0.6s<3.5s
[K[34m[1mtrain: [0mCaching images (0.5GB RAM): 19% ━━────────── 430/2240 558.5it/s 0.7s<3.2s
[K[34m[1mtrain: [0mCaching images (0.6GB RAM): 21% ━━╸───────── 488/2240 563.3it/s 0.8s<3.1s
[K[34m[1mtrain: [0mCaching images (0.6GB RAM): 24% ━━╸───────── 549/2240 576.3it/s 0.9s<2.9s
[K[34m[1mtrain: [0mCaching images (0.7GB RAM): 27% ━━━───────── 605/2240 567.4it/s 1.0s<2.9s
[K[34m[1mtrain: [0mCaching images (0.8GB RAM): 29% ━━━╸──────── 658/2240 553.3it/s 1.1s<2.9s
[K[34m[1mtrain: [0mCaching images (0.8GB RAM): 32% ━━━╸──────── 720/2240 565.9it/s 1.2s<2.7s
[K[34m[1mtrain: [0mCaching images (0.9GB RAM): 34% ━━━━──────── 782/2240 568.2it/s 1.3s<2.6s
[K[34m[1mtrain: [0mCaching images (1.0GB RAM): 37% ━━━━╸─────── 847/2240 589.8it/s 1.4s<2.4s
[K[34m[1mtrain: [0mCaching images (1.0GB RAM): 40% ━━━━╸─────── 908/2240 589.9it/s 1.5s<2.3s
[K[34m[1mtrain: [0mCaching images (1.1GB RAM): 43% ━━━━━─────── 969/2240 570.4it/s 1.6s<2.2s
[K[34m[1mtrain: [0mCaching images (1.2GB RAM): 46% ━━━━━╸────── 1036/2240 593.0it/s 1.8s<2.0s
[K[34m[1mtrain: [0mCaching images (1.3GB RAM): 49% ━━━━━╸────── 1099/2240 594.6it/s 1.9s<1.9s
[K[34m[1mtrain: [0mCaching images (1.3GB RAM): 51% ━━━━━━────── 1159/2240 594.4it/s 2.0s<1.8s
[K[34m[1mtrain: [0mCaching images (1.4GB RAM): 54% ━━━━━━╸───── 1220/2240 595.7it/s 2.1s<1.7s
[K[34m[1mtrain: [0mCaching images (1.5GB RAM): 57% ━━━━━━╸───── 1277/2240 586.5it/s 2.2s<1.6s
[K[34m[1mtrain: [0mCaching images (1.5GB RAM): 59% ━━━━━━━───── 1334/2240 578.5it/s 2.3s<1.6s
[K[34m[1mtrain: [0mCaching images (1.6GB RAM): 62% ━━━━━━━───── 1394/2240 580.4it/s 2.4s<1.5s
[K[34m[1mtrain: [0mCaching images (1.7GB RAM): 64% ━━━━━━━╸──── 1453/2240 582.3it/s 2.5s<1.4s
[K[34m[1mtrain: [0mCaching images (1.7GB RAM): 67% ━━━━━━━━──── 1514/2240 582.2it/s 2.6s<1.2s
[K[34m[1mtrain: [0mCaching images (1.8GB RAM): 70% ━━━━━━━━──── 1575/2240 586.7it/s 2.7s<1.1s
[K[34m[1mtrain: [0mCaching images (1.9GB RAM): 73% ━━━━━━━━╸─── 1636/2240 591.8it/s 2.8s<1.0s
[K[34m[1mtrain: [0mCaching images (1.9GB RAM): 75% ━━━━━━━━━─── 1699/2240 601.4it/s 2.9s<0.9s
[K[34m[1mtrain: [0mCaching images (2.0GB RAM): 78% ━━━━━━━━━─── 1762/2240 604.8it/s 3.0s<0.8s
[K[34m[1mtrain: [0mCaching images (2.1GB RAM): 81% ━━━━━━━━━╸── 1823/2240 603.8it/s 3.1s<0.7s
[K[34m[1mtrain: [0mCaching images (2.1GB RAM): 83% ━━━━━━━━━━── 1878/2240 585.4it/s 3.2s<0.6s
[K[34m[1mtrain: [0mCaching images (2.2GB RAM): 86% ━━━━━━━━━━── 1941/2240 596.5it/s 3.3s<0.5s
[K[34m[1mtrain: [0mCaching images (2.3GB RAM): 89% ━━━━━━━━━━╸─ 2006/2240 605.4it/s 3.4s<0.4s
[K[34m[1mtrain: [0mCaching images (2.4GB RAM): 92% ━━━━━━━━━━━─ 2069/2240 612.7it/s 3.5s<0.3s
[K[34m[1mtrain: [0mCaching images (2.4GB RAM): 95% ━━━━━━━━━━━─ 2133/2240 618.5it/s 3.6s<0.2s
[K[34m[1mtrain: [0mCaching images (2.5GB RAM): 98% ━━━━━━━━━━━╸ 2198/2240 626.0it/s 3.7s<0.1s
[K[34m[1mtrain: [0mCaching images (2.6GB RAM): 100% ━━━━━━━━━━━━ 2240/2240 595.7it/s 3.8s
[34m[1malbumentations: [0mBlur(p=0.01, blur_limit=(3, 7)), MedianBlur(p=0.01, blur_limit=(3, 7)), ToGray(p=0.01, method='weighted_average', num_output_channels=3), CLAHE(p=0.01, clip_limit=(1.0, 4.0), tile_grid_size=(8, 8))
WARNING ⚠️ [34m[1mval: [0mSlow image access detected (ping: 0.0±0.0 ms, read: 8.3±1.6 MB/s, size: 59.5 KB). Use local storage instead of remote/mounted storage for better performance. See https://docs.ultralytics.com/guides/model-training-tips

[K[34m[1mval: [0mScanning /kaggle/working/split_data/val/labels... 19 images, 1 backgrounds, 0 corrupt: 6% ╸─────────── 19/280 41.0it/s 0.1s<6.4s
[K[34m[1mval: [0mScanning /kaggle/working/split_data/val/labels... 23 images, 1 backgrounds, 0 corrupt: 8% ╸─────────── 23/280 37.1it/s 0.3s<6.9s
[K[34m[1mval: [0mScanning /kaggle/working/split_data/val/labels... 58 images, 1 backgrounds, 0 corrupt: 20% ━━────────── 58/280 99.7it/s 0.4s<2.2s
[K[34m[1mval: [0mScanning /kaggle/working/split_data/val/labels... 80 images, 1 backgrounds, 0 corrupt: 28% ━━━───────── 80/280 128.5it/s 0.5s<1.6s
[K[34m[1mval: [0mScanning /kaggle/working/split_data/val/labels... 94 images, 1 backgrounds, 0 corrupt: 33% ━━━━──────── 94/280 130.6it/s 0.6s<1.4s
[K[34m[1mval: [0mScanning /kaggle/working/split_data/val/labels... 127 images, 1 backgrounds, 0 corrupt: 45% ━━━━━─────── 127/280 185.5it/s 0.7s<0.8s
[K[34m[1mval: [0mScanning /kaggle/working/split_data/val/labels... 148 images, 1 backgrounds, 0 corrupt: 52% ━━━━━━────── 148/280 173.9it/s 0.9s<0.8s
[K[34m[1mval: [0mScanning /kaggle/working/split_data/val/labels... 174 images, 1 backgrounds, 0 corrupt: 62% ━━━━━━━───── 174/280 185.6it/s 1.0s<0.6s
[K[34m[1mval: [0mScanning /kaggle/working/split_data/val/labels... 210 images, 1 backgrounds, 0 corrupt: 75% ━━━━━━━━━─── 210/280 232.5it/s 1.1s<0.3s
[K[34m[1mval: [0mScanning /kaggle/working/split_data/val/labels... 229 images, 1 backgrounds, 0 corrupt: 81% ━━━━━━━━━╸── 229/280 217.2it/s 1.2s<0.2s
[K[34m[1mval: [0mScanning /kaggle/working/split_data/val/labels... 254 images, 1 backgrounds, 0 corrupt: 90% ━━━━━━━━━━╸─ 254/280 217.6it/s 1.3s<0.1s
[K[34m[1mval: [0mScanning /kaggle/working/split_data/val/labels... 261 images, 1 backgrounds, 0 corrupt: 93% ━━━━━━━━━━━─ 261/280 168.7it/s 1.5s<0.1s
[K[34m[1mval: [0mScanning /kaggle/working/split_data/val/labels... 280 images, 3 backgrounds, 0 corrupt: 100% ━━━━━━━━━━━━ 280/280 176.9it/s 1.6s
[34m[1mval: [0mNew cache created: /kaggle/working/split_data/val/labels.cache

[K[34m[1mval: [0mCaching images (0.0GB RAM): 14% ━╸────────── 40/280 119.5it/s 0.1s<2.0s
[K[34m[1mval: [0mCaching images (0.1GB RAM): 27% ━━━───────── 77/280 193.5it/s 0.2s<1.0s
[K[34m[1mval: [0mCaching images (0.1GB RAM): 43% ━━━━━─────── 121/280 263.7it/s 0.3s<0.6s
[K[34m[1mval: [0mCaching images (0.2GB RAM): 58% ━━━━━━╸───── 163/280 308.2it/s 0.4s<0.4s
[K[34m[1mval: [0mCaching images (0.2GB RAM): 74% ━━━━━━━━╸─── 208/280 323.6it/s 0.5s<0.2s
[K[34m[1mval: [0mCaching images (0.3GB RAM): 91% ━━━━━━━━━━╸─ 255/280 366.6it/s 0.6s<0.1s
[K[34m[1mval: [0mCaching images (0.3GB RAM): 100% ━━━━━━━━━━━━ 280/280 407.1it/s 0.7s
[34m[1moptimizer:[0m SGD(lr=0.01, momentum=0.937) with parameter groups 106 weight(decay=0.0), 113 weight(decay=0.0005), 112 bias(decay=0.0)
Plotting labels to /kaggle/working/runs/yolo11m_ppe/labels.jpg... 
Using 2240 train, 280 val images for fraction=1.0 at imgsz=640
Using 4 dataloader workers
Logging results to [1m/kaggle/working/runs/yolo11m_ppe[0m
Starting training for 0.7 hours...

      Epoch    GPU_mem   box_loss   cls_loss   dfl_loss  Instances       Size

[K      1/200      7.86G      1.968      3.307      1.978        288        640: 0% ──────────── 0/70  8.9s
[K      1/200      7.87G      2.005      3.317      1.949        484        640: 1% ──────────── 1/70 1.9s/it 9.4s<2:14
[K      1/200      7.87G      2.018      3.266      1.964        369        640: 2% ──────────── 2/70 1.1s/it 10.0s<1:17
[K      1/200      7.87G      1.993      3.247      1.948        353        640: 4% ╸─────────── 3/70 1.1it/s 10.6s<1:00
[K      1/200      7.87G      1.967      3.277      1.926        395        640: 5% ╸─────────── 4/70 1.6it/s 11.0s<42.4s
[K      1/200      7.87G      1.979      3.282      1.945        390        640: 7% ╸─────────── 5/70 1.9it/s 11.4s<34.8s
[K      1/200      7.91G      1.982      3.282      1.957        371        640: 8% ━─────────── 6/70 2.0it/s 11.8s<31.9s
[K      1/200      7.91G      1.981      3.283      1.973        235        640: 10% ━─────────── 7/70 2.2it/s 12.2s<29.0s
[K      1/200      7.91G      1.962      3.269      1.952        265        640: 11% ━─────────── 8/70 2.3it/s 12.6s<27.4s
[K      1/200      7.91G       1.97      3.263      1.944        479        640: 12% ━╸────────── 9/70 2.3it/s 13.0s<26.0s
[K      1/200      7.91G      1.969      3.268      1.935        448        640: 14% ━╸────────── 10/70 2.4it/s 13.4s<24.9s
[K      1/200      7.91G      1.962      3.265      1.931        340        640: 15% ━╸────────── 11/70 2.5it/s 13.8s<24.0s
[K      1/200      7.91G      1.969      3.271      1.934        461        640: 17% ━━────────── 12/70 2.5it/s 14.2s<23.3s
[K      1/200      7.91G      1.967      3.268      1.931        502        640: 18% ━━────────── 13/70 2.5it/s 14.6s<22.9s
[K      1/200      7.91G      1.957      3.254       1.93        392        640: 20% ━━────────── 14/70 2.5it/s 15.0s<22.4s
[K      1/200      7.91G      1.942      3.236      1.917        347        640: 21% ━━╸───────── 15/70 2.5it/s 15.4s<21.9s
[K      1/200      7.91G      1.934      3.215      1.915        313        640: 22% ━━╸───────── 16/70 2.5it/s 15.8s<21.4s
[K      1/200      7.91G      1.917      3.203      1.905        281        640: 24% ━━╸───────── 17/70 2.5it/s 16.1s<20.9s
[K      1/200      7.91G      1.906      3.176      1.899        320        640: 25% ━━━───────── 18/70 2.6it/s 16.5s<20.4s
[K      1/200      7.91G      1.898      3.159      1.896        352        640: 27% ━━━───────── 19/70 2.5it/s 16.9s<20.0s
[K      1/200      7.91G      1.887      3.136      1.889        344        640: 28% ━━━───────── 20/70 2.5it/s 17.3s<19.8s
[K      1/200      7.91G      1.874      3.116      1.878        390        640: 30% ━━━╸──────── 21/70 2.5it/s 17.8s<19.8s
[K      1/200      7.91G      1.852      3.086      1.863        227        640: 31% ━━━╸──────── 22/70 2.5it/s 18.2s<19.3s
[K      1/200      7.91G      1.843      3.062      1.856        391        640: 32% ━━━╸──────── 23/70 2.5it/s 18.5s<18.7s
[K      1/200      7.91G      1.836      3.047      1.849        470        640: 34% ━━━━──────── 24/70 2.5it/s 18.9s<18.3s
[K      1/200      7.91G      1.829      3.022       1.84        367        640: 35% ━━━━──────── 25/70 2.5it/s 19.3s<17.7s
[K      1/200      7.91G      1.827      3.006       1.84        439        640: 37% ━━━━──────── 26/70 2.5it/s 19.7s<17.4s
[K      1/200      7.91G      1.814      2.972      1.831        365        640: 38% ━━━━╸─────── 27/70 2.5it/s 20.1s<16.9s
[K      1/200      7.91G      1.805      2.946      1.825        304        640: 40% ━━━━╸─────── 28/70 2.5it/s 20.5s<16.5s
[K      1/200      7.91G      1.804      2.927      1.823        424        640: 41% ━━━━╸─────── 29/70 2.5it/s 20.9s<16.1s
[K      1/200      7.91G      1.794      2.898      1.816        395        640: 42% ━━━━━─────── 30/70 2.5it/s 21.3s<15.7s
[K      1/200      7.91G      1.786      2.874      1.808        403        640: 44% ━━━━━─────── 31/70 2.5it/s 21.7s<15.3s
[K      1/200      7.91G      1.778      2.855      1.805        212        640: 45% ━━━━━─────── 32/70 2.5it/s 22.1s<14.9s
[K      1/200      7.91G      1.767      2.826      1.798        348        640: 47% ━━━━━╸────── 33/70 2.5it/s 22.5s<14.6s
[K      1/200      7.91G      1.758      2.802      1.792        382        640: 48% ━━━━━╸────── 34/70 2.5it/s 22.9s<14.2s
[K      1/200      7.91G      1.753      2.776      1.788        339        640: 50% ━━━━━━────── 35/70 2.5it/s 23.3s<13.8s
[K      1/200      7.91G      1.744       2.75      1.781        455        640: 51% ━━━━━━────── 36/70 2.5it/s 23.7s<13.5s
[K      1/200      7.91G      1.736      2.727      1.775        362        640: 52% ━━━━━━────── 37/70 2.5it/s 24.1s<13.2s
[K      1/200      7.91G      1.726      2.704      1.769        370        640: 54% ━━━━━━╸───── 38/70 2.5it/s 24.5s<12.8s
[K      1/200      7.91G      1.721      2.685      1.764        432        640: 55% ━━━━━━╸───── 39/70 2.5it/s 24.9s<12.3s
[K      1/200      7.91G       1.71      2.665      1.758        297        640: 57% ━━━━━━╸───── 40/70 2.5it/s 25.3s<11.9s
[K      1/200      7.91G      1.704      2.644      1.753        400        640: 58% ━━━━━━━───── 41/70 2.5it/s 25.7s<11.5s
[K      1/200      7.91G      1.695       2.62      1.746        330        640: 60% ━━━━━━━───── 42/70 2.5it/s 26.1s<11.1s
[K      1/200      7.91G      1.688        2.6       1.74        413        640: 61% ━━━━━━━───── 43/70 2.5it/s 26.4s<10.7s
[K      1/200      7.91G       1.68      2.578      1.734        311        640: 62% ━━━━━━━╸──── 44/70 2.5it/s 26.8s<10.3s
[K      1/200      7.91G      1.674      2.563      1.731        321        640: 64% ━━━━━━━╸──── 45/70 2.5it/s 27.2s<9.9s
[K      1/200      7.91G      1.666      2.543      1.724        304        640: 65% ━━━━━━━╸──── 46/70 2.5it/s 27.6s<9.5s
[K      1/200      7.91G      1.659      2.526       1.72        320        640: 67% ━━━━━━━━──── 47/70 2.5it/s 28.0s<9.1s
[K      1/200      7.91G      1.651      2.509      1.714        312        640: 68% ━━━━━━━━──── 48/70 2.5it/s 28.4s<8.7s
[K      1/200      7.91G      1.645      2.493       1.71        255        640: 70% ━━━━━━━━──── 49/70 2.5it/s 28.8s<8.3s
[K      1/200      7.91G      1.638      2.476      1.705        328        640: 71% ━━━━━━━━╸─── 50/70 2.5it/s 29.2s<7.9s
[K      1/200      7.91G      1.633      2.461        1.7        465        640: 72% ━━━━━━━━╸─── 51/70 2.5it/s 29.6s<7.6s
[K      1/200      7.91G       1.63      2.447      1.696        445        640: 74% ━━━━━━━━╸─── 52/70 2.5it/s 30.0s<7.2s
[K      1/200      7.91G      1.625      2.432      1.692        449        640: 75% ━━━━━━━━━─── 53/70 2.5it/s 30.4s<6.8s
[K      1/200      7.91G      1.619      2.415      1.688        422        640: 77% ━━━━━━━━━─── 54/70 2.5it/s 30.8s<6.4s
[K      1/200      7.91G      1.613      2.398      1.683        418        640: 78% ━━━━━━━━━─── 55/70 2.5it/s 31.2s<6.0s
[K      1/200      7.91G      1.609      2.386       1.68        400        640: 80% ━━━━━━━━━╸── 56/70 2.5it/s 31.6s<5.6s
[K      1/200      7.91G      1.605      2.374      1.677        480        640: 81% ━━━━━━━━━╸── 57/70 2.5it/s 32.0s<5.2s
[K      1/200      7.91G      1.601      2.361      1.673        384        640: 82% ━━━━━━━━━╸── 58/70 2.5it/s 32.4s<4.8s
[K      1/200      7.91G      1.595      2.352      1.671        238        640: 84% ━━━━━━━━━━── 59/70 2.5it/s 32.8s<4.4s
[K      1/200      7.91G      1.591      2.341      1.668        377        640: 85% ━━━━━━━━━━── 60/70 2.5it/s 33.2s<4.0s
[K      1/200      7.91G      1.587      2.328      1.664        395        640: 87% ━━━━━━━━━━── 61/70 2.5it/s 33.6s<3.6s
[K      1/200      7.91G      1.582      2.314      1.659        337        640: 88% ━━━━━━━━━━╸─ 62/70 2.5it/s 34.0s<3.2s
[K      1/200      7.91G      1.579      2.303      1.657        379        640: 90% ━━━━━━━━━━╸─ 63/70 2.5it/s 34.4s<2.8s
[K      1/200      7.91G      1.575      2.292      1.654        357        640: 91% ━━━━━━━━━━╸─ 64/70 2.5it/s 34.8s<2.4s
[K      1/200      7.91G      1.571      2.281      1.651        347        640: 92% ━━━━━━━━━━━─ 65/70 2.5it/s 35.2s<2.0s
[K      1/200      7.91G      1.566      2.268      1.647        324        640: 94% ━━━━━━━━━━━─ 66/70 2.5it/s 35.6s<1.6s
[K      1/200      7.91G      1.561      2.256      1.644        212        640: 95% ━━━━━━━━━━━─ 67/70 2.5it/s 36.0s<1.2s
[K      1/200      7.91G      1.559       2.25      1.643        249        640: 97% ━━━━━━━━━━━╸ 68/70 2.5it/s 36.4s<0.8s
[K      1/200      7.91G      1.555       2.24      1.641        381        640: 98% ━━━━━━━━━━━╸ 69/70 2.5it/s 36.8s<0.4s
[K      1/200      7.91G      1.555       2.24      1.641        381        640: 100% ━━━━━━━━━━━━ 70/70 1.9it/s 36.8s

[K                 Class     Images  Instances      Box(P          R      mAP50  mAP50-95): 20% ━━────────── 1/5 13.9s/it 4.2s<55.8s
[K                 Class     Images  Instances      Box(P          R      mAP50  mAP50-95): 40% ━━━━╸─────── 2/5 1.5s/it 4.7s<4.5s
[K                 Class     Images  Instances      Box(P          R      mAP50  mAP50-95): 60% ━━━━━━━───── 3/5 1.1it/s 5.1s<1.8s
[K                 Class     Images  Instances      Box(P          R      mAP50  mAP50-95): 80% ━━━━━━━━━╸── 4/5 1.4it/s 5.6s<0.7s
[K                 Class     Images  Instances      Box(P          R      mAP50  mAP50-95): 100% ━━━━━━━━━━━━ 5/5 1.2s/it 6.0s
                   all        280       3554      0.569      0.415      0.441       0.24
/usr/local/lib/python3.12/dist-packages/ray/train/_internal/session.py:676: UserWarning: `get_trial_id` is meant to only be called inside a function that is executed by a Tuner or Trainer. Returning `None`.
  warnings.warn(

      Epoch    GPU_mem   box_loss   cls_loss   dfl_loss  Instances       Size

[K       2/55      7.97G       1.42      1.657      1.538        371        640: 0% ──────────── 0/70  0.4s
[K       2/55      7.97G      1.371      1.575      1.478        373        640: 1% ──────────── 1/70 1.4s/it 0.8s<1:33
[K       2/55      7.97G      1.367      1.553       1.46        530        640: 2% ──────────── 2/70 1.2it/s 1.2s<54.7s
[K       2/55      7.97G      1.343       1.56      1.445        338        640: 4% ╸─────────── 3/70 1.6it/s 1.6s<41.6s
[K       2/55      7.97G      1.362      1.588      1.475        352        640: 5% ╸─────────── 4/70 1.9it/s 2.0s<35.2s
[K       2/55      7.97G      1.348      1.538      1.452        424        640: 7% ╸─────────── 5/70 2.0it/s 2.4s<31.7s
[K       2/55      7.97G       1.32      1.501      1.442        271        640: 8% ━─────────── 6/70 2.2it/s 2.8s<29.5s
[K       2/55      7.97G      1.312      1.505      1.441        319        640: 10% ━─────────── 7/70 2.3it/s 3.3s<28.0s
[K       2/55      7.97G      1.317      1.516      1.446        395        640: 11% ━─────────── 8/70 2.3it/s 3.7s<26.9s
[K       2/55      7.97G      1.332      1.524      1.454        425        640: 12% ━╸────────── 9/70 2.3it/s 4.1s<26.0s
[K       2/55      7.97G      1.345      1.523      1.454        471        640: 14% ━╸────────── 10/70 2.4it/s 4.5s<25.4s
[K       2/55      7.97G      1.349      1.521      1.457        398        640: 15% ━╸────────── 11/70 2.4it/s 4.9s<24.9s
[K       2/55      7.97G      1.342      1.509      1.449        329        640: 17% ━━────────── 12/70 2.4it/s 5.3s<24.2s
[K       2/55      7.97G      1.343       1.51      1.448        379        640: 18% ━━────────── 13/70 2.4it/s 5.7s<23.7s
[K       2/55      7.97G      1.331      1.496      1.442        324        640: 20% ━━────────── 14/70 2.4it/s 6.1s<23.1s
[K       2/55      7.97G      1.327      1.494      1.443        276        640: 21% ━━╸───────── 15/70 2.4it/s 6.6s<22.7s
[K       2/55      7.97G      1.322      1.495      1.441        333        640: 22% ━━╸───────── 16/70 2.4it/s 7.0s<22.3s
[K       2/55      7.97G      1.315      1.498      1.439        282        640: 24% ━━╸───────── 17/70 2.4it/s 7.4s<21.9s
[K       2/55      7.97G      1.311      1.493      1.435        298        640: 25% ━━━───────── 18/70 2.4it/s 7.8s<21.7s
[K       2/55      7.97G      1.319      1.506      1.443        425        640: 27% ━━━───────── 19/70 2.4it/s 8.2s<21.2s
[K       2/55      7.97G      1.319      1.504      1.444        353        640: 28% ━━━───────── 20/70 2.4it/s 8.6s<20.8s
[K       2/55      7.97G      1.325      1.505      1.445        370        640: 30% ━━━╸──────── 21/70 2.4it/s 9.1s<20.4s
[K       2/55      7.97G      1.328      1.508      1.447        438        640: 31% ━━━╸──────── 22/70 2.4it/s 9.5s<19.9s
[K       2/55      7.97G      1.326      1.503      1.444        315        640: 32% ━━━╸──────── 23/70 2.4it/s 9.9s<19.5s
[K       2/55      7.97G       1.32      1.495      1.439        390        640: 34% ━━━━──────── 24/70 2.4it/s 10.3s<19.1s
[K       2/55      7.97G      1.323      1.493      1.439        459        640: 35% ━━━━──────── 25/70 2.4it/s 10.7s<18.7s
[K       2/55      7.97G      1.321       1.49      1.437        394        640: 37% ━━━━──────── 26/70 2.4it/s 11.1s<18.3s
[K       2/55      7.97G      1.317      1.485      1.434        355        640: 38% ━━━━╸─────── 27/70 2.4it/s 11.5s<17.9s
[K       2/55      7.97G      1.316      1.484      1.433        341        640: 40% ━━━━╸─────── 28/70 2.4it/s 12.0s<17.5s
[K       2/55      7.97G      1.318      1.486      1.435        311        640: 41% ━━━━╸─────── 29/70 2.4it/s 12.4s<17.1s
[K       2/55      7.97G      1.317      1.485      1.437        324        640: 42% ━━━━━─────── 30/70 2.4it/s 12.8s<16.7s
[K       2/55      7.97G      1.315       1.48      1.433        307        640: 44% ━━━━━─────── 31/70 2.4it/s 13.2s<16.3s
[K       2/55      7.97G      1.314      1.476      1.431        411        640: 45% ━━━━━─────── 32/70 2.4it/s 13.6s<15.8s
[K       2/55      7.97G      1.312      1.477      1.432        323        640: 47% ━━━━━╸────── 33/70 2.4it/s 14.0s<15.4s
[K       2/55      7.97G      1.312      1.476      1.433        300        640: 48% ━━━━━╸────── 34/70 2.4it/s 14.5s<15.0s
[K       2/55      7.97G      1.312      1.474      1.434        399        640: 50% ━━━━━━────── 35/70 2.4it/s 14.9s<14.5s
[K       2/55      7.98G      1.309      1.469      1.433        279        640: 51% ━━━━━━────── 36/70 2.4it/s 15.3s<14.2s
[K       2/55      7.98G       1.31       1.47      1.435        341        640: 52% ━━━━━━────── 37/70 2.4it/s 15.7s<13.7s
[K       2/55      7.98G      1.307      1.467      1.434        312        640: 54% ━━━━━━╸───── 38/70 2.4it/s 16.1s<13.4s
[K       2/55      7.98G       1.31      1.468      1.435        494        640: 55% ━━━━━━╸───── 39/70 2.4it/s 16.5s<12.9s
[K       2/55      7.98G      1.309      1.466      1.434        360        640: 57% ━━━━━━╸───── 40/70 2.4it/s 17.0s<12.6s
[K       2/55      7.98G      1.309      1.465      1.434        427        640: 58% ━━━━━━━───── 41/70 2.4it/s 17.4s<12.1s
[K       2/55      7.98G      1.308      1.467      1.433        360        640: 60% ━━━━━━━───── 42/70 2.4it/s 17.8s<11.7s
[K       2/55      7.98G      1.306      1.467      1.433        328        640: 61% ━━━━━━━───── 43/70 2.4it/s 18.2s<11.3s
[K       2/55      7.98G      1.309      1.469      1.433        425        640: 62% ━━━━━━━╸──── 44/70 2.4it/s 18.7s<11.0s
[K       2/55      7.98G      1.309      1.471      1.434        329        640: 64% ━━━━━━━╸──── 45/70 2.4it/s 19.1s<10.5s
[K       2/55      7.98G      1.312      1.472      1.437        352        640: 65% ━━━━━━━╸──── 46/70 2.4it/s 19.5s<10.2s
[K       2/55      7.98G      1.314      1.474      1.438        325        640: 67% ━━━━━━━━──── 47/70 2.4it/s 19.9s<9.7s
[K       2/55      7.98G      1.312      1.474      1.437        326        640: 68% ━━━━━━━━──── 48/70 2.3it/s 20.4s<9.4s
[K       2/55      7.98G      1.312      1.468      1.434        516        640: 70% ━━━━━━━━──── 49/70 2.4it/s 20.8s<8.9s
[K       2/55      7.98G      1.312      1.467      1.434        347        640: 71% ━━━━━━━━╸─── 50/70 2.3it/s 21.2s<8.5s
[K       2/55      7.98G      1.312      1.464      1.432        385        640: 72% ━━━━━━━━╸─── 51/70 2.4it/s 21.6s<8.1s
[K       2/55      7.98G      1.313      1.464      1.433        361        640: 74% ━━━━━━━━╸─── 52/70 2.3it/s 22.1s<7.7s
[K       2/55      7.98G      1.311       1.46      1.432        322        640: 75% ━━━━━━━━━─── 53/70 2.4it/s 22.5s<7.2s
[K       2/55      7.98G      1.309      1.459      1.432        299        640: 77% ━━━━━━━━━─── 54/70 2.3it/s 22.9s<6.8s
[K       2/55      7.98G      1.309       1.46      1.433        295        640: 78% ━━━━━━━━━─── 55/70 2.4it/s 23.3s<6.3s
[K       2/55      7.98G      1.309       1.46      1.432        339        640: 80% ━━━━━━━━━╸── 56/70 2.3it/s 23.8s<6.0s
[K       2/55      7.98G      1.312      1.463      1.434        404        640: 81% ━━━━━━━━━╸── 57/70 2.3it/s 24.2s<5.6s
[K       2/55      7.98G      1.313      1.464      1.434        455        640: 82% ━━━━━━━━━╸── 58/70 2.3it/s 24.6s<5.2s
[K       2/55      7.98G      1.313       1.46      1.433        518        640: 84% ━━━━━━━━━━── 59/70 2.3it/s 25.1s<4.7s
[K       2/55      7.98G      1.312      1.458      1.432        299        640: 85% ━━━━━━━━━━── 60/70 2.3it/s 25.5s<4.3s
[K       2/55      7.98G      1.313      1.458      1.433        346        640: 87% ━━━━━━━━━━── 61/70 2.3it/s 25.9s<3.8s
[K       2/55      7.98G      1.314      1.458      1.434        373        640: 88% ━━━━━━━━━━╸─ 62/70 2.3it/s 26.4s<3.5s
[K       2/55      7.98G      1.315      1.457      1.434        333        640: 90% ━━━━━━━━━━╸─ 63/70 2.3it/s 26.8s<3.0s
[K       2/55      7.98G      1.317      1.457      1.435        428        640: 91% ━━━━━━━━━━╸─ 64/70 2.3it/s 27.2s<2.6s
[K       2/55      7.98G      1.315      1.453      1.433        364        640: 92% ━━━━━━━━━━━─ 65/70 2.3it/s 27.6s<2.1s
[K       2/55      7.98G      1.312       1.45      1.432        297        640: 94% ━━━━━━━━━━━─ 66/70 2.3it/s 28.1s<1.7s
[K       2/55      7.98G      1.311      1.449      1.433        271        640: 95% ━━━━━━━━━━━─ 67/70 2.3it/s 28.5s<1.3s
[K       2/55      7.98G       1.31      1.447      1.432        315        640: 97% ━━━━━━━━━━━╸ 68/70 2.3it/s 28.9s<0.9s
[K       2/55      7.98G       1.31      1.445      1.431        467        640: 98% ━━━━━━━━━━━╸ 69/70 2.3it/s 29.4s<0.4s
[K       2/55      7.98G       1.31      1.445      1.431        467        640: 100% ━━━━━━━━━━━━ 70/70 2.4it/s 29.4s

[K                 Class     Images  Instances      Box(P          R      mAP50  mAP50-95): 20% ━━────────── 1/5 1.6s/it 0.5s<6.4s
[K                 Class     Images  Instances      Box(P          R      mAP50  mAP50-95): 40% ━━━━╸─────── 2/5 1.1it/s 1.0s<2.8s
[K                 Class     Images  Instances      Box(P          R      mAP50  mAP50-95): 60% ━━━━━━━───── 3/5 1.4it/s 1.4s<1.4s
[K                 Class     Images  Instances      Box(P          R      mAP50  mAP50-95): 80% ━━━━━━━━━╸── 4/5 1.6it/s 1.9s<0.6s
[K                 Class     Images  Instances      Box(P          R      mAP50  mAP50-95): 100% ━━━━━━━━━━━━ 5/5 2.1it/s 2.3s
                   all        280       3554       0.67      0.508      0.547        0.3

      Epoch    GPU_mem   box_loss   cls_loss   dfl_loss  Instances       Size

[K       3/64      8.04G      1.356      1.422      1.383        431        640: 0% ──────────── 0/70  0.4s
[K       3/64      8.04G       1.38      1.508       1.43        457        640: 1% ──────────── 1/70 1.4s/it 0.9s<1:39
[K       3/64      8.04G      1.339      1.455      1.418        323        640: 2% ──────────── 2/70 1.2it/s 1.3s<58.6s
[K       3/64      8.04G      1.317      1.415      1.397        375        640: 4% ╸─────────── 3/70 1.5it/s 1.7s<44.2s
[K       3/64      8.04G      1.362      1.467      1.425        481        640: 5% ╸─────────── 4/70 1.7it/s 2.2s<38.1s
[K       3/64      8.04G      1.359      1.456      1.426        397        640: 7% ╸─────────── 5/70 1.9it/s 2.6s<33.8s
[K       3/64      8.04G       1.34       1.46      1.427        328        640: 8% ━─────────── 6/70 2.0it/s 3.0s<31.6s
[K       3/64      8.04G      1.321      1.427      1.413        415        640: 10% ━─────────── 7/70 2.1it/s 3.5s<29.8s
[K       3/64      8.04G      1.316      1.408       1.41        338        640: 11% ━─────────── 8/70 2.2it/s 3.9s<28.8s
[K       3/64      8.04G      1.312      1.398      1.406        405        640: 12% ━╸────────── 9/70 2.2it/s 4.3s<27.6s
[K       3/64      8.04G      1.321      1.412      1.414        375        640: 14% ━╸────────── 10/70 2.2it/s 4.8s<27.1s
[K       3/64      8.04G      1.315      1.404      1.409        340        640: 15% ━╸────────── 11/70 2.2it/s 5.2s<26.3s
[K       3/64      8.04G      1.311       1.39      1.405        491        640: 17% ━━────────── 12/70 2.2it/s 5.7s<25.9s
[K       3/64      8.04G      1.329      1.405      1.416        503        640: 18% ━━────────── 13/70 2.3it/s 6.1s<25.2s
[K       3/64      8.04G      1.323      1.402      1.416        411        640: 20% ━━────────── 14/70 2.3it/s 6.6s<24.9s
[K       3/64      8.04G      1.324      1.406      1.418        335        640: 21% ━━╸───────── 15/70 2.3it/s 7.0s<24.3s
[K       3/64      8.04G      1.315      1.411      1.417        255        640: 22% ━━╸───────── 16/70 2.2it/s 7.4s<24.0s
[K       3/64      8.04G      1.318      1.408      1.419        482        640: 24% ━━╸───────── 17/70 2.3it/s 7.9s<23.5s
[K       3/64      8.04G      1.322      1.409      1.419        544        640: 25% ━━━───────── 18/70 2.2it/s 8.4s<23.6s
[K       3/64      8.04G      1.332      1.418      1.424        602        640: 27% ━━━───────── 19/70 2.2it/s 8.8s<22.9s
[K       3/64      8.04G      1.333       1.42      1.424        374        640: 28% ━━━───────── 20/70 2.2it/s 9.3s<22.6s
[K       3/64      8.04G      1.329      1.419      1.423        377        640: 30% ━━━╸──────── 21/70 2.2it/s 9.7s<21.8s
[K       3/64      8.04G      1.329      1.413      1.421        381        640: 31% ━━━╸──────── 22/70 2.2it/s 10.2s<21.6s
[K       3/64      8.04G      1.332      1.412      1.423        299        640: 32% ━━━╸──────── 23/70 2.2it/s 10.6s<20.9s
[K       3/64      8.04G      1.321      1.406      1.417        249        640: 34% ━━━━──────── 24/70 2.2it/s 11.0s<20.6s
[K       3/64      8.04G      1.318      1.406      1.416        429        640: 35% ━━━━──────── 25/70 2.3it/s 11.5s<20.0s
[K       3/64      8.04G      1.316      1.402      1.416        336        640: 37% ━━━━──────── 26/70 2.2it/s 11.9s<19.7s
[K       3/64      8.04G       1.32      1.409      1.418        394        640: 38% ━━━━╸─────── 27/70 2.3it/s 12.4s<19.1s
[K       3/64      8.04G      1.321      1.404      1.418        398        640: 40% ━━━━╸─────── 28/70 2.2it/s 12.8s<19.0s
[K       3/64      8.04G      1.319      1.405      1.417        438        640: 41% ━━━━╸─────── 29/70 2.2it/s 13.3s<18.3s
[K       3/64      8.04G      1.318      1.402      1.415        381        640: 42% ━━━━━─────── 30/70 2.2it/s 13.7s<18.1s
[K       3/64      8.04G      1.322      1.403      1.416        447        640: 44% ━━━━━─────── 31/70 2.2it/s 14.2s<17.6s
[K       3/64      8.04G      1.323      1.404      1.417        358        640: 45% ━━━━━─────── 32/70 2.2it/s 14.7s<17.2s
[K       3/64      8.04G      1.325      1.403      1.416        595        640: 47% ━━━━━╸────── 33/70 2.2it/s 15.1s<16.7s
[K       3/64      8.04G       1.33      1.408      1.421        345        640: 48% ━━━━━╸────── 34/70 2.2it/s 15.6s<16.4s
[K       3/64      8.04G      1.328        1.4      1.417        418        640: 50% ━━━━━━────── 35/70 2.2it/s 16.0s<15.9s
[K       3/64      8.04G       1.33      1.406      1.421        310        640: 51% ━━━━━━────── 36/70 2.2it/s 16.5s<15.6s
[K       3/64      8.04G      1.331      1.409      1.422        415        640: 52% ━━━━━━────── 37/70 2.2it/s 16.9s<15.0s
[K       3/64      8.04G      1.333      1.411      1.423        476        640: 54% ━━━━━━╸───── 38/70 2.2it/s 17.4s<14.6s
[K       3/64      8.04G      1.333      1.413      1.424        302        640: 55% ━━━━━━╸───── 39/70 2.2it/s 17.8s<14.1s
[K       3/64      8.04G      1.333      1.414      1.424        412        640: 57% ━━━━━━╸───── 40/70 2.2it/s 18.3s<13.9s
[K       3/64      8.04G      1.335      1.417      1.426        339        640: 58% ━━━━━━━───── 41/70 2.2it/s 18.8s<13.3s
[K       3/64      8.04G      1.333      1.415      1.425        383        640: 60% ━━━━━━━───── 42/70 2.2it/s 19.2s<12.9s
[K       3/64      8.04G      1.331      1.413      1.424        296        640: 61% ━━━━━━━───── 43/70 2.2it/s 19.7s<12.4s
[K       3/64      8.04G      1.332      1.414      1.427        311        640: 62% ━━━━━━━╸──── 44/70 2.2it/s 20.2s<12.1s
[K       3/64      8.04G      1.329      1.414      1.426        282        640: 64% ━━━━━━━╸──── 45/70 2.2it/s 20.6s<11.6s
[K       3/64      8.04G      1.329      1.416      1.426        273        640: 65% ━━━━━━━╸──── 46/70 2.2it/s 21.1s<11.2s
[K       3/64      8.04G      1.328      1.417      1.426        324        640: 67% ━━━━━━━━──── 47/70 2.2it/s 21.5s<10.6s
[K       3/64      8.04G      1.327      1.415      1.425        325        640: 68% ━━━━━━━━──── 48/70 2.2it/s 22.0s<10.1s
[K       3/64      8.04G      1.328      1.415      1.425        414        640: 70% ━━━━━━━━──── 49/70 2.2it/s 22.5s<9.6s
[K       3/64      8.04G      1.329      1.418      1.426        483        640: 71% ━━━━━━━━╸─── 50/70 2.2it/s 22.9s<9.3s
[K       3/64      8.04G      1.329      1.419      1.427        349        640: 72% ━━━━━━━━╸─── 51/70 2.2it/s 23.4s<8.7s
[K       3/64      8.04G      1.329      1.421      1.428        300        640: 74% ━━━━━━━━╸─── 52/70 2.2it/s 23.9s<8.3s
[K       3/64      8.04G       1.33      1.419      1.428        357        640: 75% ━━━━━━━━━─── 53/70 2.2it/s 24.3s<7.8s
[K       3/64      8.04G      1.327      1.417      1.427        281        640: 77% ━━━━━━━━━─── 54/70 2.2it/s 24.8s<7.4s
[K       3/64      8.04G      1.328       1.42      1.428        322        640: 78% ━━━━━━━━━─── 55/70 2.2it/s 25.2s<6.8s
[K       3/64      8.04G       1.33      1.421       1.43        323        640: 80% ━━━━━━━━━╸── 56/70 2.2it/s 25.7s<6.4s
[K       3/64      8.04G       1.33       1.42      1.429        264        640: 81% ━━━━━━━━━╸── 57/70 2.2it/s 26.1s<5.9s
[K       3/64      8.04G      1.329       1.42      1.429        289        640: 82% ━━━━━━━━━╸── 58/70 2.2it/s 26.6s<5.5s
[K       3/64      8.04G      1.331      1.425      1.433        315        640: 84% ━━━━━━━━━━── 59/70 2.2it/s 27.0s<5.0s
[K       3/64      8.04G      1.333      1.425      1.432        381        640: 85% ━━━━━━━━━━── 60/70 2.2it/s 27.5s<4.6s
[K       3/64      8.04G      1.332      1.424      1.431        460        640: 87% ━━━━━━━━━━── 61/70 2.2it/s 28.0s<4.1s
[K       3/64      8.04G      1.333      1.428      1.433        424        640: 88% ━━━━━━━━━━╸─ 62/70 2.2it/s 28.4s<3.7s
[K       3/64      8.04G      1.334      1.428      1.434        329        640: 90% ━━━━━━━━━━╸─ 63/70 2.2it/s 28.9s<3.2s
[K       3/64      8.04G      1.332      1.427      1.433        259        640: 91% ━━━━━━━━━━╸─ 64/70 2.2it/s 29.3s<2.7s
[K       3/64      8.04G      1.335      1.429      1.434        469        640: 92% ━━━━━━━━━━━─ 65/70 2.2it/s 29.8s<2.2s
[K       3/64      8.04G      1.335      1.429      1.433        408        640: 94% ━━━━━━━━━━━─ 66/70 2.2it/s 30.2s<1.8s
[K       3/64      8.04G      1.336      1.432      1.434        384        640: 95% ━━━━━━━━━━━─ 67/70 2.3it/s 30.6s<1.3s
[K       3/64      8.04G      1.336      1.431      1.434        338        640: 97% ━━━━━━━━━━━╸ 68/70 2.2it/s 31.1s<0.9s
[K       3/64      8.04G      1.337      1.434      1.435        417        640: 98% ━━━━━━━━━━━╸ 69/70 2.3it/s 31.5s<0.4s
[K       3/64      8.04G      1.337      1.434      1.435        417        640: 100% ━━━━━━━━━━━━ 70/70 2.2it/s 31.5s

[K                 Class     Images  Instances      Box(P          R      mAP50  mAP50-95): 20% ━━────────── 1/5 1.8s/it 0.5s<7.1s
[K                 Class     Images  Instances      Box(P          R      mAP50  mAP50-95): 40% ━━━━╸─────── 2/5 1.0s/it 1.1s<3.1s
[K                 Class     Images  Instances      Box(P          R      mAP50  mAP50-95): 60% ━━━━━━━───── 3/5 1.3it/s 1.6s<1.6s
[K                 Class     Images  Instances      Box(P          R      mAP50  mAP50-95): 80% ━━━━━━━━━╸── 4/5 1.5it/s 2.1s<0.7s
[K                 Class     Images  Instances      Box(P          R      mAP50  mAP50-95): 100% ━━━━━━━━━━━━ 5/5 1.9it/s 2.6s
                   all        280       3554       0.59      0.383      0.415      0.212

      Epoch    GPU_mem   box_loss   cls_loss   dfl_loss  Instances       Size

[K       4/67      8.07G      1.293      1.462      1.416        272        640: 0% ──────────── 0/70  0.4s
[K       4/67      8.07G      1.334      1.469      1.403        478        640: 1% ──────────── 1/70 1.4s/it 0.9s<1:37
[K       4/67      8.07G      1.326       1.44      1.413        346        640: 2% ──────────── 2/70 1.2it/s 1.3s<58.1s
[K       4/67      8.07G      1.326        1.4      1.408        412        640: 4% ╸─────────── 3/70 1.5it/s 1.7s<43.9s
[K       4/67      8.07G       1.34      1.415      1.418        401        640: 5% ╸─────────── 4/70 1.7it/s 2.2s<37.7s
[K       4/67      8.07G       1.37      1.445       1.43        429        640: 7% ╸─────────── 5/70 1.9it/s 2.6s<33.6s
[K       4/67      8.07G      1.359      1.467      1.439        217        640: 8% ━─────────── 6/70 2.0it/s 3.0s<31.6s
[K       4/67      8.07G      1.363      1.447      1.436        391        640: 10% ━─────────── 7/70 2.1it/s 3.4s<29.4s
[K       4/67      8.07G      1.361      1.447       1.44        348        640: 11% ━─────────── 8/70 2.2it/s 3.9s<28.4s
[K       4/67      8.07G      1.357      1.437       1.44        321        640: 12% ━╸────────── 9/70 2.3it/s 4.3s<27.0s
[K       4/67      8.07G      1.357      1.437      1.437        336        640: 14% ━╸────────── 10/70 2.3it/s 4.7s<26.5s
[K       4/67      8.07G      1.356      1.445      1.441        344        640: 15% ━╸────────── 11/70 2.3it/s 5.2s<25.6s
[K       4/67      8.07G      1.348      1.444      1.439        340        640: 17% ━━────────── 12/70 2.3it/s 5.6s<25.2s
[K       4/67      8.07G      1.353      1.454      1.444        297        640: 18% ━━────────── 13/70 2.3it/s 6.0s<24.4s
[K       4/67      8.07G       1.36      1.456      1.449        349        640: 20% ━━────────── 14/70 2.3it/s 6.4s<24.1s
[K       4/67      8.07G      1.361       1.46      1.451        403        640: 21% ━━╸───────── 15/70 2.3it/s 6.9s<23.5s
[K       4/67      8.07G      1.363       1.47      1.455        408        640: 22% ━━╸───────── 16/70 2.3it/s 7.3s<23.2s
[K       4/67      8.07G      1.359      1.473      1.454        326        640: 24% ━━╸───────── 17/70 2.4it/s 7.7s<22.4s
[K       4/67      8.07G      1.358      1.479      1.456        306        640: 25% ━━━───────── 18/70 2.3it/s 8.1s<22.2s
[K       4/67      8.07G      1.356      1.478      1.458        327        640: 27% ━━━───────── 19/70 2.4it/s 8.6s<21.6s
[K       4/67      8.07G      1.355      1.473      1.455        386        640: 28% ━━━───────── 20/70 2.3it/s 9.0s<21.4s
[K       4/67      8.07G      1.358      1.482      1.462        286        640: 30% ━━━╸──────── 21/70 2.4it/s 9.4s<20.8s
[K       4/67      8.07G      1.354      1.473      1.459        359        640: 31% ━━━╸──────── 22/70 2.3it/s 9.8s<20.5s
[K       4/67      8.07G      1.356      1.472      1.458        430        640: 32% ━━━╸──────── 23/70 2.4it/s 10.3s<19.9s
[K       4/67      8.07G      1.354      1.472      1.456        332        640: 34% ━━━━──────── 24/70 2.3it/s 10.7s<19.7s
[K       4/67      8.07G      1.351      1.477      1.457        285        640: 35% ━━━━──────── 25/70 2.4it/s 11.1s<19.0s
[K       4/67      8.07G      1.348      1.471      1.453        353        640: 37% ━━━━──────── 26/70 2.3it/s 11.5s<18.8s
[K       4/67      8.07G      1.344      1.467      1.451        357        640: 38% ━━━━╸─────── 27/70 2.4it/s 12.0s<18.2s
[K       4/67      8.07G      1.341      1.466      1.449        342        640: 40% ━━━━╸─────── 28/70 2.3it/s 12.4s<17.9s
[K       4/67      8.07G      1.346      1.472      1.456        310        640: 41% ━━━━╸─────── 29/70 2.4it/s 12.8s<17.4s
[K       4/67      8.07G      1.346      1.468      1.454        388        640: 42% ━━━━━─────── 30/70 2.3it/s 13.3s<17.3s
[K       4/67      8.07G      1.344      1.465      1.452        389        640: 44% ━━━━━─────── 31/70 2.3it/s 13.7s<16.7s
[K       4/67      8.07G      1.339      1.463      1.451        326        640: 45% ━━━━━─────── 32/70 2.3it/s 14.1s<16.3s
[K       4/67      8.07G      1.337      1.461      1.449        338        640: 47% ━━━━━╸────── 33/70 2.4it/s 14.5s<15.7s
[K       4/67      8.07G      1.336      1.459       1.45        319        640: 48% ━━━━━╸────── 34/70 2.3it/s 15.0s<15.3s
[K       4/67      8.07G      1.336      1.459      1.449        429        640: 50% ━━━━━━────── 35/70 2.4it/s 15.4s<14.8s
[K       4/67      8.07G      1.339      1.459      1.451        351        640: 51% ━━━━━━────── 36/70 2.4it/s 15.8s<14.4s
[K       4/67      8.07G      1.342      1.463      1.453        401        640: 52% ━━━━━━────── 37/70 2.4it/s 16.2s<13.9s
[K       4/67      8.07G      1.344      1.465      1.456        288        640: 54% ━━━━━━╸───── 38/70 2.4it/s 16.7s<13.6s
[K       4/67      8.07G       1.34      1.462      1.454        293        640: 55% ━━━━━━╸───── 39/70 2.4it/s 17.1s<13.1s
[K       4/67      8.07G      1.344      1.467      1.457        469        640: 57% ━━━━━━╸───── 40/70 2.3it/s 17.5s<12.8s
[K       4/67      8.07G      1.344      1.466      1.456        360        640: 58% ━━━━━━━───── 41/70 2.4it/s 17.9s<12.2s
[K       4/67      8.07G      1.345      1.464      1.457        455        640: 60% ━━━━━━━───── 42/70 2.3it/s 18.4s<11.9s
[K       4/67      8.07G      1.347      1.466      1.458        413        640: 61% ━━━━━━━───── 43/70 2.4it/s 18.8s<11.4s
[K       4/67      8.07G       1.35      1.469       1.46        348        640: 62% ━━━━━━━╸──── 44/70 2.3it/s 19.2s<11.1s
[K       4/67      8.07G      1.349      1.468       1.46        300        640: 64% ━━━━━━━╸──── 45/70 2.4it/s 19.6s<10.6s
[K       4/67      8.07G      1.349      1.468      1.461        315        640: 65% ━━━━━━━╸──── 46/70 2.3it/s 20.1s<10.3s
[K       4/67      8.07G      1.347      1.465       1.46        357        640: 67% ━━━━━━━━──── 47/70 2.4it/s 20.5s<9.8s
[K       4/67      8.07G      1.344      1.461      1.458        293        640: 68% ━━━━━━━━──── 48/70 2.3it/s 20.9s<9.4s
[K       4/67      8.07G      1.342      1.462      1.458        308        640: 70% ━━━━━━━━──── 49/70 2.4it/s 21.3s<8.9s
[K       4/67      8.07G      1.342      1.461      1.459        317        640: 71% ━━━━━━━━╸─── 50/70 2.4it/s 21.8s<8.5s
[K       4/67      8.07G      1.343      1.462       1.46        322        640: 72% ━━━━━━━━╸─── 51/70 2.4it/s 22.2s<8.1s
[K       4/67      8.07G      1.343      1.462       1.46        346        640: 74% ━━━━━━━━╸─── 52/70 2.3it/s 22.6s<7.7s
[K       4/67      8.07G      1.344      1.462       1.46        549        640: 75% ━━━━━━━━━─── 53/70 2.4it/s 23.0s<7.2s
[K       4/67      8.07G      1.345      1.462      1.461        494        640: 77% ━━━━━━━━━─── 54/70 2.3it/s 23.5s<6.9s
[K       4/67      8.07G      1.347      1.463      1.462        391        640: 78% ━━━━━━━━━─── 55/70 2.4it/s 23.9s<6.4s
[K       4/67      8.07G      1.349      1.463      1.462        462        640: 80% ━━━━━━━━━╸── 56/70 2.3it/s 24.3s<6.0s
[K       4/67      8.07G       1.35      1.464      1.462        482        640: 81% ━━━━━━━━━╸── 57/70 2.4it/s 24.7s<5.5s
[K       4/67      8.07G      1.349      1.464      1.461        340        640: 82% ━━━━━━━━━╸── 58/70 2.3it/s 25.2s<5.1s
[K       4/67      8.07G      1.349      1.463      1.462        410        640: 84% ━━━━━━━━━━── 59/70 2.4it/s 25.6s<4.7s
[K       4/67      8.07G      1.349      1.464      1.462        361        640: 85% ━━━━━━━━━━── 60/70 2.3it/s 26.0s<4.3s
[K       4/67      8.07G      1.348      1.462      1.462        287        640: 87% ━━━━━━━━━━── 61/70 2.4it/s 26.4s<3.8s
[K       4/67      8.07G      1.349      1.461      1.462        444        640: 88% ━━━━━━━━━━╸─ 62/70 2.3it/s 26.9s<3.4s
[K       4/67      8.07G      1.351      1.462      1.463        513        640: 90% ━━━━━━━━━━╸─ 63/70 2.4it/s 27.3s<3.0s
[K       4/67      8.07G       1.35      1.461      1.462        369        640: 91% ━━━━━━━━━━╸─ 64/70 2.3it/s 27.7s<2.6s
[K       4/67      8.07G       1.35      1.461      1.462        340        640: 92% ━━━━━━━━━━━─ 65/70 2.4it/s 28.1s<2.1s
[K       4/67      8.07G      1.352      1.462      1.463        542        640: 94% ━━━━━━━━━━━─ 66/70 2.3it/s 28.6s<1.7s
[K       4/67      8.07G      1.353      1.464      1.464        391        640: 95% ━━━━━━━━━━━─ 67/70 2.4it/s 29.0s<1.3s
[K       4/67      8.07G      1.353      1.464      1.464        382        640: 97% ━━━━━━━━━━━╸ 68/70 2.3it/s 29.4s<0.9s
[K       4/67      8.07G      1.354      1.465      1.464        464        640: 98% ━━━━━━━━━━━╸ 69/70 2.4it/s 29.8s<0.4s
[K       4/67      8.07G      1.354      1.465      1.464        464        640: 100% ━━━━━━━━━━━━ 70/70 2.3it/s 29.8s

[K                 Class     Images  Instances      Box(P          R      mAP50  mAP50-95): 20% ━━────────── 1/5 1.5s/it 0.5s<6.1s
[K                 Class     Images  Instances      Box(P          R      mAP50  mAP50-95): 40% ━━━━╸─────── 2/5 1.1it/s 0.9s<2.7s
[K                 Class     Images  Instances      Box(P          R      mAP50  mAP50-95): 60% ━━━━━━━───── 3/5 1.5it/s 1.3s<1.4s
[K                 Class     Images  Instances      Box(P          R      mAP50  mAP50-95): 80% ━━━━━━━━━╸── 4/5 1.7it/s 1.8s<0.6s
[K                 Class     Images  Instances      Box(P          R      mAP50  mAP50-95): 100% ━━━━━━━━━━━━ 5/5 2.2it/s 2.2s
                   all        280       3554      0.592      0.423      0.427      0.217

      Epoch    GPU_mem   box_loss   cls_loss   dfl_loss  Instances       Size

[K       5/69      8.03G      1.267      1.455      1.404        343        640: 0% ──────────── 0/70  0.4s
[K       5/69      8.03G      1.279       1.38       1.44        289        640: 1% ──────────── 1/70 1.4s/it 0.8s<1:36
[K       5/69      8.03G      1.311      1.414       1.46        351        640: 2% ──────────── 2/70 1.2it/s 1.3s<56.9s
[K       5/69      8.03G       1.32      1.407      1.443        457        640: 4% ╸─────────── 3/70 1.6it/s 1.7s<43.1s
[K       5/69      8.03G      1.337      1.433      1.437        302        640: 5% ╸─────────── 4/70 1.8it/s 2.1s<36.8s
[K       5/69      8.03G      1.362      1.467      1.451        452        640: 7% ╸─────────── 5/70 2.0it/s 2.5s<33.2s
[K       5/69      8.03G      1.372      1.491      1.459        354        640: 8% ━─────────── 6/70 2.1it/s 3.0s<31.2s
[K       5/69      8.03G      1.374      1.482      1.464        329        640: 10% ━─────────── 7/70 2.2it/s 3.4s<29.1s
[K       5/69      8.03G       1.38      1.492      1.478        330        640: 11% ━─────────── 8/70 2.2it/s 3.8s<28.1s
[K       5/69      8.03G      1.395      1.519      1.487        425        640: 12% ━╸────────── 9/70 2.3it/s 4.2s<26.9s
[K       5/69      8.03G      1.406      1.526      1.497        368        640: 14% ━╸────────── 10/70 2.3it/s 4.7s<26.5s
[K       5/69      8.03G      1.404      1.524      1.496        427        640: 15% ━╸────────── 11/70 2.3it/s 5.1s<25.6s
[K       5/69      8.03G      1.413      1.518      1.499        450        640: 17% ━━────────── 12/70 2.3it/s 5.6s<25.4s
[K       5/69      8.03G      1.405      1.522      1.494        264        640: 18% ━━────────── 13/70 2.3it/s 6.0s<24.6s
[K       5/69      8.03G      1.416       1.52      1.495        361        640: 20% ━━────────── 14/70 2.3it/s 6.4s<24.3s
[K       5/69      8.03G      1.428      1.528      1.502        544        640: 21% ━━╸───────── 15/70 2.3it/s 6.8s<23.6s
[K       5/69      8.03G      1.416      1.523      1.495        315        640: 22% ━━╸───────── 16/70 2.3it/s 7.3s<23.2s
[K       5/69      8.03G      1.416      1.517      1.496        401        640: 24% ━━╸───────── 17/70 2.4it/s 7.7s<22.5s
[K       5/69      8.03G      1.415      1.518      1.495        269        640: 25% ━━━───────── 18/70 2.3it/s 8.1s<22.3s
[K       5/69      8.03G      1.418      1.516      1.497        430        640: 27% ━━━───────── 19/70 2.4it/s 8.5s<21.6s
[K       5/69      8.03G      1.421      1.513      1.499        319        640: 28% ━━━───────── 20/70 2.3it/s 9.0s<21.4s
[K       5/69      8.03G      1.417      1.513      1.499        324        640: 30% ━━━╸──────── 21/70 2.4it/s 9.4s<20.8s
[K       5/69      8.03G      1.412      1.509      1.496        392        640: 31% ━━━╸──────── 22/70 2.3it/s 9.8s<20.6s
[K       5/69      8.03G      1.405      1.502      1.493        331        640: 32% ━━━╸──────── 23/70 2.3it/s 10.2s<20.0s
[K       5/69      8.03G      1.408      1.505      1.495        387        640: 34% ━━━━──────── 24/70 2.3it/s 10.7s<19.9s
[K       5/69      8.03G      1.407      1.515      1.496        344        640: 35% ━━━━──────── 25/70 2.3it/s 11.1s<19.2s
[K       5/69      8.03G       1.41      1.523      1.498        525        640: 37% ━━━━──────── 26/70 2.3it/s 11.5s<18.9s
[K       5/69      8.03G       1.41      1.518      1.497        514        640: 38% ━━━━╸─────── 27/70 2.3it/s 12.0s<18.5s
[K       5/69      8.03G      1.408      1.518      1.495        369        640: 40% ━━━━╸─────── 28/70 2.3it/s 12.4s<18.2s
[K       5/69      8.03G      1.406      1.518      1.494        351        640: 41% ━━━━╸─────── 29/70 2.3it/s 12.8s<17.5s
[K       5/69      8.03G      1.406       1.52      1.495        303        640: 42% ━━━━━─────── 30/70 2.3it/s 13.3s<17.3s
[K       5/69      8.03G      1.406      1.524      1.497        295        640: 44% ━━━━━─────── 31/70 2.3it/s 13.7s<16.7s
[K       5/69      8.03G      1.401      1.526      1.497        272        640: 45% ━━━━━─────── 32/70 2.3it/s 14.1s<16.4s
[K       5/69      8.03G      1.402      1.529      1.498        366        640: 47% ━━━━━╸────── 33/70 2.3it/s 14.6s<15.9s
[K       5/69      8.03G      1.399       1.53      1.498        351        640: 48% ━━━━━╸────── 34/70 2.3it/s 15.0s<15.6s
[K       5/69      8.03G      1.402      1.535      1.499        303        640: 50% ━━━━━━────── 35/70 2.3it/s 15.4s<15.1s
[K       5/69      8.03G      1.401      1.534      1.499        425        640: 51% ━━━━━━────── 36/70 2.3it/s 15.9s<14.8s
[K       5/69      8.03G      1.397      1.531      1.496        343        640: 52% ━━━━━━────── 37/70 2.3it/s 16.3s<14.2s
[K       5/69      8.03G      1.397      1.535      1.497        261        640: 54% ━━━━━━╸───── 38/70 2.3it/s 16.7s<14.0s
[K       5/69      8.03G      1.398      1.537      1.497        425        640: 55% ━━━━━━╸───── 39/70 2.3it/s 17.2s<13.5s
[K       5/69      8.03G      1.396      1.533      1.495        372        640: 57% ━━━━━━╸───── 40/70 2.3it/s 17.6s<13.2s
[K       5/69      8.03G      1.398      1.535      1.497        310        640: 58% ━━━━━━━───── 41/70 2.3it/s 18.0s<12.6s
[K       5/69      8.03G      1.396      1.531      1.495        406        640: 60% ━━━━━━━───── 42/70 2.3it/s 18.5s<12.3s
[K       5/69      8.03G      1.392      1.525      1.493        347        640: 61% ━━━━━━━───── 43/70 2.3it/s 18.9s<11.8s
[K       5/69      8.03G      1.394      1.528      1.493        466        640: 62% ━━━━━━━╸──── 44/70 2.3it/s 19.4s<11.5s
[K       5/69      8.03G      1.392      1.526      1.493        285        640: 64% ━━━━━━━╸──── 45/70 2.3it/s 19.8s<11.0s
[K       5/69      8.03G      1.391      1.524      1.492        376        640: 65% ━━━━━━━╸──── 46/70 2.3it/s 20.3s<10.7s
[K       5/69      8.03G      1.391      1.524      1.491        433        640: 67% ━━━━━━━━──── 47/70 2.3it/s 20.7s<10.1s
[K       5/69      8.03G      1.388      1.521      1.489        337        640: 68% ━━━━━━━━──── 48/70 2.3it/s 21.1s<9.7s
[K       5/69      8.03G      1.389      1.525      1.492        268        640: 70% ━━━━━━━━──── 49/70 2.3it/s 21.6s<9.3s
[K       5/69      8.03G      1.392      1.528      1.493        385        640: 71% ━━━━━━━━╸─── 50/70 2.3it/s 22.0s<8.9s
[K       5/69      8.03G       1.39      1.528      1.493        312        640: 72% ━━━━━━━━╸─── 51/70 2.3it/s 22.5s<8.4s
[K       5/69      8.03G      1.388      1.524      1.491        344        640: 74% ━━━━━━━━╸─── 52/70 2.2it/s 22.9s<8.0s
[K       5/69      8.03G      1.386      1.523      1.489        304        640: 75% ━━━━━━━━━─── 53/70 2.3it/s 23.4s<7.5s
[K       5/69      8.03G      1.387      1.523       1.49        348        640: 77% ━━━━━━━━━─── 54/70 2.2it/s 23.8s<7.1s
[K       5/69      8.03G       1.39      1.525      1.491        473        640: 78% ━━━━━━━━━─── 55/70 2.3it/s 24.3s<6.7s
[K       5/69      8.03G      1.389      1.521       1.49        347        640: 80% ━━━━━━━━━╸── 56/70 2.2it/s 24.7s<6.3s
[K       5/69      8.03G      1.388      1.523       1.49        312        640: 81% ━━━━━━━━━╸── 57/70 2.2it/s 25.1s<5.8s
[K       5/69      8.03G      1.388      1.523      1.489        349        640: 82% ━━━━━━━━━╸── 58/70 2.2it/s 25.6s<5.4s
[K       5/69      8.03G      1.389       1.52      1.488        483        640: 84% ━━━━━━━━━━── 59/70 2.2it/s 26.0s<4.9s
[K       5/69      8.03G      1.386      1.518      1.486        339        640: 85% ━━━━━━━━━━── 60/70 2.2it/s 26.5s<4.5s
[K       5/69      8.03G      1.384      1.519      1.487        254        640: 87% ━━━━━━━━━━── 61/70 2.2it/s 26.9s<4.0s
[K       5/69      8.03G      1.387      1.521      1.489        374        640: 88% ━━━━━━━━━━╸─ 62/70 2.2it/s 27.4s<3.6s
[K       5/69      8.03G      1.384      1.516      1.486        377        640: 90% ━━━━━━━━━━╸─ 63/70 2.2it/s 27.8s<3.1s
[K       5/69      8.03G      1.383      1.514      1.486        366        640: 91% ━━━━━━━━━━╸─ 64/70 2.2it/s 28.3s<2.7s
[K       5/69      8.03G      1.383      1.513      1.485        418        640: 92% ━━━━━━━━━━━─ 65/70 2.2it/s 28.8s<2.2s
[K       5/69      8.03G      1.382       1.51      1.483        387        640: 94% ━━━━━━━━━━━─ 66/70 2.2it/s 29.2s<1.8s
[K       5/69      8.03G       1.38      1.508      1.482        278        640: 95% ━━━━━━━━━━━─ 67/70 2.2it/s 29.6s<1.3s
[K       5/69      8.03G       1.38      1.507      1.483        298        640: 97% ━━━━━━━━━━━╸ 68/70 2.2it/s 30.1s<0.9s
[K       5/69      8.03G      1.379      1.507      1.482        311        640: 98% ━━━━━━━━━━━╸ 69/70 2.2it/s 30.6s<0.4s
[K       5/69      8.03G      1.379      1.507      1.482        311        640: 100% ━━━━━━━━━━━━ 70/70 2.3it/s 30.6s

[K                 Class     Images  Instances      Box(P          R      mAP50  mAP50-95): 20% ━━────────── 1/5 1.6s/it 0.5s<6.4s
[K                 Class     Images  Instances      Box(P          R      mAP50  mAP50-95): 40% ━━━━╸─────── 2/5 1.1it/s 1.0s<2.8s
[K                 Class     Images  Instances      Box(P          R      mAP50  mAP50-95): 60% ━━━━━━━───── 3/5 1.4it/s 1.4s<1.4s
[K                 Class     Images  Instances      Box(P          R      mAP50  mAP50-95): 80% ━━━━━━━━━╸── 4/5 1.6it/s 1.9s<0.6s
[K                 Class     Images  Instances      Box(P          R      mAP50  mAP50-95): 100% ━━━━━━━━━━━━ 5/5 2.1it/s 2.4s
                   all        280       3554      0.592      0.409      0.409      0.208

      Epoch    GPU_mem   box_loss   cls_loss   dfl_loss  Instances       Size

[K       6/70      8.04G       1.29      1.279       1.42        321        640: 0% ──────────── 0/70  0.5s
[K       6/70      8.04G      1.366      1.435      1.492        387        640: 1% ──────────── 1/70 1.4s/it 0.9s<1:40
[K       6/70      8.04G      1.343      1.475      1.502        253        640: 2% ──────────── 2/70 1.1it/s 1.3s<59.5s
[K       6/70      8.04G      1.356      1.449      1.498        398        640: 4% ╸─────────── 3/70 1.5it/s 1.8s<44.9s
[K       6/70      8.04G      1.355      1.449      1.492        380        640: 5% ╸─────────── 4/70 1.7it/s 2.2s<38.8s
[K       6/70      8.04G      1.379      1.486      1.515        296        640: 7% ╸─────────── 5/70 1.9it/s 2.7s<34.4s
[K       6/70      8.04G      1.398      1.482      1.517        463        640: 8% ━─────────── 6/70 2.0it/s 3.1s<32.1s
[K       6/70      8.04G      1.421      1.515      1.528        466        640: 10% ━─────────── 7/70 2.1it/s 3.5s<30.1s
[K       6/70      8.04G      1.412      1.505      1.522        432        640: 11% ━─────────── 8/70 2.1it/s 4.0s<29.1s
[K       6/70      8.04G      1.405      1.505      1.514        457        640: 12% ━╸────────── 9/70 2.2it/s 4.4s<27.9s
[K       6/70      8.04G      1.405      1.496      1.511        348        640: 14% ━╸────────── 10/70 2.2it/s 4.9s<27.2s
[K       6/70      8.04G      1.407      1.491      1.509        575        640: 15% ━╸────────── 11/70 2.2it/s 5.3s<26.6s
[K       6/70      8.04G      1.396      1.477      1.502        293        640: 17% ━━────────── 12/70 2.2it/s 5.8s<26.1s
[K       6/70      8.04G      1.396      1.468      1.495        463        640: 18% ━━────────── 13/70 2.2it/s 6.2s<25.4s
[K       6/70      8.04G      1.389      1.464      1.489        450        640: 20% ━━────────── 14/70 2.2it/s 6.6s<25.0s
[K       6/70      8.04G      1.381      1.454      1.481        376        640: 21% ━━╸───────── 15/70 2.3it/s 7.1s<24.1s
[K       6/70      8.04G      1.376      1.449      1.475        354        640: 22% ━━╸───────── 16/70 2.3it/s 7.5s<23.8s
[K       6/70      8.04G       1.37      1.444       1.47        331        640: 24% ━━╸───────── 17/70 2.3it/s 7.9s<23.3s
[K       6/70      8.04G      1.363       1.44      1.465        318        640: 25% ━━━───────── 18/70 2.3it/s 8.4s<22.9s
[K       6/70      8.04G      1.364      1.438      1.464        410        640: 27% ━━━───────── 19/70 2.3it/s 8.8s<22.4s
[K       6/70      8.04G      1.365      1.442      1.466        420        640: 28% ━━━───────── 20/70 2.3it/s 9.3s<22.0s
[K       6/70      8.04G      1.361      1.442      1.467        283        640: 30% ━━━╸──────── 21/70 2.3it/s 9.7s<21.4s
[K       6/70      8.04G      1.359      1.439      1.466        392        640: 31% ━━━╸──────── 22/70 2.3it/s 10.1s<21.0s
[K       6/70      8.04G       1.36      1.439      1.464        390        640: 32% ━━━╸──────── 23/70 2.3it/s 10.6s<20.5s
[K       6/70      8.04G      1.361      1.436      1.463        415        640: 34% ━━━━──────── 24/70 2.3it/s 11.0s<20.2s
[K       6/70      8.04G      1.356       1.43       1.46        290        640: 35% ━━━━──────── 25/70 2.3it/s 11.4s<19.5s
[K       6/70      8.04G      1.353      1.431       1.46        288        640: 37% ━━━━──────── 26/70 2.3it/s 11.9s<19.3s
[K       6/70      8.04G      1.352      1.429      1.461        318        640: 38% ━━━━╸─────── 27/70 2.3it/s 12.3s<18.6s
[K       6/70      8.04G      1.351      1.428      1.461        263        640: 40% ━━━━╸─────── 28/70 2.3it/s 12.8s<18.3s
[K       6/70      8.04G      1.351      1.427      1.461        295        640: 41% ━━━━╸─────── 29/70 2.3it/s 13.2s<17.7s
[K       6/70      8.04G      1.349      1.422       1.46        354        640: 42% ━━━━━─────── 30/70 2.3it/s 13.6s<17.4s
[K       6/70      8.04G      1.349      1.423       1.46        347        640: 44% ━━━━━─────── 31/70 2.3it/s 14.0s<16.8s
[K       6/70      8.04G      1.351      1.429      1.463        331        640: 45% ━━━━━─────── 32/70 2.3it/s 14.5s<16.5s
[K       6/70      8.04G      1.349      1.425      1.461        394        640: 47% ━━━━━╸────── 33/70 2.3it/s 14.9s<16.0s
[K       6/70      8.04G      1.347      1.425       1.46        358        640: 48% ━━━━━╸────── 34/70 2.3it/s 15.4s<15.7s
[K       6/70      8.04G      1.349      1.423       1.46        411        640: 50% ━━━━━━────── 35/70 2.3it/s 15.8s<15.0s
[K       6/70      8.04G      1.344      1.419      1.458        277        640: 51% ━━━━━━────── 36/70 2.3it/s 16.2s<14.8s
[K       6/70      8.04G      1.344      1.419      1.458        421        640: 52% ━━━━━━────── 37/70 2.3it/s 16.6s<14.3s
[K       6/70      8.04G      1.346      1.416      1.457        426        640: 54% ━━━━━━╸───── 38/70 2.3it/s 17.1s<13.9s
[K       6/70      8.04G       1.35      1.417      1.459        444        640: 55% ━━━━━━╸───── 39/70 2.3it/s 17.5s<13.4s
[K       6/70      8.04G      1.348      1.412      1.458        404        640: 57% ━━━━━━╸───── 40/70 2.3it/s 17.9s<13.0s
[K       6/70      8.04G      1.347      1.414      1.458        481        640: 58% ━━━━━━━───── 41/70 2.3it/s 18.4s<12.5s
[K       6/70      8.04G      1.348      1.416       1.46        327        640: 60% ━━━━━━━───── 42/70 2.3it/s 18.8s<12.2s
[K       6/70      8.04G      1.351      1.422      1.463        365        640: 61% ━━━━━━━───── 43/70 2.3it/s 19.2s<11.6s
[K       6/70      8.04G       1.35      1.418      1.461        385        640: 62% ━━━━━━━╸──── 44/70 2.3it/s 19.7s<11.3s
[K       6/70      8.04G       1.35      1.417       1.46        397        640: 64% ━━━━━━━╸──── 45/70 2.3it/s 20.1s<10.7s
[K       6/70      8.04G      1.352      1.419      1.463        373        640: 65% ━━━━━━━╸──── 46/70 2.3it/s 20.5s<10.4s
[K       6/70      8.04G      1.352      1.415      1.462        345        640: 67% ━━━━━━━━──── 47/70 2.3it/s 21.0s<9.9s
[K       6/70      8.04G      1.351      1.413      1.461        334        640: 68% ━━━━━━━━──── 48/70 2.3it/s 21.4s<9.5s
[K       6/70      8.04G      1.352      1.411      1.461        380        640: 70% ━━━━━━━━──── 49/70 2.3it/s 21.8s<9.0s
[K       6/70      8.04G      1.353      1.415      1.463        400        640: 71% ━━━━━━━━╸─── 50/70 2.3it/s 22.3s<8.7s
[K       6/70      8.04G      1.352      1.417      1.463        287        640: 72% ━━━━━━━━╸─── 51/70 2.3it/s 22.7s<8.1s
[K       6/70      8.04G      1.353       1.42      1.463        388        640: 74% ━━━━━━━━╸─── 52/70 2.3it/s 23.1s<7.8s
[K       6/70      8.04G      1.354      1.422      1.465        285        640: 75% ━━━━━━━━━─── 53/70 2.3it/s 23.5s<7.3s
[K       6/70      8.04G      1.352      1.424      1.465        340        640: 77% ━━━━━━━━━─── 54/70 2.3it/s 24.0s<6.9s
[K       6/70      8.04G       1.35      1.423      1.464        302        640: 78% ━━━━━━━━━─── 55/70 2.4it/s 24.4s<6.4s
[K       6/70      8.04G      1.352      1.425      1.467        329        640: 80% ━━━━━━━━━╸── 56/70 2.3it/s 24.8s<6.0s
[K       6/70      8.04G      1.351      1.427      1.466        381        640: 81% ━━━━━━━━━╸── 57/70 2.4it/s 25.2s<5.5s
[K       6/70      8.04G      1.353      1.427      1.466        496        640: 82% ━━━━━━━━━╸── 58/70 2.3it/s 25.7s<5.1s
[K       6/70      8.04G      1.354      1.425      1.464        530        640: 84% ━━━━━━━━━━── 59/70 2.3it/s 26.1s<4.7s
[K       6/70      8.04G      1.353      1.426      1.463        344        640: 85% ━━━━━━━━━━── 60/70 2.3it/s 26.5s<4.3s
[K       6/70      8.04G      1.352      1.426      1.464        294        640: 87% ━━━━━━━━━━── 61/70 2.3it/s 26.9s<3.8s
[K       6/70      8.04G       1.35      1.425      1.463        352        640: 88% ━━━━━━━━━━╸─ 62/70 2.3it/s 27.4s<3.4s
[K       6/70      8.04G       1.35      1.423      1.462        492        640: 90% ━━━━━━━━━━╸─ 63/70 2.3it/s 27.8s<3.0s
[K       6/70      8.04G       1.35      1.422      1.461        394        640: 91% ━━━━━━━━━━╸─ 64/70 2.3it/s 28.2s<2.6s
[K       6/70      8.04G      1.348      1.425      1.461        310        640: 92% ━━━━━━━━━━━─ 65/70 2.4it/s 28.7s<2.1s
[K       6/70      8.04G      1.347      1.424      1.459        301        640: 94% ━━━━━━━━━━━─ 66/70 2.3it/s 29.1s<1.7s
[K       6/70      8.04G      1.347      1.424      1.459        346        640: 95% ━━━━━━━━━━━─ 67/70 2.4it/s 29.5s<1.3s
[K       6/70      8.04G      1.344      1.423      1.458        262        640: 97% ━━━━━━━━━━━╸ 68/70 2.3it/s 30.0s<0.9s
[K       6/70      8.04G      1.342      1.423      1.457        320        640: 98% ━━━━━━━━━━━╸ 69/70 2.4it/s 30.4s<0.4s
[K       6/70      8.04G      1.342      1.423      1.457        320        640: 100% ━━━━━━━━━━━━ 70/70 2.3it/s 30.4s

[K                 Class     Images  Instances      Box(P          R      mAP50  mAP50-95): 20% ━━────────── 1/5 1.6s/it 0.5s<6.4s
[K                 Class     Images  Instances      Box(P          R      mAP50  mAP50-95): 40% ━━━━╸─────── 2/5 1.1it/s 1.0s<2.9s
[K                 Class     Images  Instances      Box(P          R      mAP50  mAP50-95): 60% ━━━━━━━───── 3/5 1.3it/s 1.5s<1.5s
[K                 Class     Images  Instances      Box(P          R      mAP50  mAP50-95): 80% ━━━━━━━━━╸── 4/5 1.6it/s 1.9s<0.6s
[K                 Class     Images  Instances      Box(P          R      mAP50  mAP50-95): 100% ━━━━━━━━━━━━ 5/5 2.1it/s 2.4s
                   all        280       3554      0.576      0.386      0.397      0.198

      Epoch    GPU_mem   box_loss   cls_loss   dfl_loss  Instances       Size

[K       7/71      8.04G      1.303      1.334      1.381        429        640: 0% ──────────── 0/70  0.4s
[K       7/71      8.04G      1.241      1.289      1.373        380        640: 1% ──────────── 1/70 1.4s/it 0.8s<1:35
[K       7/71      8.04G      1.275      1.273      1.388        402        640: 2% ──────────── 2/70 1.2it/s 1.3s<57.4s
[K       7/71      8.04G      1.291       1.28      1.396        492        640: 4% ╸─────────── 3/70 1.6it/s 1.7s<42.9s
[K       7/71      8.04G      1.304      1.306      1.412        395        640: 5% ╸─────────── 4/70 1.8it/s 2.1s<37.3s
[K       7/71      8.04G      1.313      1.316      1.419        430        640: 7% ╸─────────── 5/70 2.0it/s 2.5s<33.0s
[K       7/71      8.04G      1.299      1.311       1.41        359        640: 8% ━─────────── 6/70 2.1it/s 3.0s<30.9s
[K       7/71      8.04G      1.324      1.311       1.42        564        640: 10% ━─────────── 7/70 2.2it/s 3.4s<29.1s
[K       7/71      8.04G      1.312       1.32      1.422        255        640: 11% ━─────────── 8/70 2.2it/s 3.8s<28.1s
[K       7/71      8.04G      1.323      1.327      1.424        492        640: 12% ━╸────────── 9/70 2.3it/s 4.2s<26.9s
[K       7/71      8.04G      1.327      1.334      1.419        418        640: 14% ━╸────────── 10/70 2.3it/s 4.7s<26.4s
[K       7/71      8.04G       1.33      1.333       1.42        448        640: 15% ━╸────────── 11/70 2.3it/s 5.1s<25.5s
[K       7/71      8.04G      1.324      1.335      1.416        374        640: 17% ━━────────── 12/70 2.3it/s 5.5s<25.1s
[K       7/71      8.04G      1.323      1.328      1.415        325        640: 18% ━━────────── 13/70 2.3it/s 5.9s<24.4s
[K       7/71      8.04G      1.319      1.336      1.417        375        640: 20% ━━────────── 14/70 2.3it/s 6.4s<24.1s
[K       7/71      8.04G      1.313      1.335      1.414        417        640: 21% ━━╸───────── 15/70 2.4it/s 6.8s<23.4s
[K       7/71      8.04G      1.305      1.338      1.414        347        640: 22% ━━╸───────── 16/70 2.3it/s 7.2s<23.1s
[K       7/71      8.04G      1.307      1.342      1.416        388        640: 24% ━━╸───────── 17/70 2.4it/s 7.6s<22.6s
[K       7/71      8.04G      1.308       1.34      1.415        368        640: 25% ━━━───────── 18/70 2.3it/s 8.1s<22.3s
[K       7/71      8.04G      1.305      1.336      1.412        396        640: 27% ━━━───────── 19/70 2.4it/s 8.5s<21.7s
[K       7/71      8.04G      1.304      1.333      1.411        382        640: 28% ━━━───────── 20/70 2.3it/s 8.9s<21.4s
[K       7/71      8.04G      1.303       1.34      1.412        308        640: 30% ━━━╸──────── 21/70 2.4it/s 9.3s<20.8s
[K       7/71      8.04G      1.309      1.342      1.414        541        640: 31% ━━━╸──────── 22/70 2.3it/s 9.8s<20.6s
[K       7/71      8.04G      1.309      1.342      1.413        498        640: 32% ━━━╸──────── 23/70 2.3it/s 10.2s<20.2s
[K       7/71      8.04G      1.305      1.339      1.412        300        640: 34% ━━━━──────── 24/70 2.3it/s 10.7s<19.9s
[K       7/71      8.04G      1.304      1.332      1.408        438        640: 35% ━━━━──────── 25/70 2.3it/s 11.1s<19.2s
[K       7/71      8.04G      1.302      1.337       1.41        260        640: 37% ━━━━──────── 26/70 2.3it/s 11.5s<18.9s
[K       7/71      8.04G      1.301      1.339      1.411        313        640: 38% ━━━━╸─────── 27/70 2.4it/s 11.9s<18.3s
[K       7/71      8.04G      1.304      1.338      1.411        446        640: 40% ━━━━╸─────── 28/70 2.3it/s 12.4s<18.2s
[K       7/71      8.04G      1.299      1.336       1.41        262        640: 41% ━━━━╸─────── 29/70 2.3it/s 12.8s<17.6s
[K       7/71      8.04G      1.301      1.337      1.409        455        640: 42% ━━━━━─────── 30/70 2.3it/s 13.2s<17.4s
[K       7/71      8.04G      1.304      1.342      1.412        391        640: 44% ━━━━━─────── 31/70 2.3it/s 13.7s<16.8s
[K       7/71      8.04G      1.309      1.351      1.419        371        640: 45% ━━━━━─────── 32/70 2.3it/s 14.1s<16.5s
[K       7/71      8.04G      1.312      1.359      1.425        338        640: 47% ━━━━━╸────── 33/70 2.3it/s 14.5s<15.8s
[K       7/71      8.04G      1.312      1.358      1.425        361        640: 48% ━━━━━╸────── 34/70 2.3it/s 15.0s<15.5s
[K       7/71      8.04G      1.312      1.359      1.424        367        640: 50% ━━━━━━────── 35/70 2.3it/s 15.4s<15.0s
[K       7/71      8.04G      1.313       1.36      1.426        319        640: 51% ━━━━━━────── 36/70 2.3it/s 15.8s<14.7s
[K       7/71      8.04G      1.317      1.363       1.43        408        640: 52% ━━━━━━────── 37/70 2.3it/s 16.3s<14.2s
[K       7/71      8.04G      1.322      1.365      1.433        412        640: 54% ━━━━━━╸───── 38/70 2.3it/s 16.7s<13.9s
[K       7/71      8.04G      1.319      1.365      1.433        312        640: 55% ━━━━━━╸───── 39/70 2.3it/s 17.1s<13.3s
[K       7/71      8.04G      1.318      1.369      1.435        309        640: 57% ━━━━━━╸───── 40/70 2.3it/s 17.6s<13.0s
[K       7/71      8.04G      1.317      1.369      1.435        350        640: 58% ━━━━━━━───── 41/70 2.3it/s 18.0s<12.4s
[K       7/71      8.04G      1.316      1.371      1.435        334        640: 60% ━━━━━━━───── 42/70 2.3it/s 18.4s<12.1s
[K       7/71      8.04G      1.315      1.371      1.436        301        640: 61% ━━━━━━━───── 43/70 2.3it/s 18.8s<11.5s
[K       7/71      8.04G      1.315      1.369      1.434        582        640: 62% ━━━━━━━╸──── 44/70 2.3it/s 19.3s<11.3s
[K       7/71      8.04G      1.316       1.37      1.435        347        640: 64% ━━━━━━━╸──── 45/70 2.3it/s 19.7s<10.8s
[K       7/71      8.04G      1.315      1.368      1.434        324        640: 65% ━━━━━━━╸──── 46/70 2.3it/s 20.1s<10.4s
[K       7/71      8.04G      1.315      1.367      1.434        413        640: 67% ━━━━━━━━──── 47/70 2.3it/s 20.6s<9.9s
[K       7/71      8.04G      1.313      1.366      1.434        344        640: 68% ━━━━━━━━──── 48/70 2.3it/s 21.0s<9.5s
[K       7/71      8.04G      1.315      1.368      1.436        343        640: 70% ━━━━━━━━──── 49/70 2.3it/s 21.4s<9.1s
[K       7/71      8.04G      1.313      1.367      1.434        352        640: 71% ━━━━━━━━╸─── 50/70 2.3it/s 21.9s<8.7s
[K       7/71      8.04G      1.314      1.371      1.436        348        640: 72% ━━━━━━━━╸─── 51/70 2.3it/s 22.3s<8.2s
[K       7/71      8.04G      1.314      1.373      1.437        329        640: 74% ━━━━━━━━╸─── 52/70 2.3it/s 22.7s<7.9s
[K       7/71      8.04G      1.317      1.375      1.438        448        640: 75% ━━━━━━━━━─── 53/70 2.3it/s 23.2s<7.4s
[K       7/71      8.04G      1.317      1.374      1.438        348        640: 77% ━━━━━━━━━─── 54/70 2.3it/s 23.6s<7.0s
[K       7/71      8.04G      1.318      1.376      1.438        299        640: 78% ━━━━━━━━━─── 55/70 2.3it/s 24.1s<6.5s
[K       7/71      8.04G      1.318      1.378      1.439        282        640: 80% ━━━━━━━━━╸── 56/70 2.3it/s 24.5s<6.1s
[K       7/71      8.04G      1.318      1.377      1.438        424        640: 81% ━━━━━━━━━╸── 57/70 2.3it/s 24.9s<5.7s
[K       7/71      8.04G       1.32      1.378      1.439        413        640: 82% ━━━━━━━━━╸── 58/70 2.3it/s 25.4s<5.2s
[K       7/71      8.04G       1.32       1.38      1.439        432        640: 84% ━━━━━━━━━━── 59/70 2.3it/s 25.8s<4.8s
[K       7/71      8.04G       1.32      1.379       1.44        309        640: 85% ━━━━━━━━━━── 60/70 2.3it/s 26.2s<4.4s
[K       7/71      8.04G      1.319      1.379       1.44        301        640: 87% ━━━━━━━━━━── 61/70 2.3it/s 26.7s<3.9s
[K       7/71      8.04G      1.316      1.376      1.438        328        640: 88% ━━━━━━━━━━╸─ 62/70 2.3it/s 27.1s<3.5s
[K       7/71      8.04G      1.316      1.376      1.439        292        640: 90% ━━━━━━━━━━╸─ 63/70 2.3it/s 27.5s<3.0s
[K       7/71      8.04G      1.317      1.377       1.44        472        640: 91% ━━━━━━━━━━╸─ 64/70 2.3it/s 28.0s<2.6s
[K       7/71      8.04G      1.315      1.376      1.439        290        640: 92% ━━━━━━━━━━━─ 65/70 2.3it/s 28.4s<2.2s
[K       7/71      8.04G      1.313      1.375      1.438        336        640: 94% ━━━━━━━━━━━─ 66/70 2.3it/s 28.8s<1.7s
[K       7/71      8.04G      1.312      1.375      1.438        360        640: 95% ━━━━━━━━━━━─ 67/70 2.3it/s 29.3s<1.3s
[K       7/71      8.04G       1.31      1.373      1.438        242        640: 97% ━━━━━━━━━━━╸ 68/70 2.3it/s 29.7s<0.9s
[K       7/71      8.04G      1.309      1.371      1.438        281        640: 98% ━━━━━━━━━━━╸ 69/70 2.3it/s 30.1s<0.4s
[K       7/71      8.04G      1.309      1.371      1.438        281        640: 100% ━━━━━━━━━━━━ 70/70 2.3it/s 30.1s

[K                 Class     Images  Instances      Box(P          R      mAP50  mAP50-95): 20% ━━────────── 1/5 1.6s/it 0.5s<6.3s
[K                 Class     Images  Instances      Box(P          R      mAP50  mAP50-95): 40% ━━━━╸─────── 2/5 1.1it/s 0.9s<2.8s
[K                 Class     Images  Instances      Box(P          R      mAP50  mAP50-95): 60% ━━━━━━━───── 3/5 1.4it/s 1.4s<1.4s
[K                 Class     Images  Instances      Box(P          R      mAP50  mAP50-95): 80% ━━━━━━━━━╸── 4/5 1.7it/s 1.8s<0.6s
[K                 Class     Images  Instances      Box(P          R      mAP50  mAP50-95): 100% ━━━━━━━━━━━━ 5/5 2.2it/s 2.3s
                   all        280       3554      0.667      0.483      0.521      0.282

      Epoch    GPU_mem   box_loss   cls_loss   dfl_loss  Instances       Size

[K       8/71      8.12G       1.34       1.47      1.488        386        640: 0% ──────────── 0/70  0.4s
[K       8/71      8.12G       1.31      1.416      1.475        419        640: 1% ──────────── 1/70 1.4s/it 0.9s<1:39
[K       8/71      8.12G      1.291      1.388      1.461        435        640: 2% ──────────── 2/70 1.2it/s 1.3s<58.3s
[K       8/71      8.12G      1.306      1.431      1.464        287        640: 4% ╸─────────── 3/70 1.5it/s 1.7s<44.1s
[K       8/71      8.12G      1.281      1.383      1.452        279        640: 5% ╸─────────── 4/70 1.7it/s 2.2s<37.9s
[K       8/71      8.12G      1.266      1.329       1.43        381        640: 7% ╸─────────── 5/70 1.9it/s 2.6s<34.0s
[K       8/71      8.12G      1.276      1.329      1.426        471        640: 8% ━─────────── 6/70 2.0it/s 3.1s<31.7s
[K       8/71      8.12G       1.29      1.353      1.432        396        640: 10% ━─────────── 7/70 2.1it/s 3.5s<29.8s
[K       8/71      8.12G      1.297      1.357      1.427        399        640: 11% ━─────────── 8/70 2.2it/s 3.9s<28.8s
[K       8/71      8.12G      1.308      1.383      1.439        299        640: 12% ━╸────────── 9/70 2.2it/s 4.4s<27.5s
[K       8/71      8.12G      1.322      1.398      1.448        395        640: 14% ━╸────────── 10/70 2.2it/s 4.8s<27.0s
[K       8/71      8.12G      1.308      1.393      1.448        254        640: 15% ━╸────────── 11/70 2.2it/s 5.2s<26.2s
[K       8/71      8.12G      1.308      1.388      1.446        446        640: 17% ━━────────── 12/70 2.2it/s 5.7s<25.8s
[K       8/71      8.12G      1.318      1.392      1.453        360        640: 18% ━━────────── 13/70 2.3it/s 6.1s<25.1s
[K       8/71      8.12G       1.32      1.391      1.452        356        640: 20% ━━────────── 14/70 2.3it/s 6.5s<24.7s
[K       8/71      8.12G      1.314      1.386      1.451        332        640: 21% ━━╸───────── 15/70 2.3it/s 7.0s<24.0s
[K       8/71      8.12G       1.31       1.38      1.447        379        640: 22% ━━╸───────── 16/70 2.3it/s 7.4s<23.7s
[K       8/71      8.12G      1.295      1.366      1.439        330        640: 24% ━━╸───────── 17/70 2.3it/s 7.8s<23.0s
[K       8/71      8.12G      1.291       1.36      1.435        365        640: 25% ━━━───────── 18/70 2.3it/s 8.3s<22.8s
[K       8/71      8.12G      1.294      1.361      1.436        412        640: 27% ━━━───────── 19/70 2.3it/s 8.7s<22.2s
[K       8/71      8.12G      1.293      1.357      1.435        304        640: 28% ━━━───────── 20/70 2.3it/s 9.2s<21.9s
[K       8/71      8.12G      1.293      1.354      1.433        432        640: 30% ━━━╸──────── 21/70 2.3it/s 9.6s<21.3s
[K       8/71      8.12G      1.291      1.353      1.431        349        640: 31% ━━━╸──────── 22/70 2.3it/s 10.0s<21.0s
[K       8/71      8.12G      1.297      1.359      1.434        443        640: 32% ━━━╸──────── 23/70 2.3it/s 10.5s<20.4s
[K       8/71      8.12G      1.292      1.351      1.429        295        640: 34% ━━━━──────── 24/70 2.3it/s 10.9s<20.2s
[K       8/71      8.12G      1.292      1.348      1.427        405        640: 35% ━━━━──────── 25/70 2.3it/s 11.3s<19.7s
[K       8/71      8.12G      1.286      1.343      1.424        387        640: 37% ━━━━──────── 26/70 2.3it/s 11.8s<19.4s
[K       8/71      8.12G      1.293      1.353      1.428        341        640: 38% ━━━━╸─────── 27/70 2.3it/s 12.2s<18.8s
[K       8/71      8.12G      1.292      1.345      1.426        404        640: 40% ━━━━╸─────── 28/70 2.3it/s 12.7s<18.5s
[K       8/71      8.12G      1.294      1.345      1.428        415        640: 41% ━━━━╸─────── 29/70 2.3it/s 13.1s<17.9s
[K       8/71      8.12G       1.29      1.344      1.425        353        640: 42% ━━━━━─────── 30/70 2.3it/s 13.5s<17.5s
[K       8/71      8.12G      1.289      1.341      1.427        288        640: 44% ━━━━━─────── 31/70 2.3it/s 14.0s<17.0s
[K       8/71      8.12G       1.29      1.338      1.428        454        640: 45% ━━━━━─────── 32/70 2.3it/s 14.4s<16.6s
[K       8/71      8.12G      1.293      1.342       1.43        327        640: 47% ━━━━━╸────── 33/70 2.3it/s 14.8s<16.1s
[K       8/71      8.12G      1.293      1.341       1.43        446        640: 48% ━━━━━╸────── 34/70 2.3it/s 15.3s<15.7s
[K       8/71      8.12G      1.295      1.341       1.43        403        640: 50% ━━━━━━────── 35/70 2.3it/s 15.7s<15.2s
[K       8/71      8.12G      1.295      1.337      1.428        367        640: 51% ━━━━━━────── 36/70 2.3it/s 16.2s<14.9s
[K       8/71      8.12G      1.292      1.334      1.427        272        640: 52% ━━━━━━────── 37/70 2.3it/s 16.6s<14.4s
[K       8/71      8.12G      1.291      1.335      1.428        266        640: 54% ━━━━━━╸───── 38/70 2.3it/s 17.0s<14.0s
[K       8/71      8.12G      1.289      1.334      1.427        296        640: 55% ━━━━━━╸───── 39/70 2.3it/s 17.4s<13.4s
[K       8/71      8.12G       1.29      1.339       1.43        349        640: 57% ━━━━━━╸───── 40/70 2.3it/s 17.9s<13.2s
[K       8/71      8.12G      1.289      1.338      1.427        335        640: 58% ━━━━━━━───── 41/70 2.3it/s 18.3s<12.6s
[K       8/71      8.12G      1.289      1.338      1.425        324        640: 60% ━━━━━━━───── 42/70 2.3it/s 18.8s<12.3s
[K       8/71      8.12G       1.29      1.339      1.427        336        640: 61% ━━━━━━━───── 43/70 2.3it/s 19.2s<11.8s
[K       8/71      8.12G       1.29      1.341      1.427        335        640: 62% ━━━━━━━╸──── 44/70 2.3it/s 19.7s<11.4s
[K       8/71      8.12G       1.29       1.34      1.426        335        640: 64% ━━━━━━━╸──── 45/70 2.3it/s 20.1s<10.9s
[K       8/71      8.12G       1.29      1.339      1.426        293        640: 65% ━━━━━━━╸──── 46/70 2.3it/s 20.5s<10.5s
[K       8/71      8.12G      1.286       1.34      1.425        270        640: 67% ━━━━━━━━──── 47/70 2.3it/s 20.9s<10.0s
[K       8/71      8.12G      1.286      1.336      1.424        350        640: 68% ━━━━━━━━──── 48/70 2.3it/s 21.4s<9.6s
[K       8/71      8.12G      1.284      1.333      1.422        347        640: 70% ━━━━━━━━──── 49/70 2.3it/s 21.8s<9.1s
[K       8/71      8.12G      1.285      1.334      1.422        382        640: 71% ━━━━━━━━╸─── 50/70 2.3it/s 22.3s<8.7s
[K       8/71      8.12G      1.284      1.334      1.422        358        640: 72% ━━━━━━━━╸─── 51/70 2.3it/s 22.7s<8.2s
[K       8/71      8.12G      1.284      1.334      1.422        420        640: 74% ━━━━━━━━╸─── 52/70 2.3it/s 23.1s<7.9s
[K       8/71      8.12G      1.283      1.336      1.421        321        640: 75% ━━━━━━━━━─── 53/70 2.3it/s 23.6s<7.4s
[K       8/71      8.12G      1.284      1.335      1.421        375        640: 77% ━━━━━━━━━─── 54/70 2.3it/s 24.0s<7.0s
[K       8/71      8.12G      1.281      1.332      1.419        350        640: 78% ━━━━━━━━━─── 55/70 2.3it/s 24.4s<6.5s
[K       8/71      8.12G      1.282      1.333      1.419        364        640: 80% ━━━━━━━━━╸── 56/70 2.3it/s 24.9s<6.1s
[K       8/71      8.12G      1.284      1.333       1.42        493        640: 81% ━━━━━━━━━╸── 57/70 2.3it/s 25.3s<5.6s
[K       8/71      8.12G      1.286      1.334      1.421        506        640: 82% ━━━━━━━━━╸── 58/70 2.3it/s 25.7s<5.2s
[K       8/71      8.12G      1.286      1.335      1.421        382        640: 84% ━━━━━━━━━━── 59/70 2.3it/s 26.2s<4.8s
[K       8/71      8.12G      1.283      1.331      1.418        345        640: 85% ━━━━━━━━━━── 60/70 2.3it/s 26.6s<4.4s
[K       8/71      8.12G      1.284      1.329      1.419        338        640: 87% ━━━━━━━━━━── 61/70 2.3it/s 27.0s<3.9s
[K       8/71      8.12G      1.284      1.328      1.419        386        640: 88% ━━━━━━━━━━╸─ 62/70 2.3it/s 27.5s<3.5s
[K       8/71      8.12G      1.286      1.329      1.419        467        640: 90% ━━━━━━━━━━╸─ 63/70 2.3it/s 27.9s<3.0s
[K       8/71      8.12G      1.286      1.331       1.42        271        640: 91% ━━━━━━━━━━╸─ 64/70 2.3it/s 28.4s<2.6s
[K       8/71      8.12G      1.286      1.329      1.421        337        640: 92% ━━━━━━━━━━━─ 65/70 2.3it/s 28.8s<2.2s
[K       8/71      8.12G      1.287      1.329       1.42        401        640: 94% ━━━━━━━━━━━─ 66/70 2.3it/s 29.2s<1.7s
[K       8/71      8.12G      1.286      1.326       1.42        342        640: 95% ━━━━━━━━━━━─ 67/70 2.3it/s 29.7s<1.3s
[K       8/71      8.12G      1.285      1.323      1.418        376        640: 97% ━━━━━━━━━━━╸ 68/70 2.3it/s 30.1s<0.9s
[K       8/71      8.12G      1.284      1.322      1.418        272        640: 98% ━━━━━━━━━━━╸ 69/70 2.3it/s 30.5s<0.4s
[K       8/71      8.12G      1.284      1.322      1.418        272        640: 100% ━━━━━━━━━━━━ 70/70 2.3it/s 30.5s

[K                 Class     Images  Instances      Box(P          R      mAP50  mAP50-95): 20% ━━────────── 1/5 1.6s/it 0.5s<6.2s
[K                 Class     Images  Instances      Box(P          R      mAP50  mAP50-95): 40% ━━━━╸─────── 2/5 1.1it/s 0.9s<2.8s
[K                 Class     Images  Instances      Box(P          R      mAP50  mAP50-95): 60% ━━━━━━━───── 3/5 1.4it/s 1.4s<1.4s
[K                 Class     Images  Instances      Box(P          R      mAP50  mAP50-95): 80% ━━━━━━━━━╸── 4/5 1.7it/s 1.8s<0.6s
[K                 Class     Images  Instances      Box(P          R      mAP50  mAP50-95): 100% ━━━━━━━━━━━━ 5/5 2.2it/s 2.3s
                   all        280       3554        0.7      0.533      0.575       0.32

      Epoch    GPU_mem   box_loss   cls_loss   dfl_loss  Instances       Size

[K       9/72      8.04G      1.157      1.216      1.352        303        640: 0% ──────────── 0/70  0.4s
[K       9/72      8.04G      1.231      1.258      1.385        342        640: 1% ──────────── 1/70 1.4s/it 0.8s<1:35
[K       9/72      8.04G      1.215      1.228      1.384        295        640: 2% ──────────── 2/70 1.2it/s 1.3s<56.9s
[K       9/72      8.04G      1.229      1.275      1.413        322        640: 4% ╸─────────── 3/70 1.6it/s 1.7s<43.0s
[K       9/72      8.04G       1.21      1.266      1.401        286        640: 5% ╸─────────── 4/70 1.8it/s 2.1s<37.1s
[K       9/72      8.04G      1.206       1.26      1.393        320        640: 7% ╸─────────── 5/70 2.0it/s 2.6s<33.1s
[K       9/72      8.04G       1.22      1.269      1.401        350        640: 8% ━─────────── 6/70 2.1it/s 3.0s<31.1s
[K       9/72      8.04G      1.248      1.286      1.409        533        640: 10% ━─────────── 7/70 2.1it/s 3.4s<29.3s
[K       9/72      8.04G      1.254      1.292      1.416        355        640: 11% ━─────────── 8/70 2.2it/s 3.9s<28.4s
[K       9/72      8.04G      1.262      1.302      1.425        374        640: 12% ━╸────────── 9/70 2.2it/s 4.3s<27.1s
[K       9/72      8.04G      1.263      1.289       1.42        447        640: 14% ━╸────────── 10/70 2.3it/s 4.7s<26.6s
[K       9/72      8.04G      1.259      1.289       1.42        321        640: 15% ━╸────────── 11/70 2.3it/s 5.1s<25.8s
[K       9/72      8.04G      1.266      1.295      1.423        334        640: 17% ━━────────── 12/70 2.3it/s 5.6s<25.4s
[K       9/72      8.04G      1.273      1.295      1.424        432        640: 18% ━━────────── 13/70 2.3it/s 6.0s<24.6s
[K       9/72      8.04G      1.275      1.307       1.43        271        640: 20% ━━────────── 14/70 2.3it/s 6.4s<24.2s
[K       9/72      8.04G      1.273      1.303      1.429        374        640: 21% ━━╸───────── 15/70 2.3it/s 6.8s<23.4s
[K       9/72      8.04G      1.277      1.311      1.432        402        640: 22% ━━╸───────── 16/70 2.3it/s 7.3s<23.2s
[K       9/72      8.04G      1.272      1.303      1.427        334        640: 24% ━━╸───────── 17/70 2.4it/s 7.7s<22.5s
[K       9/72      8.04G      1.273      1.306      1.426        507        640: 25% ━━━───────── 18/70 2.3it/s 8.1s<22.3s
[K       9/72      8.04G      1.278      1.311       1.43        399        640: 27% ━━━───────── 19/70 2.3it/s 8.6s<21.7s
[K       9/72      8.04G      1.286      1.316      1.431        507        640: 28% ━━━───────── 20/70 2.3it/s 9.0s<21.5s
[K       9/72      8.04G      1.282      1.308      1.428        342        640: 30% ━━━╸──────── 21/70 2.3it/s 9.4s<21.0s
[K       9/72      8.04G      1.278      1.312      1.429        303        640: 31% ━━━╸──────── 22/70 2.3it/s 9.9s<20.7s
[K       9/72      8.04G      1.281       1.32      1.433        324        640: 32% ━━━╸──────── 23/70 2.3it/s 10.3s<20.1s
[K       9/72      8.04G      1.282       1.32      1.433        382        640: 34% ━━━━──────── 24/70 2.3it/s 10.7s<19.7s
[K       9/72      8.04G      1.283      1.326      1.434        369        640: 35% ━━━━──────── 25/70 2.3it/s 11.1s<19.2s
[K       9/72      8.04G      1.285      1.327      1.435        364        640: 37% ━━━━──────── 26/70 2.3it/s 11.6s<18.9s
[K       9/72      8.04G      1.282      1.321      1.432        369        640: 38% ━━━━╸─────── 27/70 2.3it/s 12.0s<18.4s
[K       9/72      8.04G      1.286      1.321      1.435        408        640: 40% ━━━━╸─────── 28/70 2.3it/s 12.4s<18.1s
[K       9/72      8.04G      1.283      1.316      1.433        326        640: 41% ━━━━╸─────── 29/70 2.3it/s 12.8s<17.5s
[K       9/72      8.04G      1.281      1.315      1.432        312        640: 42% ━━━━━─────── 30/70 2.3it/s 13.3s<17.2s
[K       9/72      8.04G       1.28      1.312      1.431        336        640: 44% ━━━━━─────── 31/70 2.3it/s 13.7s<16.6s
[K       9/72      8.04G      1.279      1.314      1.432        304        640: 45% ━━━━━─────── 32/70 2.3it/s 14.1s<16.3s
[K       9/72      8.04G      1.278      1.312      1.431        311        640: 47% ━━━━━╸────── 33/70 2.3it/s 14.6s<15.8s
[K       9/72      8.04G      1.278      1.312      1.431        452        640: 48% ━━━━━╸────── 34/70 2.3it/s 15.0s<15.8s
[K       9/72      8.04G      1.276      1.308      1.429        364        640: 50% ━━━━━━────── 35/70 2.3it/s 15.4s<15.1s
[K       9/72      8.04G      1.277      1.305      1.429        440        640: 51% ━━━━━━────── 36/70 2.3it/s 15.9s<14.8s
[K       9/72      8.04G      1.274      1.302      1.427        288        640: 52% ━━━━━━────── 37/70 2.3it/s 16.3s<14.1s
[K       9/72      8.04G      1.277      1.303      1.427        470        640: 54% ━━━━━━╸───── 38/70 2.3it/s 16.7s<13.8s
[K       9/72      8.04G      1.279      1.304      1.429        353        640: 55% ━━━━━━╸───── 39/70 2.3it/s 17.2s<13.3s
[K       9/72      8.04G      1.281      1.309       1.43        443        640: 57% ━━━━━━╸───── 40/70 2.3it/s 17.6s<13.0s
[K       9/72      8.04G      1.279      1.304      1.427        480        640: 58% ━━━━━━━───── 41/70 2.3it/s 18.0s<12.4s
[K       9/72      8.04G      1.279      1.302      1.426        379        640: 60% ━━━━━━━───── 42/70 2.3it/s 18.5s<12.1s
[K       9/72      8.04G       1.28        1.3      1.425        297        640: 61% ━━━━━━━───── 43/70 2.3it/s 18.9s<11.6s
[K       9/72      8.04G      1.281      1.304      1.428        353        640: 62% ━━━━━━━╸──── 44/70 2.3it/s 19.3s<11.3s
[K       9/72      8.04G      1.284      1.306      1.429        418        640: 64% ━━━━━━━╸──── 45/70 2.3it/s 19.7s<10.7s
[K       9/72      8.04G      1.282      1.302      1.427        305        640: 65% ━━━━━━━╸──── 46/70 2.3it/s 20.2s<10.4s
[K       9/72      8.04G       1.28      1.299      1.425        388        640: 67% ━━━━━━━━──── 47/70 2.3it/s 20.6s<9.9s
[K       9/72      8.04G      1.279      1.301      1.425        263        640: 68% ━━━━━━━━──── 48/70 2.3it/s 21.1s<9.6s
[K       9/72      8.04G      1.282      1.302      1.425        498        640: 70% ━━━━━━━━──── 49/70 2.3it/s 21.5s<9.0s
[K       9/72      8.04G      1.282      1.304      1.425        363        640: 71% ━━━━━━━━╸─── 50/70 2.3it/s 21.9s<8.6s
[K       9/72      8.04G      1.284      1.307      1.427        309        640: 72% ━━━━━━━━╸─── 51/70 2.3it/s 22.3s<8.1s
[K       9/72      8.04G      1.284      1.307      1.427        478        640: 74% ━━━━━━━━╸─── 52/70 2.3it/s 22.8s<7.8s
[K       9/72      8.04G      1.284      1.304      1.426        445        640: 75% ━━━━━━━━━─── 53/70 2.3it/s 23.2s<7.3s
[K       9/72      8.04G      1.283      1.304      1.425        363        640: 77% ━━━━━━━━━─── 54/70 2.3it/s 23.6s<6.9s
[K       9/72      8.04G      1.284      1.303      1.425        533        640: 78% ━━━━━━━━━─── 55/70 2.3it/s 24.1s<6.5s
[K       9/72      8.04G      1.282        1.3      1.423        357        640: 80% ━━━━━━━━━╸── 56/70 2.3it/s 24.5s<6.1s
[K       9/72      8.04G      1.283      1.302      1.424        264        640: 81% ━━━━━━━━━╸── 57/70 2.3it/s 24.9s<5.6s
[K       9/72      8.04G      1.284      1.301      1.424        313        640: 82% ━━━━━━━━━╸── 58/70 2.3it/s 25.4s<5.2s
[K       9/72      8.04G      1.285      1.302      1.425        509        640: 84% ━━━━━━━━━━── 59/70 2.3it/s 25.8s<4.7s
[K       9/72      8.04G      1.288      1.303      1.425        547        640: 85% ━━━━━━━━━━── 60/70 2.3it/s 26.2s<4.3s
[K       9/72      8.04G       1.29      1.306      1.427        384        640: 87% ━━━━━━━━━━── 61/70 2.3it/s 26.6s<3.9s
[K       9/72      8.04G      1.289      1.304      1.426        304        640: 88% ━━━━━━━━━━╸─ 62/70 2.3it/s 27.1s<3.5s
[K       9/72      8.04G       1.29       1.31      1.428        287        640: 90% ━━━━━━━━━━╸─ 63/70 2.3it/s 27.5s<3.0s
[K       9/72      8.04G       1.29       1.31      1.429        352        640: 91% ━━━━━━━━━━╸─ 64/70 2.3it/s 27.9s<2.6s
[K       9/72      8.04G      1.291      1.311      1.428        476        640: 92% ━━━━━━━━━━━─ 65/70 2.3it/s 28.4s<2.1s
[K       9/72      8.04G      1.291       1.31      1.428        432        640: 94% ━━━━━━━━━━━─ 66/70 2.3it/s 28.8s<1.7s
[K       9/72      8.04G      1.294      1.311      1.428        711        640: 95% ━━━━━━━━━━━─ 67/70 2.3it/s 29.2s<1.3s
[K       9/72      8.04G      1.293      1.313      1.429        276        640: 97% ━━━━━━━━━━━╸ 68/70 2.3it/s 29.7s<0.9s
[K       9/72      8.04G      1.292      1.314      1.429        250        640: 98% ━━━━━━━━━━━╸ 69/70 2.3it/s 30.1s<0.4s
[K       9/72      8.04G      1.292      1.314      1.429        250        640: 100% ━━━━━━━━━━━━ 70/70 2.3it/s 30.1s

[K                 Class     Images  Instances      Box(P          R      mAP50  mAP50-95): 20% ━━────────── 1/5 1.5s/it 0.5s<6.2s
[K                 Class     Images  Instances      Box(P          R      mAP50  mAP50-95): 40% ━━━━╸─────── 2/5 1.1it/s 0.9s<2.7s
[K                 Class     Images  Instances      Box(P          R      mAP50  mAP50-95): 60% ━━━━━━━───── 3/5 1.4it/s 1.4s<1.4s
[K                 Class     Images  Instances      Box(P          R      mAP50  mAP50-95): 80% ━━━━━━━━━╸── 4/5 1.7it/s 1.8s<0.6s
[K                 Class     Images  Instances      Box(P          R      mAP50  mAP50-95): 100% ━━━━━━━━━━━━ 5/5 2.2it/s 2.3s
                   all        280       3554      0.696      0.474       0.52      0.279

      Epoch    GPU_mem   box_loss   cls_loss   dfl_loss  Instances       Size

[K      10/72      8.04G      1.242      1.262      1.403        346        640: 0% ──────────── 0/70  0.4s
[K      10/72      8.04G      1.317      1.319      1.485        301        640: 1% ──────────── 1/70 1.4s/it 0.9s<1:37
[K      10/72      8.04G      1.276      1.276       1.43        347        640: 2% ──────────── 2/70 1.2it/s 1.3s<58.6s
[K      10/72      8.04G      1.282        1.3      1.441        365        640: 4% ╸─────────── 3/70 1.5it/s 1.7s<44.2s
[K      10/72      8.04G      1.272      1.295      1.436        341        640: 5% ╸─────────── 4/70 1.8it/s 2.2s<37.6s
[K      10/72      8.04G       1.27      1.278      1.424        326        640: 7% ╸─────────── 5/70 1.9it/s 2.6s<33.6s
[K      10/72      8.04G      1.257      1.271      1.409        336        640: 8% ━─────────── 6/70 2.0it/s 3.0s<31.4s
[K      10/72      8.04G      1.271      1.301      1.429        252        640: 10% ━─────────── 7/70 2.1it/s 3.5s<29.5s
[K      10/72      8.04G      1.266      1.276      1.414        474        640: 11% ━─────────── 8/70 2.2it/s 3.9s<28.3s
[K      10/72      8.04G      1.271      1.279      1.415        490        640: 12% ━╸────────── 9/70 2.3it/s 4.3s<27.1s
[K      10/72      8.04G      1.286      1.298      1.426        567        640: 14% ━╸────────── 10/70 2.2it/s 4.8s<26.7s
[K      10/72      8.04G      1.297      1.304      1.432        364        640: 15% ━╸────────── 11/70 2.3it/s 5.2s<26.0s
[K      10/72      8.04G      1.292      1.307      1.432        315        640: 17% ━━────────── 12/70 2.3it/s 5.6s<25.6s
[K      10/72      8.04G      1.284      1.309       1.43        262        640: 18% ━━────────── 13/70 2.3it/s 6.0s<24.7s
[K      10/72      8.04G      1.286      1.307      1.429        395        640: 20% ━━────────── 14/70 2.3it/s 6.5s<24.4s
[K      10/72      8.04G      1.281      1.305      1.429        325        640: 21% ━━╸───────── 15/70 2.3it/s 6.9s<23.6s
[K      10/72      8.04G      1.281      1.302      1.426        386        640: 22% ━━╸───────── 16/70 2.3it/s 7.3s<23.3s
[K      10/72      8.04G      1.276      1.296      1.423        377        640: 24% ━━╸───────── 17/70 2.3it/s 7.8s<22.8s
[K      10/72      8.04G      1.273      1.292      1.416        457        640: 25% ━━━───────── 18/70 2.3it/s 8.2s<22.5s
[K      10/72      8.04G       1.27      1.282      1.413        435        640: 27% ━━━───────── 19/70 2.3it/s 8.6s<21.8s
[K      10/72      8.04G      1.265      1.272      1.409        355        640: 28% ━━━───────── 20/70 2.3it/s 9.1s<21.5s
[K      10/72      8.04G       1.27      1.275      1.411        430        640: 30% ━━━╸──────── 21/70 2.3it/s 9.5s<21.0s
[K      10/72      8.04G      1.272      1.272       1.41        452        640: 31% ━━━╸──────── 22/70 2.3it/s 9.9s<20.8s
[K      10/72      8.04G      1.269      1.265      1.407        393        640: 32% ━━━╸──────── 23/70 2.3it/s 10.3s<20.1s
[K      10/72      8.04G      1.269      1.267      1.406        474        640: 34% ━━━━──────── 24/70 2.3it/s 10.8s<19.9s
[K      10/72      8.04G      1.268      1.268      1.407        295        640: 35% ━━━━──────── 25/70 2.3it/s 11.2s<19.4s
[K      10/72      8.04G      1.267      1.264      1.403        375        640: 37% ━━━━──────── 26/70 2.3it/s 11.7s<19.3s
[K      10/72      8.04G       1.27       1.27      1.407        353        640: 38% ━━━━╸─────── 27/70 2.3it/s 12.1s<18.6s
[K      10/72      8.04G      1.267      1.269      1.404        428        640: 40% ━━━━╸─────── 28/70 2.3it/s 12.5s<18.3s
[K      10/72      8.04G      1.262      1.263      1.401        316        640: 41% ━━━━╸─────── 29/70 2.3it/s 13.0s<17.7s
[K      10/72      8.04G      1.259      1.264      1.402        293        640: 42% ━━━━━─────── 30/70 2.3it/s 13.4s<17.3s
[K      10/72      8.04G      1.259      1.259      1.399        447        640: 44% ━━━━━─────── 31/70 2.3it/s 13.8s<16.7s
[K      10/72      8.04G      1.259      1.258      1.397        447        640: 45% ━━━━━─────── 32/70 2.3it/s 14.2s<16.4s
[K      10/72      8.04G      1.258      1.259      1.396        404        640: 47% ━━━━━╸────── 33/70 2.3it/s 14.7s<15.8s
[K      10/72      8.04G      1.256      1.257      1.395        349        640: 48% ━━━━━╸────── 34/70 2.3it/s 15.1s<15.6s
[K      10/72      8.04G       1.26       1.26      1.398        404        640: 50% ━━━━━━────── 35/70 2.3it/s 15.5s<15.0s
[K      10/72      8.04G      1.258      1.255      1.395        449        640: 51% ━━━━━━────── 36/70 2.3it/s 16.0s<14.7s
[K      10/72      8.04G      1.258      1.251      1.394        388        640: 52% ━━━━━━────── 37/70 2.3it/s 16.4s<14.2s
[K      10/72      8.04G      1.258       1.25      1.393        404        640: 54% ━━━━━━╸───── 38/70 2.3it/s 16.8s<13.9s
[K      10/72      8.04G      1.258      1.249      1.392        422        640: 55% ━━━━━━╸───── 39/70 2.3it/s 17.3s<13.3s
[K      10/72      8.04G      1.262      1.253      1.395        429        640: 57% ━━━━━━╸───── 40/70 2.3it/s 17.7s<13.1s
[K      10/72      8.04G      1.262      1.252      1.394        311        640: 58% ━━━━━━━───── 41/70 2.3it/s 18.1s<12.4s
[K      10/72      8.04G      1.262      1.254      1.396        322        640: 60% ━━━━━━━───── 42/70 2.3it/s 18.6s<12.1s
[K      10/72      8.04G      1.262      1.255      1.397        343        640: 61% ━━━━━━━───── 43/70 2.3it/s 19.0s<11.6s
[K      10/72      8.04G      1.263      1.256      1.399        331        640: 62% ━━━━━━━╸──── 44/70 2.3it/s 19.4s<11.3s
[K      10/72      8.04G      1.264      1.256      1.399        377        640: 64% ━━━━━━━╸──── 45/70 2.3it/s 19.8s<10.7s
[K      10/72      8.04G      1.263      1.256      1.399        369        640: 65% ━━━━━━━╸──── 46/70 2.3it/s 20.3s<10.3s
[K      10/72      8.04G       1.26      1.257      1.399        278        640: 67% ━━━━━━━━──── 47/70 2.3it/s 20.7s<9.9s
[K      10/72      8.04G      1.258      1.254      1.397        362        640: 68% ━━━━━━━━──── 48/70 2.3it/s 21.1s<9.5s
[K      10/72      8.04G      1.259      1.256        1.4        352        640: 70% ━━━━━━━━──── 49/70 2.3it/s 21.6s<9.1s
[K      10/72      8.04G       1.26      1.258      1.402        362        640: 71% ━━━━━━━━╸─── 50/70 2.3it/s 22.0s<8.7s
[K      10/72      8.04G      1.261      1.259      1.403        409        640: 72% ━━━━━━━━╸─── 51/70 2.3it/s 22.5s<8.2s
[K      10/72      8.04G      1.262      1.258      1.402        438        640: 74% ━━━━━━━━╸─── 52/70 2.3it/s 22.9s<7.9s
[K      10/72      8.04G       1.26      1.256      1.401        342        640: 75% ━━━━━━━━━─── 53/70 2.3it/s 23.3s<7.4s
[K      10/72      8.04G      1.261      1.255      1.402        328        640: 77% ━━━━━━━━━─── 54/70 2.3it/s 23.8s<7.0s
[K      10/72      8.04G      1.262      1.256      1.402        364        640: 78% ━━━━━━━━━─── 55/70 2.3it/s 24.2s<6.5s
[K      10/72      8.04G      1.261      1.255      1.402        403        640: 80% ━━━━━━━━━╸── 56/70 2.3it/s 24.6s<6.1s
[K      10/72      8.04G      1.261      1.254      1.402        461        640: 81% ━━━━━━━━━╸── 57/70 2.3it/s 25.1s<5.6s
[K      10/72      8.04G       1.26      1.252      1.401        328        640: 82% ━━━━━━━━━╸── 58/70 2.3it/s 25.5s<5.2s
[K      10/72      8.04G      1.258      1.252      1.401        310        640: 84% ━━━━━━━━━━── 59/70 2.3it/s 25.9s<4.7s
[K      10/72      8.04G      1.259      1.252        1.4        330        640: 85% ━━━━━━━━━━── 60/70 2.3it/s 26.4s<4.4s
[K      10/72      8.04G       1.26      1.253      1.402        350        640: 87% ━━━━━━━━━━── 61/70 2.3it/s 26.8s<3.9s
[K      10/72      8.04G      1.259      1.251      1.401        411        640: 88% ━━━━━━━━━━╸─ 62/70 2.3it/s 27.2s<3.5s
[K      10/72      8.04G      1.259       1.25      1.401        290        640: 90% ━━━━━━━━━━╸─ 63/70 2.3it/s 27.7s<3.0s
[K      10/72      8.04G      1.258      1.251      1.401        309        640: 91% ━━━━━━━━━━╸─ 64/70 2.3it/s 28.1s<2.6s
[K      10/72      8.04G      1.257      1.249      1.401        300        640: 92% ━━━━━━━━━━━─ 65/70 2.3it/s 28.5s<2.2s
[K      10/72      8.04G      1.255      1.249        1.4        313        640: 94% ━━━━━━━━━━━─ 66/70 2.3it/s 29.0s<1.7s
[K      10/72      8.04G      1.255       1.25      1.402        275        640: 95% ━━━━━━━━━━━─ 67/70 2.3it/s 29.4s<1.3s
[K      10/72      8.04G      1.254      1.251      1.402        288        640: 97% ━━━━━━━━━━━╸ 68/70 2.3it/s 29.8s<0.9s
[K      10/72      8.04G      1.254      1.249      1.401        371        640: 98% ━━━━━━━━━━━╸ 69/70 2.3it/s 30.2s<0.4s
[K      10/72      8.04G      1.254      1.249      1.401        371        640: 100% ━━━━━━━━━━━━ 70/70 2.3it/s 30.2s

[K                 Class     Images  Instances      Box(P          R      mAP50  mAP50-95): 20% ━━────────── 1/5 1.6s/it 0.5s<6.2s
[K                 Class     Images  Instances      Box(P          R      mAP50  mAP50-95): 40% ━━━━╸─────── 2/5 1.1it/s 0.9s<2.7s
[K                 Class     Images  Instances      Box(P          R      mAP50  mAP50-95): 60% ━━━━━━━───── 3/5 1.4it/s 1.4s<1.4s
[K                 Class     Images  Instances      Box(P          R      mAP50  mAP50-95): 80% ━━━━━━━━━╸── 4/5 1.7it/s 1.8s<0.6s
[K                 Class     Images  Instances      Box(P          R      mAP50  mAP50-95): 100% ━━━━━━━━━━━━ 5/5 2.2it/s 2.3s
                   all        280       3554      0.776      0.528      0.594      0.343

      Epoch    GPU_mem   box_loss   cls_loss   dfl_loss  Instances       Size

[K      11/73      8.03G      1.159      1.178      1.323        300        640: 0% ──────────── 0/70  0.4s
[K      11/73      8.03G      1.188      1.185      1.349        399        640: 1% ──────────── 1/70 1.4s/it 0.9s<1:37
[K      11/73      8.03G      1.212       1.23      1.362        412        640: 2% ──────────── 2/70 1.2it/s 1.3s<57.4s
[K      11/73      8.03G      1.225      1.241      1.375        309        640: 4% ╸─────────── 3/70 1.5it/s 1.7s<43.9s
[K      11/73      8.03G      1.246      1.286      1.399        318        640: 5% ╸─────────── 4/70 1.8it/s 2.2s<37.7s
[K      11/73      8.03G       1.26      1.281      1.403        422        640: 7% ╸─────────── 5/70 1.9it/s 2.6s<33.7s
[K      11/73      8.03G      1.254      1.278      1.401        365        640: 8% ━─────────── 6/70 2.0it/s 3.0s<31.6s
[K      11/73      8.03G      1.249      1.275        1.4        310        640: 10% ━─────────── 7/70 2.1it/s 3.4s<29.4s
[K      11/73      8.03G      1.263      1.298      1.418        374        640: 11% ━─────────── 8/70 2.2it/s 3.9s<28.4s
[K      11/73      8.03G       1.27      1.305      1.424        398        640: 12% ━╸────────── 9/70 2.2it/s 4.3s<27.4s
[K      11/73      8.03G      1.258      1.291       1.42        324        640: 14% ━╸────────── 10/70 2.2it/s 4.8s<26.8s
[K      11/73      8.03G      1.262      1.309      1.428        350        640: 15% ━╸────────── 11/70 2.3it/s 5.2s<26.0s
[K      11/73      8.03G      1.263      1.295      1.426        374        640: 17% ━━────────── 12/70 2.3it/s 5.6s<25.6s
[K      11/73      8.03G      1.255      1.289      1.423        254        640: 18% ━━────────── 13/70 2.3it/s 6.1s<24.9s
[K      11/73      8.03G      1.256      1.277       1.42        361        640: 20% ━━────────── 14/70 2.3it/s 6.5s<24.6s
[K      11/73      8.03G       1.26      1.281      1.422        355        640: 21% ━━╸───────── 15/70 2.3it/s 6.9s<23.8s
[K      11/73      8.03G      1.262      1.279       1.42        405        640: 22% ━━╸───────── 16/70 2.3it/s 7.4s<23.5s
[K      11/73      8.03G      1.265      1.278      1.421        451        640: 24% ━━╸───────── 17/70 2.3it/s 7.8s<22.9s
[K      11/73      8.03G      1.267       1.28      1.422        368        640: 25% ━━━───────── 18/70 2.3it/s 8.2s<22.6s
[K      11/73      8.03G       1.27      1.282      1.424        325        640: 27% ━━━───────── 19/70 2.3it/s 8.6s<22.0s
[K      11/73      8.03G      1.263       1.28      1.419        295        640: 28% ━━━───────── 20/70 2.3it/s 9.1s<21.8s
[K      11/73      8.03G      1.264       1.28       1.42        384        640: 30% ━━━╸──────── 21/70 2.3it/s 9.5s<21.2s
[K      11/73      8.03G      1.264      1.274      1.416        457        640: 31% ━━━╸──────── 22/70 2.3it/s 10.0s<20.9s
[K      11/73      8.03G       1.26       1.27      1.414        337        640: 32% ━━━╸──────── 23/70 2.3it/s 10.4s<20.3s
[K      11/73      8.03G      1.258      1.267      1.413        330        640: 34% ━━━━──────── 24/70 2.3it/s 10.8s<20.1s
[K      11/73      8.03G      1.268      1.283       1.42        501        640: 35% ━━━━──────── 25/70 2.3it/s 11.3s<19.5s
[K      11/73      8.03G      1.274      1.289      1.426        374        640: 37% ━━━━──────── 26/70 2.3it/s 11.7s<19.2s
[K      11/73      8.03G      1.272      1.284      1.424        379        640: 38% ━━━━╸─────── 27/70 2.3it/s 12.1s<18.7s
[K      11/73      8.03G      1.273      1.285      1.425        348        640: 40% ━━━━╸─────── 28/70 2.3it/s 12.6s<18.4s
[K      11/73      8.03G       1.27      1.277       1.42        428        640: 41% ━━━━╸─────── 29/70 2.3it/s 13.0s<17.8s
[K      11/73      8.03G      1.273      1.279      1.421        441        640: 42% ━━━━━─────── 30/70 2.3it/s 13.5s<17.6s
[K      11/73      8.03G       1.27      1.276      1.419        397        640: 44% ━━━━━─────── 31/70 2.3it/s 13.9s<17.0s
[K      11/73      8.03G      1.267      1.273       1.42        269        640: 45% ━━━━━─────── 32/70 2.3it/s 14.3s<16.5s
[K      11/73      8.03G      1.269      1.273      1.419        489        640: 47% ━━━━━╸────── 33/70 2.3it/s 14.8s<16.0s
[K      11/73      8.03G      1.268       1.27      1.416        383        640: 48% ━━━━━╸────── 34/70 2.3it/s 15.2s<15.7s
[K      11/73      8.03G      1.267      1.268      1.415        402        640: 50% ━━━━━━────── 35/70 2.3it/s 15.6s<15.2s
[K      11/73      8.03G      1.268      1.273      1.416        321        640: 51% ━━━━━━────── 36/70 2.3it/s 16.1s<14.8s
[K      11/73      8.03G      1.267      1.274      1.415        307        640: 52% ━━━━━━────── 37/70 2.3it/s 16.5s<14.2s
[K      11/73      8.03G      1.266      1.269      1.413        404        640: 54% ━━━━━━╸───── 38/70 2.3it/s 16.9s<14.0s
[K      11/73      8.03G      1.268      1.269      1.412        507        640: 55% ━━━━━━╸───── 39/70 2.3it/s 17.4s<13.5s
[K      11/73      8.03G      1.264      1.265       1.41        267        640: 57% ━━━━━━╸───── 40/70 2.3it/s 17.8s<13.1s
[K      11/73      8.03G      1.263      1.263      1.409        383        640: 58% ━━━━━━━───── 41/70 2.3it/s 18.2s<12.5s
[K      11/73      8.03G      1.261      1.259      1.407        319        640: 60% ━━━━━━━───── 42/70 2.3it/s 18.7s<12.2s
[K      11/73      8.03G      1.263       1.26      1.408        331        640: 61% ━━━━━━━───── 43/70 2.3it/s 19.1s<11.7s
[K      11/73      8.03G      1.263      1.261      1.409        333        640: 62% ━━━━━━━╸──── 44/70 2.3it/s 19.6s<11.4s
[K      11/73      8.03G      1.263      1.263       1.41        317        640: 64% ━━━━━━━╸──── 45/70 2.3it/s 20.0s<10.8s
[K      11/73      8.03G      1.264      1.262      1.411        426        640: 65% ━━━━━━━╸──── 46/70 2.3it/s 20.4s<10.5s
[K      11/73      8.03G      1.262      1.259       1.41        317        640: 67% ━━━━━━━━──── 47/70 2.3it/s 20.8s<9.9s
[K      11/73      8.03G      1.261      1.257      1.409        497        640: 68% ━━━━━━━━──── 48/70 2.3it/s 21.3s<9.6s
[K      11/73      8.03G      1.263      1.257      1.409        302        640: 70% ━━━━━━━━──── 49/70 2.3it/s 21.7s<9.1s
[K      11/73      8.03G      1.261      1.256      1.408        348        640: 71% ━━━━━━━━╸─── 50/70 2.3it/s 22.2s<8.7s
[K      11/73      8.03G      1.262      1.255      1.409        312        640: 72% ━━━━━━━━╸─── 51/70 2.3it/s 22.6s<8.2s
[K      11/73      8.03G      1.264      1.255       1.41        416        640: 74% ━━━━━━━━╸─── 52/70 2.3it/s 23.0s<7.9s
[K      11/73      8.03G      1.261      1.255      1.409        308        640: 75% ━━━━━━━━━─── 53/70 2.3it/s 23.5s<7.4s
[K      11/73      8.03G      1.261      1.254      1.409        295        640: 77% ━━━━━━━━━─── 54/70 2.3it/s 23.9s<7.0s
[K      11/73      8.03G      1.258      1.253      1.407        309        640: 78% ━━━━━━━━━─── 55/70 2.3it/s 24.3s<6.5s
[K      11/73      8.03G      1.261      1.259       1.41        340        640: 80% ━━━━━━━━━╸── 56/70 2.3it/s 24.8s<6.1s
[K      11/73      8.03G      1.261      1.258      1.409        479        640: 81% ━━━━━━━━━╸── 57/70 2.3it/s 25.2s<5.6s
[K      11/73      8.03G      1.261      1.257      1.409        359        640: 82% ━━━━━━━━━╸── 58/70 2.3it/s 25.6s<5.2s
[K      11/73      8.03G      1.261      1.258       1.41        346        640: 84% ━━━━━━━━━━── 59/70 2.3it/s 26.1s<4.8s
[K      11/73      8.03G      1.259      1.256      1.409        292        640: 85% ━━━━━━━━━━── 60/70 2.3it/s 26.5s<4.4s
[K      11/73      8.03G      1.258      1.256      1.409        314        640: 87% ━━━━━━━━━━── 61/70 2.3it/s 26.9s<3.9s
[K      11/73      8.03G      1.259      1.258       1.41        336        640: 88% ━━━━━━━━━━╸─ 62/70 2.3it/s 27.4s<3.5s
[K      11/73      8.03G      1.259      1.258       1.41        430        640: 90% ━━━━━━━━━━╸─ 63/70 2.3it/s 27.8s<3.0s
[K      11/73      8.03G      1.257      1.256      1.408        362        640: 91% ━━━━━━━━━━╸─ 64/70 2.3it/s 28.2s<2.6s
[K      11/73      8.03G      1.259      1.258      1.409        426        640: 92% ━━━━━━━━━━━─ 65/70 2.3it/s 28.7s<2.2s
[K      11/73      8.03G      1.261      1.262       1.41        463        640: 94% ━━━━━━━━━━━─ 66/70 2.3it/s 29.1s<1.7s
[K      11/73      8.03G       1.26      1.261       1.41        287        640: 95% ━━━━━━━━━━━─ 67/70 2.3it/s 29.5s<1.3s
[K      11/73      8.03G      1.262      1.262      1.412        342        640: 97% ━━━━━━━━━━━╸ 68/70 2.3it/s 30.0s<0.9s
[K      11/73      8.03G      1.262      1.262      1.412        446        640: 98% ━━━━━━━━━━━╸ 69/70 2.3it/s 30.4s<0.4s
[K      11/73      8.03G      1.262      1.262      1.412        446        640: 100% ━━━━━━━━━━━━ 70/70 2.3it/s 30.4s

[K                 Class     Images  Instances      Box(P          R      mAP50  mAP50-95): 20% ━━────────── 1/5 1.5s/it 0.5s<6.2s
[K                 Class     Images  Instances      Box(P          R      mAP50  mAP50-95): 40% ━━━━╸─────── 2/5 1.1it/s 0.9s<2.7s
[K                 Class     Images  Instances      Box(P          R      mAP50  mAP50-95): 60% ━━━━━━━───── 3/5 1.4it/s 1.4s<1.4s
[K                 Class     Images  Instances      Box(P          R      mAP50  mAP50-95): 80% ━━━━━━━━━╸── 4/5 1.7it/s 1.8s<0.6s
[K                 Class     Images  Instances      Box(P          R      mAP50  mAP50-95): 100% ━━━━━━━━━━━━ 5/5 2.2it/s 2.3s
                   all        280       3554      0.751      0.543      0.609      0.354

      Epoch    GPU_mem   box_loss   cls_loss   dfl_loss  Instances       Size

[K      12/73      8.04G      1.084       1.05      1.268        371        640: 0% ──────────── 0/70  0.4s
[K      12/73      8.04G      1.139      1.137      1.332        339        640: 1% ──────────── 1/70 1.4s/it 0.9s<1:40
[K      12/73      8.04G      1.208      1.255      1.381        397        640: 2% ──────────── 2/70 1.2it/s 1.3s<58.1s
[K      12/73      8.04G       1.24      1.291        1.4        355        640: 4% ╸─────────── 3/70 1.5it/s 1.7s<43.9s
[K      12/73      8.04G      1.234       1.29      1.395        409        640: 5% ╸─────────── 4/70 1.7it/s 2.2s<37.9s
[K      12/73      8.04G      1.233      1.263      1.382        462        640: 7% ╸─────────── 5/70 1.9it/s 2.6s<33.8s
[K      12/73      8.04G      1.231      1.252      1.378        397        640: 8% ━─────────── 6/70 2.0it/s 3.0s<31.7s
[K      12/73      8.04G      1.236      1.239      1.381        439        640: 10% ━─────────── 7/70 2.1it/s 3.5s<29.5s
[K      12/73      8.04G      1.252      1.244      1.386        411        640: 11% ━─────────── 8/70 2.2it/s 3.9s<28.8s
[K      12/73      8.04G      1.245      1.249      1.381        312        640: 12% ━╸────────── 9/70 2.2it/s 4.3s<27.4s
[K      12/73      8.04G      1.255      1.269      1.389        437        640: 14% ━╸────────── 10/70 2.2it/s 4.8s<26.8s
[K      12/73      8.04G      1.267      1.281      1.395        475        640: 15% ━╸────────── 11/70 2.3it/s 5.2s<25.9s
[K      12/73      8.04G      1.263      1.279      1.396        287        640: 17% ━━────────── 12/70 2.3it/s 5.6s<25.5s
[K      12/73      8.04G      1.266      1.274      1.394        513        640: 18% ━━────────── 13/70 2.3it/s 6.1s<24.8s
[K      12/73      8.04G      1.259      1.278      1.399        246        640: 20% ━━────────── 14/70 2.3it/s 6.5s<24.3s
[K      12/73      8.04G      1.254      1.271      1.395        434        640: 21% ━━╸───────── 15/70 2.3it/s 6.9s<23.6s
[K      12/73      8.04G      1.253      1.266      1.392        337        640: 22% ━━╸───────── 16/70 2.3it/s 7.4s<23.4s
[K      12/73      8.04G      1.256      1.268      1.395        326        640: 24% ━━╸───────── 17/70 2.3it/s 7.8s<22.8s
[K      12/73      8.04G      1.251      1.273      1.395        246        640: 25% ━━━───────── 18/70 2.3it/s 8.2s<22.6s
[K      12/73      8.04G      1.245      1.263      1.391        343        640: 27% ━━━───────── 19/70 2.3it/s 8.6s<22.0s
[K      12/73      8.04G      1.241      1.261      1.391        299        640: 28% ━━━───────── 20/70 2.3it/s 9.1s<21.6s
[K      12/73      8.04G      1.241      1.264      1.392        377        640: 30% ━━━╸──────── 21/70 2.3it/s 9.5s<21.0s
[K      12/73      8.04G      1.239      1.257      1.388        377        640: 31% ━━━╸──────── 22/70 2.3it/s 9.9s<20.7s
[K      12/73      8.04G      1.239      1.251      1.387        442        640: 32% ━━━╸──────── 23/70 2.3it/s 10.4s<20.2s
[K      12/73      8.04G      1.234      1.247      1.383        378        640: 34% ━━━━──────── 24/70 2.3it/s 10.8s<19.9s
[K      12/73      8.04G      1.233       1.25      1.384        361        640: 35% ━━━━──────── 25/70 2.3it/s 11.2s<19.2s
[K      12/73      8.04G      1.233      1.247      1.381        391        640: 37% ━━━━──────── 26/70 2.3it/s 11.7s<19.0s
[K      12/73      8.04G      1.242      1.257      1.389        369        640: 38% ━━━━╸─────── 27/70 2.3it/s 12.1s<18.6s
[K      12/73      8.04G      1.241      1.257       1.39        348        640: 40% ━━━━╸─────── 28/70 2.3it/s 12.5s<18.2s
[K      12/73      8.04G      1.242      1.252      1.388        516        640: 41% ━━━━╸─────── 29/70 2.3it/s 13.0s<17.6s
[K      12/73      8.04G      1.234      1.251      1.386        203        640: 42% ━━━━━─────── 30/70 2.3it/s 13.4s<17.2s
[K      12/73      8.04G      1.236       1.25      1.389        287        640: 44% ━━━━━─────── 31/70 2.3it/s 13.8s<16.7s
[K      12/73      8.04G      1.233      1.243      1.388        287        640: 45% ━━━━━─────── 32/70 2.3it/s 14.3s<16.5s
[K      12/73      8.04G      1.233      1.243      1.387        451        640: 47% ━━━━━╸────── 33/70 2.3it/s 14.7s<15.9s
[K      12/73      8.04G      1.234      1.245      1.389        371        640: 48% ━━━━━╸────── 34/70 2.3it/s 15.1s<15.5s
[K      12/73      8.04G      1.235      1.246       1.39        530        640: 50% ━━━━━━────── 35/70 2.3it/s 15.5s<15.0s
[K      12/73      8.04G      1.236      1.247      1.391        344        640: 51% ━━━━━━────── 36/70 2.3it/s 16.0s<14.7s
[K      12/73      8.04G      1.238      1.245       1.39        507        640: 52% ━━━━━━────── 37/70 2.3it/s 16.4s<14.1s
[K      12/73      8.04G      1.239      1.245      1.391        336        640: 54% ━━━━━━╸───── 38/70 2.3it/s 16.8s<13.8s
[K      12/73      8.04G      1.241      1.245      1.391        474        640: 55% ━━━━━━╸───── 39/70 2.3it/s 17.3s<13.3s
[K      12/73      8.04G       1.24      1.243       1.39        443        640: 57% ━━━━━━╸───── 40/70 2.3it/s 17.7s<13.0s
[K      12/73      8.04G       1.24      1.239      1.388        386        640: 58% ━━━━━━━───── 41/70 2.3it/s 18.1s<12.5s
[K      12/73      8.04G      1.239      1.241      1.389        301        640: 60% ━━━━━━━───── 42/70 2.3it/s 18.6s<12.1s
[K      12/73      8.04G      1.238      1.237      1.387        407        640: 61% ━━━━━━━───── 43/70 2.3it/s 19.0s<11.6s
[K      12/73      8.04G       1.24       1.24      1.388        410        640: 62% ━━━━━━━╸──── 44/70 2.3it/s 19.4s<11.3s
[K      12/73      8.04G      1.238      1.237      1.386        333        640: 64% ━━━━━━━╸──── 45/70 2.3it/s 19.9s<10.7s
[K      12/73      8.04G      1.238      1.237      1.386        319        640: 65% ━━━━━━━╸──── 46/70 2.3it/s 20.3s<10.4s
[K      12/73      8.04G      1.236      1.233      1.384        436        640: 67% ━━━━━━━━──── 47/70 2.3it/s 20.7s<9.8s
[K      12/73      8.04G      1.237      1.235      1.384        438        640: 68% ━━━━━━━━──── 48/70 2.3it/s 21.2s<9.5s
[K      12/73      8.04G      1.236      1.233      1.384        416        640: 70% ━━━━━━━━──── 49/70 2.3it/s 21.6s<9.0s
[K      12/73      8.04G      1.236      1.231      1.383        375        640: 71% ━━━━━━━━╸─── 50/70 2.3it/s 22.0s<8.6s
[K      12/73      8.04G      1.236      1.229      1.382        435        640: 72% ━━━━━━━━╸─── 51/70 2.3it/s 22.4s<8.2s
[K      12/73      8.04G      1.238      1.228      1.382        540        640: 74% ━━━━━━━━╸─── 52/70 2.3it/s 22.9s<7.8s
[K      12/73      8.04G      1.236      1.224      1.381        341        640: 75% ━━━━━━━━━─── 53/70 2.3it/s 23.3s<7.3s
[K      12/73      8.04G      1.234      1.221       1.38        283        640: 77% ━━━━━━━━━─── 54/70 2.3it/s 23.8s<7.0s
[K      12/73      8.04G       1.23      1.216      1.378        297        640: 78% ━━━━━━━━━─── 55/70 2.3it/s 24.2s<6.5s
[K      12/73      8.04G      1.234       1.22       1.38        463        640: 80% ━━━━━━━━━╸── 56/70 2.3it/s 24.6s<6.1s
[K      12/73      8.04G      1.234      1.223      1.383        285        640: 81% ━━━━━━━━━╸── 57/70 2.3it/s 25.1s<5.6s
[K      12/73      8.04G      1.234      1.223      1.383        364        640: 82% ━━━━━━━━━╸── 58/70 2.3it/s 25.5s<5.2s
[K      12/73      8.04G      1.236      1.222      1.384        393        640: 84% ━━━━━━━━━━── 59/70 2.3it/s 25.9s<4.7s
[K      12/73      8.04G      1.234       1.22      1.383        330        640: 85% ━━━━━━━━━━── 60/70 2.3it/s 26.4s<4.3s
[K      12/73      8.04G      1.233      1.218      1.382        328        640: 87% ━━━━━━━━━━── 61/70 2.3it/s 26.8s<3.9s
[K      12/73      8.04G      1.232      1.217      1.382        358        640: 88% ━━━━━━━━━━╸─ 62/70 2.3it/s 27.2s<3.5s
[K      12/73      8.04G      1.232      1.216      1.381        445        640: 90% ━━━━━━━━━━╸─ 63/70 2.3it/s 27.6s<3.0s
[K      12/73      8.04G      1.232      1.213       1.38        502        640: 91% ━━━━━━━━━━╸─ 64/70 2.3it/s 28.1s<2.6s
[K      12/73      8.04G      1.233      1.215      1.382        361        640: 92% ━━━━━━━━━━━─ 65/70 2.3it/s 28.5s<2.2s
[K      12/73      8.04G      1.234      1.214      1.382        389        640: 94% ━━━━━━━━━━━─ 66/70 2.3it/s 29.0s<1.7s
[K      12/73      8.04G      1.234      1.214      1.382        380        640: 95% ━━━━━━━━━━━─ 67/70 2.3it/s 29.4s<1.3s
[K      12/73      8.04G      1.233      1.213      1.381        393        640: 97% ━━━━━━━━━━━╸ 68/70 2.3it/s 29.8s<0.9s
[K      12/73      8.04G      1.234      1.215      1.381        278        640: 98% ━━━━━━━━━━━╸ 69/70 2.3it/s 30.2s<0.4s
[K      12/73      8.04G      1.234      1.215      1.381        278        640: 100% ━━━━━━━━━━━━ 70/70 2.3it/s 30.2s

[K                 Class     Images  Instances      Box(P          R      mAP50  mAP50-95): 20% ━━────────── 1/5 1.5s/it 0.5s<6.0s
[K                 Class     Images  Instances      Box(P          R      mAP50  mAP50-95): 40% ━━━━╸─────── 2/5 1.1it/s 0.9s<2.7s
[K                 Class     Images  Instances      Box(P          R      mAP50  mAP50-95): 60% ━━━━━━━───── 3/5 1.4it/s 1.4s<1.4s
[K                 Class     Images  Instances      Box(P          R      mAP50  mAP50-95): 80% ━━━━━━━━━╸── 4/5 1.7it/s 1.8s<0.6s
[K                 Class     Images  Instances      Box(P          R      mAP50  mAP50-95): 100% ━━━━━━━━━━━━ 5/5 2.2it/s 2.2s
                   all        280       3554      0.723      0.453      0.512      0.295

      Epoch    GPU_mem   box_loss   cls_loss   dfl_loss  Instances       Size

[K      13/73      8.06G      1.209      1.214      1.327        405        640: 0% ──────────── 0/70  0.4s
[K      13/73      8.06G      1.191      1.121      1.287        524        640: 1% ──────────── 1/70 1.4s/it 0.9s<1:36
[K      13/73      8.06G      1.186      1.112        1.3        418        640: 2% ──────────── 2/70 1.2it/s 1.3s<57.5s
[K      13/73      8.06G      1.197       1.14      1.307        398        640: 4% ╸─────────── 3/70 1.5it/s 1.7s<43.4s
[K      13/73      8.06G       1.19      1.149      1.319        303        640: 5% ╸─────────── 4/70 1.8it/s 2.2s<37.5s
[K      13/73      8.06G      1.203      1.146      1.331        349        640: 7% ╸─────────── 5/70 1.9it/s 2.6s<33.3s
[K      13/73      8.06G      1.203      1.148      1.333        416        640: 8% ━─────────── 6/70 2.1it/s 3.0s<31.2s
[K      13/73      8.06G      1.202      1.161      1.338        338        640: 10% ━─────────── 7/70 2.2it/s 3.4s<29.2s
[K      13/73      8.06G      1.201      1.174      1.341        417        640: 11% ━─────────── 8/70 2.2it/s 3.9s<28.4s
[K      13/73      8.06G      1.207       1.18      1.345        436        640: 12% ━╸────────── 9/70 2.2it/s 4.3s<27.1s
[K      13/73      8.06G       1.22      1.199      1.357        427        640: 14% ━╸────────── 10/70 2.3it/s 4.7s<26.6s
[K      13/73      8.06G      1.212      1.196      1.357        259        640: 15% ━╸────────── 11/70 2.3it/s 5.1s<25.6s
[K      13/73      8.06G      1.216      1.194       1.36        377        640: 17% ━━────────── 12/70 2.3it/s 5.6s<25.2s
[K      13/73      8.06G      1.208      1.194      1.359        308        640: 18% ━━────────── 13/70 2.3it/s 6.0s<24.4s
[K      13/73      8.06G      1.209      1.193      1.362        347        640: 20% ━━────────── 14/70 2.3it/s 6.4s<24.1s
[K      13/73      8.06G      1.205      1.191      1.361        316        640: 21% ━━╸───────── 15/70 2.3it/s 6.8s<23.5s
[K      13/73      8.06G      1.203      1.193      1.362        327        640: 22% ━━╸───────── 16/70 2.3it/s 7.3s<23.2s
[K      13/73      8.06G      1.211      1.198      1.365        391        640: 24% ━━╸───────── 17/70 2.3it/s 7.7s<22.7s
[K      13/73      8.06G      1.222      1.209      1.376        351        640: 25% ━━━───────── 18/70 2.3it/s 8.2s<22.5s
[K      13/73      8.06G      1.221      1.209      1.376        399        640: 27% ━━━───────── 19/70 2.3it/s 8.6s<21.9s
[K      13/73      8.06G      1.219      1.211      1.378        303        640: 28% ━━━───────── 20/70 2.3it/s 9.0s<21.7s
[K      13/73      8.06G      1.212      1.211      1.376        232        640: 30% ━━━╸──────── 21/70 2.3it/s 9.4s<21.0s
[K      13/73      8.06G      1.208      1.212      1.374        313        640: 31% ━━━╸──────── 22/70 2.3it/s 9.9s<20.8s
[K      13/73      8.06G      1.208      1.213      1.375        387        640: 32% ━━━╸──────── 23/70 2.3it/s 10.3s<20.2s
[K      13/73      8.06G      1.206      1.209      1.374        331        640: 34% ━━━━──────── 24/70 2.3it/s 10.8s<20.1s
[K      13/73      8.06G      1.207      1.211      1.375        371        640: 35% ━━━━──────── 25/70 2.3it/s 11.2s<19.4s
[K      13/73      8.06G      1.204       1.21      1.374        303        640: 37% ━━━━──────── 26/70 2.3it/s 11.6s<19.1s
[K      13/73      8.06G      1.198      1.205      1.371        304        640: 38% ━━━━╸─────── 27/70 2.3it/s 12.0s<18.4s
[K      13/73      8.06G      1.189      1.201      1.368        259        640: 40% ━━━━╸─────── 28/70 2.3it/s 12.5s<18.1s
[K      13/73      8.06G      1.192        1.2      1.369        373        640: 41% ━━━━╸─────── 29/70 2.3it/s 12.9s<17.5s
[K      13/73      8.06G      1.192      1.197      1.368        306        640: 42% ━━━━━─────── 30/70 2.3it/s 13.3s<17.2s
[K      13/73      8.06G      1.195      1.201      1.371        361        640: 44% ━━━━━─────── 31/70 2.3it/s 13.8s<16.7s
[K      13/73      8.06G      1.192      1.199       1.37        349        640: 45% ━━━━━─────── 32/70 2.3it/s 14.2s<16.4s
[K      13/73      8.06G      1.191        1.2      1.369        385        640: 47% ━━━━━╸────── 33/70 2.3it/s 14.6s<15.9s
[K      13/73      8.06G      1.192      1.198      1.369        439        640: 48% ━━━━━╸────── 34/70 2.3it/s 15.1s<15.6s
[K      13/73      8.06G      1.192      1.199      1.371        312        640: 50% ━━━━━━────── 35/70 2.3it/s 15.5s<15.1s
[K      13/73      8.06G      1.192      1.198       1.37        309        640: 51% ━━━━━━────── 36/70 2.3it/s 15.9s<14.8s
[K      13/73      8.06G       1.19      1.195      1.369        373        640: 52% ━━━━━━────── 37/70 2.3it/s 16.3s<14.2s
[K      13/73      8.06G      1.191      1.195       1.37        328        640: 54% ━━━━━━╸───── 38/70 2.3it/s 16.8s<13.9s
[K      13/73      8.06G       1.19      1.196      1.368        408        640: 55% ━━━━━━╸───── 39/70 2.3it/s 17.2s<13.3s
[K      13/73      8.06G       1.19      1.194      1.368        345        640: 57% ━━━━━━╸───── 40/70 2.3it/s 17.7s<13.0s
[K      13/73      8.06G      1.192      1.195      1.369        283        640: 58% ━━━━━━━───── 41/70 2.3it/s 18.1s<12.5s
[K      13/73      8.06G      1.192      1.192      1.367        277        640: 60% ━━━━━━━───── 42/70 2.3it/s 18.5s<12.1s
[K      13/73      8.06G       1.19       1.19      1.367        333        640: 61% ━━━━━━━───── 43/70 2.3it/s 18.9s<11.6s
[K      13/73      8.06G      1.193      1.192      1.369        322        640: 62% ━━━━━━━╸──── 44/70 2.3it/s 19.4s<11.3s
[K      13/73      8.06G      1.195      1.193      1.369        360        640: 64% ━━━━━━━╸──── 45/70 2.3it/s 19.8s<10.7s
[K      13/73      8.06G      1.199      1.195      1.371        402        640: 65% ━━━━━━━╸──── 46/70 2.3it/s 20.3s<10.5s
[K      13/73      8.06G      1.202      1.198      1.373        381        640: 67% ━━━━━━━━──── 47/70 2.3it/s 20.7s<10.0s
[K      13/73      8.06G      1.202      1.196      1.371        426        640: 68% ━━━━━━━━──── 48/70 2.3it/s 21.1s<9.6s
[K      13/73      8.06G        1.2      1.195      1.369        287        640: 70% ━━━━━━━━──── 49/70 2.3it/s 21.5s<9.1s
[K      13/73      8.06G      1.202      1.196      1.371        415        640: 71% ━━━━━━━━╸─── 50/70 2.3it/s 22.0s<8.7s
[K      13/73      8.06G      1.204      1.194      1.371        413        640: 72% ━━━━━━━━╸─── 51/70 2.3it/s 22.4s<8.2s
[K      13/73      8.06G      1.206      1.197      1.373        362        640: 74% ━━━━━━━━╸─── 52/70 2.3it/s 22.9s<7.8s
[K      13/73      8.06G      1.208        1.2      1.373        392        640: 75% ━━━━━━━━━─── 53/70 2.3it/s 23.3s<7.3s
[K      13/73      8.06G      1.206      1.197      1.373        295        640: 77% ━━━━━━━━━─── 54/70 2.3it/s 23.7s<6.9s
[K      13/73      8.06G      1.208      1.197      1.372        395        640: 78% ━━━━━━━━━─── 55/70 2.3it/s 24.1s<6.5s
[K      13/73      8.06G      1.206      1.194       1.37        327        640: 80% ━━━━━━━━━╸── 56/70 2.3it/s 24.6s<6.1s
[K      13/73      8.06G      1.207      1.193       1.37        334        640: 81% ━━━━━━━━━╸── 57/70 2.3it/s 25.0s<5.6s
[K      13/73      8.06G      1.205       1.19      1.369        392        640: 82% ━━━━━━━━━╸── 58/70 2.3it/s 25.4s<5.2s
[K      13/73      8.06G      1.203      1.188      1.368        341        640: 84% ━━━━━━━━━━── 59/70 2.3it/s 25.9s<4.7s
[K      13/73      8.06G      1.202      1.185      1.366        362        640: 85% ━━━━━━━━━━── 60/70 2.3it/s 26.3s<4.3s
[K      13/73      8.06G        1.2      1.184      1.365        314        640: 87% ━━━━━━━━━━── 61/70 2.3it/s 26.7s<3.9s
[K      13/73      8.06G      1.202      1.184      1.366        307        640: 88% ━━━━━━━━━━╸─ 62/70 2.3it/s 27.2s<3.5s
[K      13/73      8.06G      1.201      1.183      1.365        296        640: 90% ━━━━━━━━━━╸─ 63/70 2.3it/s 27.6s<3.0s
[K      13/73      8.06G      1.202      1.186      1.367        366        640: 91% ━━━━━━━━━━╸─ 64/70 2.3it/s 28.0s<2.6s
[K      13/73      8.06G      1.204      1.187      1.368        424        640: 92% ━━━━━━━━━━━─ 65/70 2.3it/s 28.5s<2.2s
[K      13/73      8.06G      1.204      1.189      1.369        331        640: 94% ━━━━━━━━━━━─ 66/70 2.3it/s 28.9s<1.7s
[K      13/73      8.06G      1.203      1.189      1.369        392        640: 95% ━━━━━━━━━━━─ 67/70 2.3it/s 29.3s<1.3s
[K      13/73      8.06G      1.205      1.192      1.369        381        640: 97% ━━━━━━━━━━━╸ 68/70 2.3it/s 29.8s<0.9s
[K      13/73      8.06G      1.205      1.189      1.368        412        640: 98% ━━━━━━━━━━━╸ 69/70 2.3it/s 30.2s<0.4s
[K      13/73      8.06G      1.205      1.189      1.368        412        640: 100% ━━━━━━━━━━━━ 70/70 2.3it/s 30.2s

[K                 Class     Images  Instances      Box(P          R      mAP50  mAP50-95): 20% ━━────────── 1/5 1.5s/it 0.5s<6.1s
[K                 Class     Images  Instances      Box(P          R      mAP50  mAP50-95): 40% ━━━━╸─────── 2/5 1.1it/s 0.9s<2.7s
[K                 Class     Images  Instances      Box(P          R      mAP50  mAP50-95): 60% ━━━━━━━───── 3/5 1.5it/s 1.3s<1.4s
[K                 Class     Images  Instances      Box(P          R      mAP50  mAP50-95): 80% ━━━━━━━━━╸── 4/5 1.7it/s 1.8s<0.6s
[K                 Class     Images  Instances      Box(P          R      mAP50  mAP50-95): 100% ━━━━━━━━━━━━ 5/5 2.2it/s 2.2s
                   all        280       3554       0.76      0.559      0.631      0.379

      Epoch    GPU_mem   box_loss   cls_loss   dfl_loss  Instances       Size

[K      14/73      8.07G      1.132       1.07      1.288        296        640: 0% ──────────── 0/70  0.4s
[K      14/73      8.07G      1.161      1.096      1.328        309        640: 1% ──────────── 1/70 1.4s/it 0.9s<1:38
[K      14/73      8.07G      1.216      1.146      1.353        449        640: 2% ──────────── 2/70 1.2it/s 1.3s<57.6s
[K      14/73      8.07G      1.216      1.147      1.364        401        640: 4% ╸─────────── 3/70 1.5it/s 1.7s<43.6s
[K      14/73      8.07G      1.189      1.122      1.353        284        640: 5% ╸─────────── 4/70 1.8it/s 2.2s<37.5s
[K      14/73      8.07G      1.201      1.122      1.354        468        640: 7% ╸─────────── 5/70 1.9it/s 2.6s<33.4s
[K      14/73      8.07G      1.204      1.128      1.349        440        640: 8% ━─────────── 6/70 2.0it/s 3.0s<31.4s
[K      14/73      8.07G      1.203      1.141       1.35        435        640: 10% ━─────────── 7/70 2.1it/s 3.4s<29.5s
[K      14/73      8.07G      1.208      1.148      1.355        316        640: 11% ━─────────── 8/70 2.2it/s 3.9s<28.5s
[K      14/73      8.07G      1.197      1.154      1.361        200        640: 12% ━╸────────── 9/70 2.2it/s 4.3s<27.2s
[K      14/73      8.07G      1.189      1.144      1.357        317        640: 14% ━╸────────── 10/70 2.3it/s 4.7s<26.6s
[K      14/73      8.07G      1.176       1.13      1.353        299        640: 15% ━╸────────── 11/70 2.3it/s 5.2s<25.8s
[K      14/73      8.07G      1.172      1.133      1.356        292        640: 17% ━━────────── 12/70 2.3it/s 5.6s<25.4s
[K      14/73      8.07G      1.187      1.139      1.363        425        640: 18% ━━────────── 13/70 2.3it/s 6.0s<24.8s
[K      14/73      8.07G      1.189      1.135      1.362        429        640: 20% ━━────────── 14/70 2.3it/s 6.5s<24.4s
[K      14/73      8.07G      1.189      1.139      1.361        346        640: 21% ━━╸───────── 15/70 2.3it/s 6.9s<23.7s
[K      14/73      8.07G      1.188      1.142      1.363        314        640: 22% ━━╸───────── 16/70 2.3it/s 7.3s<23.6s
[K      14/73      8.07G      1.184      1.135      1.357        426        640: 24% ━━╸───────── 17/70 2.3it/s 7.8s<22.9s
[K      14/73      8.07G      1.182      1.135      1.357        291        640: 25% ━━━───────── 18/70 2.3it/s 8.2s<22.7s
[K      14/73      8.07G      1.179      1.139      1.357        269        640: 27% ━━━───────── 19/70 2.3it/s 8.6s<22.1s
[K      14/73      8.07G      1.176      1.133      1.354        355        640: 28% ━━━───────── 20/70 2.3it/s 9.1s<21.8s
[K      14/73      8.07G      1.186      1.152      1.362        510        640: 30% ━━━╸──────── 21/70 2.3it/s 9.5s<21.2s
[K      14/73      8.07G      1.181       1.15       1.36        307        640: 31% ━━━╸──────── 22/70 2.3it/s 9.9s<20.9s
[K      14/73      8.07G      1.177      1.147      1.358        348        640: 32% ━━━╸──────── 23/70 2.3it/s 10.4s<20.3s
[K      14/73      8.07G      1.177      1.148      1.357        312        640: 34% ━━━━──────── 24/70 2.3it/s 10.8s<19.9s
[K      14/73      8.07G      1.178      1.151      1.358        322        640: 35% ━━━━──────── 25/70 2.3it/s 11.2s<19.3s
[K      14/73      8.07G      1.177      1.157      1.361        272        640: 37% ━━━━──────── 26/70 2.3it/s 11.7s<19.1s
[K      14/73      8.07G      1.178       1.16      1.361        297        640: 38% ━━━━╸─────── 27/70 2.3it/s 12.1s<18.6s
[K      14/73      8.07G       1.18      1.166      1.365        258        640: 40% ━━━━╸─────── 28/70 2.3it/s 12.5s<18.4s
[K      14/73      8.07G       1.18      1.168      1.363        340        640: 41% ━━━━╸─────── 29/70 2.3it/s 13.0s<17.7s
[K      14/73      8.07G      1.181      1.168      1.362        362        640: 42% ━━━━━─────── 30/70 2.3it/s 13.4s<17.5s
[K      14/73      8.07G      1.182      1.167       1.36        506        640: 44% ━━━━━─────── 31/70 2.3it/s 13.8s<17.0s
[K      14/73      8.07G      1.181       1.17      1.361        328        640: 45% ━━━━━─────── 32/70 2.3it/s 14.3s<16.7s
[K      14/73      8.07G      1.177      1.163      1.358        370        640: 47% ━━━━━╸────── 33/70 2.3it/s 14.7s<16.1s
[K      14/73      8.07G      1.185      1.174      1.364        391        640: 48% ━━━━━╸────── 34/70 2.3it/s 15.2s<15.8s
[K      14/73      8.07G      1.182       1.17      1.361        305        640: 50% ━━━━━━────── 35/70 2.3it/s 15.6s<15.2s
[K      14/73      8.07G      1.184      1.168      1.361        386        640: 51% ━━━━━━────── 36/70 2.3it/s 16.0s<14.9s
[K      14/73      8.07G      1.189      1.172      1.363        455        640: 52% ━━━━━━────── 37/70 2.3it/s 16.5s<14.3s
[K      14/73      8.07G       1.19      1.171      1.363        439        640: 54% ━━━━━━╸───── 38/70 2.3it/s 16.9s<14.0s
[K      14/73      8.07G      1.192      1.176      1.365        345        640: 55% ━━━━━━╸───── 39/70 2.3it/s 17.3s<13.4s
[K      14/73      8.07G      1.192      1.174      1.364        385        640: 57% ━━━━━━╸───── 40/70 2.3it/s 17.8s<13.1s
[K      14/73      8.07G      1.194      1.175      1.365        409        640: 58% ━━━━━━━───── 41/70 2.3it/s 18.2s<12.5s
[K      14/73      8.07G      1.193      1.175      1.365        283        640: 60% ━━━━━━━───── 42/70 2.3it/s 18.6s<12.2s
[K      14/73      8.07G      1.192      1.172      1.364        329        640: 61% ━━━━━━━───── 43/70 2.3it/s 19.1s<11.7s
[K      14/73      8.07G      1.192      1.171      1.363        422        640: 62% ━━━━━━━╸──── 44/70 2.3it/s 19.5s<11.4s
[K      14/73      8.07G      1.192       1.17      1.363        306        640: 64% ━━━━━━━╸──── 45/70 2.3it/s 19.9s<10.8s
[K      14/73      8.07G      1.193      1.169      1.363        365        640: 65% ━━━━━━━╸──── 46/70 2.3it/s 20.4s<10.4s
[K      14/73      8.07G      1.191      1.168      1.363        327        640: 67% ━━━━━━━━──── 47/70 2.3it/s 20.8s<9.9s
[K      14/73      8.07G       1.19      1.167      1.363        319        640: 68% ━━━━━━━━──── 48/70 2.3it/s 21.2s<9.6s
[K      14/73      8.07G       1.19      1.165      1.362        442        640: 70% ━━━━━━━━──── 49/70 2.3it/s 21.7s<9.1s
[K      14/73      8.07G       1.19      1.163       1.36        453        640: 71% ━━━━━━━━╸─── 50/70 2.3it/s 22.1s<8.8s
[K      14/73      8.07G      1.191      1.161       1.36        440        640: 72% ━━━━━━━━╸─── 51/70 2.3it/s 22.5s<8.2s
[K      14/73      8.07G      1.192      1.165       1.36        211        640: 74% ━━━━━━━━╸─── 52/70 2.3it/s 23.0s<7.9s
[K      14/73      8.07G      1.191      1.166      1.361        228        640: 75% ━━━━━━━━━─── 53/70 2.3it/s 23.4s<7.3s
[K      14/73      8.07G      1.191      1.168      1.363        297        640: 77% ━━━━━━━━━─── 54/70 2.3it/s 23.8s<6.9s
[K      14/73      8.07G      1.192      1.168      1.363        328        640: 78% ━━━━━━━━━─── 55/70 2.3it/s 24.3s<6.5s
[K      14/73      8.07G      1.192      1.168      1.364        281        640: 80% ━━━━━━━━━╸── 56/70 2.3it/s 24.7s<6.1s
[K      14/73      8.07G       1.19      1.166      1.363        305        640: 81% ━━━━━━━━━╸── 57/70 2.3it/s 25.1s<5.6s
[K      14/73      8.07G       1.19      1.167      1.363        394        640: 82% ━━━━━━━━━╸── 58/70 2.3it/s 25.6s<5.2s
[K      14/73      8.07G      1.189      1.164      1.361        343        640: 84% ━━━━━━━━━━── 59/70 2.3it/s 26.0s<4.7s
[K      14/73      8.07G      1.188      1.163       1.36        355        640: 85% ━━━━━━━━━━── 60/70 2.3it/s 26.5s<4.3s
[K      14/73      8.07G      1.187      1.162      1.359        436        640: 87% ━━━━━━━━━━── 61/70 2.3it/s 26.9s<3.9s
[K      14/73      8.07G      1.187      1.162      1.359        374        640: 88% ━━━━━━━━━━╸─ 62/70 2.3it/s 27.3s<3.5s
[K      14/73      8.07G      1.188      1.162      1.359        340        640: 90% ━━━━━━━━━━╸─ 63/70 2.3it/s 27.7s<3.0s
[K      14/73      8.07G      1.189      1.162      1.359        350        640: 91% ━━━━━━━━━━╸─ 64/70 2.3it/s 28.2s<2.6s
[K      14/73      8.07G       1.19      1.164      1.359        357        640: 92% ━━━━━━━━━━━─ 65/70 2.3it/s 28.6s<2.2s
[K      14/73      8.07G       1.19      1.164      1.359        424        640: 94% ━━━━━━━━━━━─ 66/70 2.3it/s 29.1s<1.7s
[K      14/73      8.07G       1.19      1.164      1.358        346        640: 95% ━━━━━━━━━━━─ 67/70 2.3it/s 29.5s<1.3s
[K      14/73      8.07G      1.191      1.164      1.359        471        640: 97% ━━━━━━━━━━━╸ 68/70 2.3it/s 29.9s<0.9s
[K      14/73      8.07G      1.191      1.164      1.358        352        640: 98% ━━━━━━━━━━━╸ 69/70 2.3it/s 30.3s<0.4s
[K      14/73      8.07G      1.191      1.164      1.358        352        640: 100% ━━━━━━━━━━━━ 70/70 2.3it/s 30.3s

[K                 Class     Images  Instances      Box(P          R      mAP50  mAP50-95): 20% ━━────────── 1/5 1.5s/it 0.5s<6.0s
[K                 Class     Images  Instances      Box(P          R      mAP50  mAP50-95): 40% ━━━━╸─────── 2/5 1.1it/s 0.9s<2.7s
[K                 Class     Images  Instances      Box(P          R      mAP50  mAP50-95): 60% ━━━━━━━───── 3/5 1.5it/s 1.4s<1.4s
[K                 Class     Images  Instances      Box(P          R      mAP50  mAP50-95): 80% ━━━━━━━━━╸── 4/5 1.7it/s 1.8s<0.6s
[K                 Class     Images  Instances      Box(P          R      mAP50  mAP50-95): 100% ━━━━━━━━━━━━ 5/5 2.2it/s 2.2s
                   all        280       3554      0.797      0.568      0.638      0.383

      Epoch    GPU_mem   box_loss   cls_loss   dfl_loss  Instances       Size

[K      15/73      8.04G       1.41      1.459      1.483        505        640: 0% ──────────── 0/70  0.4s
[K      15/73      8.04G      1.346       1.29      1.429        385        640: 1% ──────────── 1/70 1.4s/it 0.9s<1:39
[K      15/73      8.04G      1.318      1.245      1.418        441        640: 2% ──────────── 2/70 1.2it/s 1.3s<58.3s
[K      15/73      8.04G      1.289      1.214      1.404        324        640: 4% ╸─────────── 3/70 1.5it/s 1.7s<43.9s
[K      15/73      8.04G      1.269      1.179      1.394        354        640: 5% ╸─────────── 4/70 1.7it/s 2.2s<37.8s
[K      15/73      8.04G      1.261      1.196      1.393        347        640: 7% ╸─────────── 5/70 1.9it/s 2.6s<33.5s
[K      15/73      8.04G      1.248      1.186      1.381        418        640: 8% ━─────────── 6/70 2.0it/s 3.0s<31.5s
[K      15/73      8.04G      1.253      1.208      1.382        488        640: 10% ━─────────── 7/70 2.1it/s 3.5s<29.4s
[K      15/73      8.04G      1.246      1.201      1.378        352        640: 11% ━─────────── 8/70 2.2it/s 3.9s<28.4s
[K      15/73      8.04G      1.233       1.18      1.368        322        640: 12% ━╸────────── 9/70 2.2it/s 4.3s<27.3s
[K      15/73      8.04G      1.244      1.189      1.383        397        640: 14% ━╸────────── 10/70 2.2it/s 4.8s<26.8s
[K      15/73      8.04G      1.231      1.176      1.378        263        640: 15% ━╸────────── 11/70 2.3it/s 5.2s<25.9s
[K      15/73      8.04G      1.223      1.166      1.369        316        640: 17% ━━────────── 12/70 2.3it/s 5.6s<25.5s
[K      15/73      8.04G      1.227      1.182      1.369        357        640: 18% ━━────────── 13/70 2.3it/s 6.1s<24.7s
[K      15/73      8.04G      1.226      1.194       1.37        370        640: 20% ━━────────── 14/70 2.3it/s 6.5s<24.5s
[K      15/73      8.04G       1.22      1.185      1.366        375        640: 21% ━━╸───────── 15/70 2.3it/s 6.9s<23.9s
[K      15/73      8.04G      1.219       1.18      1.365        336        640: 22% ━━╸───────── 16/70 2.3it/s 7.4s<23.5s
[K      15/73      8.04G      1.212      1.171       1.36        478        640: 24% ━━╸───────── 17/70 2.3it/s 7.8s<23.0s
[K      15/73      8.04G      1.204       1.16      1.353        394        640: 25% ━━━───────── 18/70 2.3it/s 8.2s<22.7s
[K      15/73      8.04G      1.195      1.149      1.347        253        640: 27% ━━━───────── 19/70 2.3it/s 8.7s<22.0s
[K      15/73      8.04G      1.191      1.151      1.346        263        640: 28% ━━━───────── 20/70 2.3it/s 9.1s<21.8s
[K      15/73      8.04G      1.188      1.147      1.344        412        640: 30% ━━━╸──────── 21/70 2.3it/s 9.5s<21.2s
[K      15/73      8.04G      1.188      1.147      1.346        380        640: 31% ━━━╸──────── 22/70 2.3it/s 10.0s<21.0s
[K      15/73      8.04G      1.187      1.145      1.345        335        640: 32% ━━━╸──────── 23/70 2.3it/s 10.4s<20.3s
[K      15/73      8.04G      1.185      1.141      1.344        331        640: 34% ━━━━──────── 24/70 2.3it/s 10.8s<20.0s
[K      15/73      8.04G      1.185      1.134      1.343        329        640: 35% ━━━━──────── 25/70 2.3it/s 11.3s<19.4s
[K      15/73      8.04G      1.189      1.134      1.344        401        640: 37% ━━━━──────── 26/70 2.3it/s 11.7s<19.1s
[K      15/73      8.04G      1.186      1.135      1.344        301        640: 38% ━━━━╸─────── 27/70 2.3it/s 12.1s<18.4s
[K      15/73      8.04G      1.183      1.134      1.342        328        640: 40% ━━━━╸─────── 28/70 2.3it/s 12.6s<18.1s
[K      15/73      8.04G      1.183      1.136      1.344        316        640: 41% ━━━━╸─────── 29/70 2.3it/s 13.0s<17.8s
[K      15/73      8.04G      1.181      1.132      1.343        343        640: 42% ━━━━━─────── 30/70 2.3it/s 13.4s<17.4s
[K      15/73      8.04G      1.179      1.129      1.341        314        640: 44% ━━━━━─────── 31/70 2.3it/s 13.8s<16.7s
[K      15/73      8.04G      1.179      1.131      1.342        421        640: 45% ━━━━━─────── 32/70 2.3it/s 14.3s<16.5s
[K      15/73      8.04G      1.177      1.128       1.34        304        640: 47% ━━━━━╸────── 33/70 2.3it/s 14.7s<15.9s
[K      15/73      8.04G      1.178      1.131      1.342        395        640: 48% ━━━━━╸────── 34/70 2.3it/s 15.2s<15.6s
[K      15/73      8.04G      1.176      1.129       1.34        366        640: 50% ━━━━━━────── 35/70 2.3it/s 15.6s<15.0s
[K      15/73      8.04G      1.176      1.129      1.339        362        640: 51% ━━━━━━────── 36/70 2.3it/s 16.0s<14.8s
[K      15/73      8.04G      1.174      1.126      1.337        303        640: 52% ━━━━━━────── 37/70 2.3it/s 16.4s<14.1s
[K      15/73      8.04G      1.174      1.125      1.338        368        640: 54% ━━━━━━╸───── 38/70 2.3it/s 16.9s<13.8s
[K      15/73      8.04G      1.176      1.122      1.338        350        640: 55% ━━━━━━╸───── 39/70 2.3it/s 17.3s<13.2s
[K      15/73      8.04G       1.18      1.127      1.341        384        640: 57% ━━━━━━╸───── 40/70 2.3it/s 17.7s<12.9s
[K      15/73      8.04G      1.181      1.128      1.341        421        640: 58% ━━━━━━━───── 41/70 2.3it/s 18.2s<12.4s
[K      15/73      8.04G      1.179      1.125      1.339        268        640: 60% ━━━━━━━───── 42/70 2.3it/s 18.6s<12.1s
[K      15/73      8.04G      1.182      1.131      1.341        386        640: 61% ━━━━━━━───── 43/70 2.3it/s 19.0s<11.5s
[K      15/73      8.04G      1.183      1.131      1.342        421        640: 62% ━━━━━━━╸──── 44/70 2.3it/s 19.4s<11.2s
[K      15/73      8.04G      1.182      1.131      1.342        343        640: 64% ━━━━━━━╸──── 45/70 2.4it/s 19.9s<10.6s
[K      15/73      8.04G      1.184      1.136      1.344        316        640: 65% ━━━━━━━╸──── 46/70 2.3it/s 20.3s<10.3s
[K      15/73      8.04G      1.186      1.137      1.345        451        640: 67% ━━━━━━━━──── 47/70 2.3it/s 20.7s<9.8s
[K      15/73      8.04G      1.185      1.136      1.345        307        640: 68% ━━━━━━━━──── 48/70 2.3it/s 21.2s<9.4s
[K      15/73      8.04G      1.187      1.138      1.346        386        640: 70% ━━━━━━━━──── 49/70 2.3it/s 21.6s<9.0s
[K      15/73      8.04G      1.186      1.138      1.345        292        640: 71% ━━━━━━━━╸─── 50/70 2.3it/s 22.0s<8.6s
[K      15/73      8.04G      1.184      1.135      1.343        303        640: 72% ━━━━━━━━╸─── 51/70 2.3it/s 22.4s<8.1s
[K      15/73      8.04G      1.186      1.141      1.346        405        640: 74% ━━━━━━━━╸─── 52/70 2.3it/s 22.9s<7.8s
[K      15/73      8.04G      1.189      1.146      1.348        431        640: 75% ━━━━━━━━━─── 53/70 2.3it/s 23.3s<7.3s
[K      15/73      8.04G      1.188      1.144      1.347        391        640: 77% ━━━━━━━━━─── 54/70 2.3it/s 23.8s<6.9s
[K      15/73      8.04G      1.188      1.142      1.346        472        640: 78% ━━━━━━━━━─── 55/70 2.3it/s 24.2s<6.5s
[K      15/73      8.04G      1.189      1.142      1.346        409        640: 80% ━━━━━━━━━╸── 56/70 2.3it/s 24.6s<6.1s
[K      15/73      8.04G      1.188      1.144      1.347        255        640: 81% ━━━━━━━━━╸── 57/70 2.3it/s 25.0s<5.6s
[K      15/73      8.04G      1.188      1.143      1.346        382        640: 82% ━━━━━━━━━╸── 58/70 2.3it/s 25.5s<5.2s
[K      15/73      8.04G       1.19      1.146      1.347        432        640: 84% ━━━━━━━━━━── 59/70 2.3it/s 25.9s<4.7s
[K      15/73      8.04G      1.189      1.147      1.347        267        640: 85% ━━━━━━━━━━── 60/70 2.3it/s 26.3s<4.3s
[K      15/73      8.04G       1.19      1.147      1.348        333        640: 87% ━━━━━━━━━━── 61/70 2.3it/s 26.8s<3.9s
[K      15/73      8.04G       1.19      1.147      1.349        341        640: 88% ━━━━━━━━━━╸─ 62/70 2.3it/s 27.2s<3.5s
[K      15/73      8.04G      1.189      1.146      1.348        396        640: 90% ━━━━━━━━━━╸─ 63/70 2.3it/s 27.6s<3.0s
[K      15/73      8.04G       1.19      1.146      1.349        484        640: 91% ━━━━━━━━━━╸─ 64/70 2.3it/s 28.1s<2.6s
[K      15/73      8.04G      1.192      1.148       1.35        445        640: 92% ━━━━━━━━━━━─ 65/70 2.3it/s 28.5s<2.1s
[K      15/73      8.04G      1.191      1.147       1.35        384        640: 94% ━━━━━━━━━━━─ 66/70 2.3it/s 28.9s<1.7s
[K      15/73      8.04G       1.19      1.146       1.35        371        640: 95% ━━━━━━━━━━━─ 67/70 2.3it/s 29.3s<1.3s
[K      15/73      8.04G      1.192      1.145       1.35        421        640: 97% ━━━━━━━━━━━╸ 68/70 2.3it/s 29.8s<0.9s
[K      15/73      8.04G      1.192      1.144      1.349        397        640: 98% ━━━━━━━━━━━╸ 69/70 2.3it/s 30.2s<0.4s
[K      15/73      8.04G      1.192      1.144      1.349        397        640: 100% ━━━━━━━━━━━━ 70/70 2.3it/s 30.2s

[K                 Class     Images  Instances      Box(P          R      mAP50  mAP50-95): 20% ━━────────── 1/5 1.5s/it 0.5s<6.1s
[K                 Class     Images  Instances      Box(P          R      mAP50  mAP50-95): 40% ━━━━╸─────── 2/5 1.1it/s 0.9s<2.7s
[K                 Class     Images  Instances      Box(P          R      mAP50  mAP50-95): 60% ━━━━━━━───── 3/5 1.5it/s 1.4s<1.4s
[K                 Class     Images  Instances      Box(P          R      mAP50  mAP50-95): 80% ━━━━━━━━━╸── 4/5 1.7it/s 1.8s<0.6s
[K                 Class     Images  Instances      Box(P          R      mAP50  mAP50-95): 100% ━━━━━━━━━━━━ 5/5 2.2it/s 2.2s
                   all        280       3554      0.812      0.595      0.681      0.421

      Epoch    GPU_mem   box_loss   cls_loss   dfl_loss  Instances       Size

[K      16/73      8.06G      1.135      1.113      1.317        320        640: 0% ──────────── 0/70  0.4s
[K      16/73      8.06G      1.132      1.029      1.285        528        640: 1% ──────────── 1/70 1.4s/it 0.8s<1:36
[K      16/73      8.06G      1.182      1.095      1.331        313        640: 2% ──────────── 2/70 1.2it/s 1.3s<57.1s
[K      16/73      8.06G      1.205      1.116      1.343        451        640: 4% ╸─────────── 3/70 1.5it/s 1.7s<43.7s
[K      16/73      8.06G      1.181      1.092      1.328        329        640: 5% ╸─────────── 4/70 1.8it/s 2.2s<37.5s
[K      16/73      8.06G      1.197      1.094      1.338        382        640: 7% ╸─────────── 5/70 2.0it/s 2.6s<33.2s
[K      16/73      8.06G      1.193      1.086      1.336        415        640: 8% ━─────────── 6/70 2.0it/s 3.0s<31.3s
[K      16/73      8.06G      1.178      1.082      1.337        337        640: 10% ━─────────── 7/70 2.2it/s 3.4s<29.3s
[K      16/73      8.06G      1.169      1.063      1.329        321        640: 11% ━─────────── 8/70 2.2it/s 3.9s<28.3s
[K      16/73      8.06G      1.166       1.07      1.332        338        640: 12% ━╸────────── 9/70 2.2it/s 4.3s<27.2s
[K      16/73      8.06G      1.174       1.08      1.331        444        640: 14% ━╸────────── 10/70 2.3it/s 4.7s<26.6s
[K      16/73      8.06G      1.172      1.078      1.326        336        640: 15% ━╸────────── 11/70 2.3it/s 5.1s<25.7s
[K      16/73      8.06G      1.175      1.079      1.329        378        640: 17% ━━────────── 12/70 2.3it/s 5.6s<25.4s
[K      16/73      8.06G      1.176      1.083      1.333        332        640: 18% ━━────────── 13/70 2.3it/s 6.0s<24.7s
[K      16/73      8.06G      1.179      1.092      1.331        407        640: 20% ━━────────── 14/70 2.3it/s 6.5s<24.4s
[K      16/73      8.06G      1.192      1.104      1.343        378        640: 21% ━━╸───────── 15/70 2.3it/s 6.9s<23.7s
[K      16/73      8.06G      1.196      1.112      1.347        382        640: 22% ━━╸───────── 16/70 2.3it/s 7.3s<23.3s
[K      16/73      8.06G      1.198      1.119      1.348        388        640: 24% ━━╸───────── 17/70 2.3it/s 7.7s<22.8s
[K      16/73      8.06G        1.2      1.117      1.348        361        640: 25% ━━━───────── 18/70 2.3it/s 8.2s<22.6s
[K      16/73      8.06G      1.209      1.125      1.353        367        640: 27% ━━━───────── 19/70 2.3it/s 8.6s<22.0s
[K      16/73      8.06G      1.218      1.132       1.36        378        640: 28% ━━━───────── 20/70 2.3it/s 9.0s<21.7s
[K      16/73      8.06G      1.214      1.127      1.359        321        640: 30% ━━━╸──────── 21/70 2.3it/s 9.5s<21.1s
[K      16/73      8.06G      1.212      1.132      1.362        309        640: 31% ━━━╸──────── 22/70 2.3it/s 9.9s<20.8s
[K      16/73      8.06G      1.213      1.133      1.364        265        640: 32% ━━━╸──────── 23/70 2.3it/s 10.3s<20.2s
[K      16/73      8.06G      1.208      1.125       1.36        405        640: 34% ━━━━──────── 24/70 2.3it/s 10.8s<20.0s
[K      16/73      8.06G      1.204      1.122      1.359        295        640: 35% ━━━━──────── 25/70 2.3it/s 11.2s<19.3s
[K      16/73      8.06G      1.203      1.124      1.359        272        640: 37% ━━━━──────── 26/70 2.3it/s 11.6s<19.0s
[K      16/73      8.06G      1.202      1.119      1.357        467        640: 38% ━━━━╸─────── 27/70 2.3it/s 12.1s<18.5s
[K      16/73      8.06G        1.2      1.119      1.359        259        640: 40% ━━━━╸─────── 28/70 2.3it/s 12.5s<18.2s
[K      16/73      8.06G      1.202      1.123      1.362        293        640: 41% ━━━━╸─────── 29/70 2.3it/s 12.9s<17.6s
[K      16/73      8.06G      1.197      1.119      1.362        293        640: 42% ━━━━━─────── 30/70 2.3it/s 13.4s<17.3s
[K      16/73      8.06G      1.198      1.117      1.361        509        640: 44% ━━━━━─────── 31/70 2.3it/s 13.8s<16.8s
[K      16/73      8.06G      1.201      1.115      1.361        464        640: 45% ━━━━━─────── 32/70 2.3it/s 14.2s<16.5s
[K      16/73      8.06G      1.199      1.118      1.362        280        640: 47% ━━━━━╸────── 33/70 2.3it/s 14.6s<16.0s
[K      16/73      8.06G      1.195      1.113      1.359        312        640: 48% ━━━━━╸────── 34/70 2.3it/s 15.1s<15.7s
[K      16/73      8.06G      1.195      1.115       1.36        344        640: 50% ━━━━━━────── 35/70 2.3it/s 15.5s<15.1s
[K      16/73      8.06G      1.193      1.114      1.357        417        640: 51% ━━━━━━────── 36/70 2.3it/s 16.0s<14.8s
[K      16/73      8.06G      1.194      1.115      1.358        339        640: 52% ━━━━━━────── 37/70 2.3it/s 16.4s<14.4s
[K      16/73      8.06G      1.194      1.115      1.357        417        640: 54% ━━━━━━╸───── 38/70 2.3it/s 16.8s<14.0s
[K      16/73      8.06G      1.193      1.114      1.357        389        640: 55% ━━━━━━╸───── 39/70 2.3it/s 17.3s<13.4s
[K      16/73      8.06G      1.191      1.114      1.357        279        640: 57% ━━━━━━╸───── 40/70 2.3it/s 17.7s<13.1s
[K      16/73      8.06G      1.187      1.111      1.356        264        640: 58% ━━━━━━━───── 41/70 2.3it/s 18.1s<12.5s
[K      16/73      8.06G      1.191      1.118       1.36        472        640: 60% ━━━━━━━───── 42/70 2.3it/s 18.6s<12.1s
[K      16/73      8.06G      1.195      1.121      1.361        399        640: 61% ━━━━━━━───── 43/70 2.3it/s 19.0s<11.7s
[K      16/73      8.06G      1.195       1.12       1.36        412        640: 62% ━━━━━━━╸──── 44/70 2.3it/s 19.4s<11.3s
[K      16/73      8.06G      1.197      1.123      1.362        325        640: 64% ━━━━━━━╸──── 45/70 2.3it/s 19.9s<10.8s
[K      16/73      8.06G      1.197      1.125      1.361        409        640: 65% ━━━━━━━╸──── 46/70 2.3it/s 20.3s<10.5s
[K      16/73      8.06G      1.199      1.129      1.362        591        640: 67% ━━━━━━━━──── 47/70 2.3it/s 20.7s<10.0s
[K      16/73      8.06G      1.199      1.128      1.361        389        640: 68% ━━━━━━━━──── 48/70 2.3it/s 21.2s<9.6s
[K      16/73      8.06G      1.198      1.127      1.362        311        640: 70% ━━━━━━━━──── 49/70 2.3it/s 21.6s<9.1s
[K      16/73      8.06G        1.2       1.13      1.363        471        640: 71% ━━━━━━━━╸─── 50/70 2.3it/s 22.0s<8.7s
[K      16/73      8.06G        1.2      1.131      1.364        287        640: 72% ━━━━━━━━╸─── 51/70 2.3it/s 22.5s<8.2s
[K      16/73      8.06G      1.199       1.13      1.364        390        640: 74% ━━━━━━━━╸─── 52/70 2.3it/s 22.9s<7.8s
[K      16/73      8.06G        1.2      1.129      1.363        405        640: 75% ━━━━━━━━━─── 53/70 2.3it/s 23.3s<7.4s
[K      16/73      8.06G      1.198      1.129      1.363        426        640: 77% ━━━━━━━━━─── 54/70 2.3it/s 23.8s<7.0s
[K      16/73      8.06G      1.196      1.127      1.361        314        640: 78% ━━━━━━━━━─── 55/70 2.3it/s 24.2s<6.5s
[K      16/73      8.06G      1.197      1.128      1.361        462        640: 80% ━━━━━━━━━╸── 56/70 2.3it/s 24.7s<6.1s
[K      16/73      8.06G      1.195      1.127      1.361        304        640: 81% ━━━━━━━━━╸── 57/70 2.3it/s 25.1s<5.6s
[K      16/73      8.06G      1.194      1.126      1.361        373        640: 82% ━━━━━━━━━╸── 58/70 2.3it/s 25.5s<5.2s
[K      16/73      8.06G      1.196      1.128      1.362        342        640: 84% ━━━━━━━━━━── 59/70 2.3it/s 26.0s<4.8s
[K      16/73      8.06G      1.194      1.124       1.36        336        640: 85% ━━━━━━━━━━── 60/70 2.3it/s 26.4s<4.4s
[K      16/73      8.06G      1.194      1.125       1.36        464        640: 87% ━━━━━━━━━━── 61/70 2.3it/s 26.8s<3.9s
[K      16/73      8.06G      1.193      1.125       1.36        361        640: 88% ━━━━━━━━━━╸─ 62/70 2.3it/s 27.3s<3.5s
[K      16/73      8.06G      1.195      1.127      1.362        408        640: 90% ━━━━━━━━━━╸─ 63/70 2.3it/s 27.7s<3.0s
[K      16/73      8.06G      1.195      1.127      1.361        401        640: 91% ━━━━━━━━━━╸─ 64/70 2.3it/s 28.1s<2.6s
[K      16/73      8.06G      1.195      1.126      1.361        456        640: 92% ━━━━━━━━━━━─ 65/70 2.3it/s 28.6s<2.2s
[K      16/73      8.06G      1.195      1.125       1.36        408        640: 94% ━━━━━━━━━━━─ 66/70 2.3it/s 29.0s<1.7s
[K      16/73      8.06G      1.195      1.125      1.359        377        640: 95% ━━━━━━━━━━━─ 67/70 2.3it/s 29.4s<1.3s
[K      16/73      8.06G      1.193      1.123      1.358        301        640: 97% ━━━━━━━━━━━╸ 68/70 2.3it/s 29.9s<0.9s
[K      16/73      8.06G      1.192      1.125      1.358        382        640: 98% ━━━━━━━━━━━╸ 69/70 2.3it/s 30.3s<0.4s
[K      16/73      8.06G      1.192      1.125      1.358        382        640: 100% ━━━━━━━━━━━━ 70/70 2.3it/s 30.3s

[K                 Class     Images  Instances      Box(P          R      mAP50  mAP50-95): 20% ━━────────── 1/5 1.5s/it 0.5s<6.1s
[K                 Class     Images  Instances      Box(P          R      mAP50  mAP50-95): 40% ━━━━╸─────── 2/5 1.1it/s 0.9s<2.7s
[K                 Class     Images  Instances      Box(P          R      mAP50  mAP50-95): 60% ━━━━━━━───── 3/5 1.5it/s 1.4s<1.4s
[K                 Class     Images  Instances      Box(P          R      mAP50  mAP50-95): 80% ━━━━━━━━━╸── 4/5 1.7it/s 1.8s<0.6s
[K                 Class     Images  Instances      Box(P          R      mAP50  mAP50-95): 100% ━━━━━━━━━━━━ 5/5 2.2it/s 2.2s
                   all        280       3554      0.813       0.61       0.69      0.423

      Epoch    GPU_mem   box_loss   cls_loss   dfl_loss  Instances       Size

[K      17/74      8.09G      1.297      1.358      1.443        487        640: 0% ──────────── 0/70  0.4s
[K      17/74      8.09G      1.178      1.162      1.345        321        640: 1% ──────────── 1/70 1.4s/it 0.9s<1:36
[K      17/74      8.09G      1.177      1.136      1.351        326        640: 2% ──────────── 2/70 1.2it/s 1.3s<56.9s
[K      17/74      8.09G      1.133      1.095      1.325        270        640: 4% ╸─────────── 3/70 1.6it/s 1.7s<43.0s
[K      17/74      8.09G      1.129      1.078      1.314        364        640: 5% ╸─────────── 4/70 1.8it/s 2.2s<37.6s
[K      17/74      8.09G      1.126      1.055      1.312        371        640: 7% ╸─────────── 5/70 1.9it/s 2.6s<33.4s
[K      17/74      8.09G      1.116      1.033        1.3        395        640: 8% ━─────────── 6/70 2.0it/s 3.0s<31.4s
[K      17/74      8.09G      1.129       1.05      1.311        297        640: 10% ━─────────── 7/70 2.1it/s 3.4s<29.5s
[K      17/74      8.09G      1.139      1.059      1.311        552        640: 11% ━─────────── 8/70 2.1it/s 3.9s<28.9s
[K      17/74      8.09G      1.144      1.061      1.312        453        640: 12% ━╸────────── 9/70 2.2it/s 4.3s<27.5s
[K      17/74      8.09G      1.139      1.052      1.315        297        640: 14% ━╸────────── 10/70 2.2it/s 4.8s<26.9s
[K      17/74      8.09G       1.13      1.041      1.314        287        640: 15% ━╸────────── 11/70 2.3it/s 5.2s<26.0s
[K      17/74      8.09G      1.121       1.04      1.309        407        640: 17% ━━────────── 12/70 2.2it/s 5.7s<26.1s
[K      17/74      8.09G      1.126       1.04       1.31        374        640: 18% ━━────────── 13/70 2.3it/s 6.1s<25.2s
[K      17/74      8.09G      1.128      1.039      1.311        331        640: 20% ━━────────── 14/70 2.3it/s 6.5s<24.8s
[K      17/74      8.09G      1.132      1.046      1.312        382        640: 21% ━━╸───────── 15/70 2.3it/s 7.0s<24.0s
[K      17/74      8.09G      1.142      1.054      1.318        312        640: 22% ━━╸───────── 16/70 2.3it/s 7.4s<23.6s
[K      17/74      8.09G      1.138      1.055      1.318        329        640: 24% ━━╸───────── 17/70 2.3it/s 7.8s<23.0s
[K      17/74      8.09G      1.143      1.054       1.32        298        640: 25% ━━━───────── 18/70 2.3it/s 8.3s<22.7s
[K      17/74      8.09G      1.142      1.051      1.318        453        640: 27% ━━━───────── 19/70 2.3it/s 8.7s<22.1s
[K      17/74      8.09G      1.139      1.057      1.317        303        640: 28% ━━━───────── 20/70 2.3it/s 9.1s<21.9s
[K      17/74      8.09G      1.142      1.061      1.319        429        640: 30% ━━━╸──────── 21/70 2.3it/s 9.6s<21.2s
[K      17/74      8.09G      1.139      1.056      1.316        372        640: 31% ━━━╸──────── 22/70 2.3it/s 10.0s<20.9s
[K      17/74      8.09G      1.139      1.053      1.315        402        640: 32% ━━━╸──────── 23/70 2.3it/s 10.5s<20.7s
[K      17/74      8.09G      1.143      1.056      1.318        384        640: 34% ━━━━──────── 24/70 2.3it/s 10.9s<20.3s
[K      17/74      8.09G      1.146       1.06      1.321        352        640: 35% ━━━━──────── 25/70 2.3it/s 11.3s<19.5s
[K      17/74      8.09G      1.146      1.061      1.321        370        640: 37% ━━━━──────── 26/70 2.3it/s 11.7s<19.1s
[K      17/74      8.09G      1.145      1.058       1.32        444        640: 38% ━━━━╸─────── 27/70 2.3it/s 12.2s<18.6s
[K      17/74      8.09G      1.143      1.058      1.318        249        640: 40% ━━━━╸─────── 28/70 2.3it/s 12.6s<18.3s
[K      17/74      8.09G       1.14      1.058      1.319        259        640: 41% ━━━━╸─────── 29/70 2.3it/s 13.0s<17.7s
[K      17/74      8.09G      1.141      1.058       1.32        291        640: 42% ━━━━━─────── 30/70 2.3it/s 13.5s<17.4s
[K      17/74      8.09G      1.143      1.064      1.322        390        640: 44% ━━━━━─────── 31/70 2.3it/s 13.9s<16.9s
[K      17/74      8.09G      1.141       1.06       1.32        305        640: 45% ━━━━━─────── 32/70 2.3it/s 14.4s<16.6s
[K      17/74      8.09G      1.143       1.06      1.319        480        640: 47% ━━━━━╸────── 33/70 2.3it/s 14.8s<15.9s
[K      17/74      8.09G      1.143      1.064      1.321        347        640: 48% ━━━━━╸────── 34/70 2.3it/s 15.2s<15.6s
[K      17/74      8.09G       1.14      1.064       1.32        318        640: 50% ━━━━━━────── 35/70 2.3it/s 15.6s<15.1s
[K      17/74      8.09G       1.14      1.065       1.32        307        640: 51% ━━━━━━────── 36/70 2.3it/s 16.1s<15.0s
[K      17/74      8.09G       1.14      1.062      1.319        306        640: 52% ━━━━━━────── 37/70 2.3it/s 16.5s<14.3s
[K      17/74      8.09G      1.144      1.066      1.322        424        640: 54% ━━━━━━╸───── 38/70 2.3it/s 17.0s<13.9s
[K      17/74      8.09G      1.143      1.064      1.321        313        640: 55% ━━━━━━╸───── 39/70 2.3it/s 17.4s<13.4s
[K      17/74      8.09G      1.145      1.064       1.32        379        640: 57% ━━━━━━╸───── 40/70 2.3it/s 17.8s<13.0s
[K      17/74      8.09G      1.147      1.066      1.322        382        640: 58% ━━━━━━━───── 41/70 2.3it/s 18.3s<12.5s
[K      17/74      8.09G      1.152      1.071      1.325        447        640: 60% ━━━━━━━───── 42/70 2.3it/s 18.7s<12.2s
[K      17/74      8.09G      1.151       1.07      1.325        371        640: 61% ━━━━━━━───── 43/70 2.3it/s 19.1s<11.6s
[K      17/74      8.09G      1.152      1.069      1.324        393        640: 62% ━━━━━━━╸──── 44/70 2.3it/s 19.6s<11.3s
[K      17/74      8.09G      1.149      1.066      1.322        377        640: 64% ━━━━━━━╸──── 45/70 2.3it/s 20.0s<10.8s
[K      17/74      8.09G      1.151      1.068      1.323        450        640: 65% ━━━━━━━╸──── 46/70 2.3it/s 20.4s<10.5s
[K      17/74      8.09G      1.153      1.071      1.325        342        640: 67% ━━━━━━━━──── 47/70 2.3it/s 20.9s<10.0s
[K      17/74      8.09G      1.154      1.071      1.324        384        640: 68% ━━━━━━━━──── 48/70 2.3it/s 21.3s<9.6s
[K      17/74      8.09G      1.155      1.069      1.324        522        640: 70% ━━━━━━━━──── 49/70 2.3it/s 21.7s<9.1s
[K      17/74      8.09G      1.153       1.07      1.324        248        640: 71% ━━━━━━━━╸─── 50/70 2.3it/s 22.2s<8.7s
[K      17/74      8.09G      1.154      1.071      1.324        370        640: 72% ━━━━━━━━╸─── 51/70 2.3it/s 22.6s<8.2s
[K      17/74      8.09G      1.153       1.07      1.324        364        640: 74% ━━━━━━━━╸─── 52/70 2.3it/s 23.0s<7.8s
[K      17/74      8.09G      1.155      1.072      1.326        375        640: 75% ━━━━━━━━━─── 53/70 2.3it/s 23.5s<7.3s
[K      17/74      8.09G      1.154      1.073      1.326        311        640: 77% ━━━━━━━━━─── 54/70 2.3it/s 23.9s<6.9s
[K      17/74      8.09G      1.152      1.071      1.325        315        640: 78% ━━━━━━━━━─── 55/70 2.3it/s 24.3s<6.4s
[K      17/74      8.09G      1.153      1.072      1.326        243        640: 80% ━━━━━━━━━╸── 56/70 2.3it/s 24.8s<6.1s
[K      17/74      8.09G      1.153      1.074      1.327        331        640: 81% ━━━━━━━━━╸── 57/70 2.3it/s 25.2s<5.6s
[K      17/74      8.09G      1.155      1.076      1.327        512        640: 82% ━━━━━━━━━╸── 58/70 2.3it/s 25.6s<5.2s
[K      17/74      8.09G      1.154      1.073      1.325        431        640: 84% ━━━━━━━━━━── 59/70 2.3it/s 26.1s<4.8s
[K      17/74      8.09G      1.153      1.072      1.324        309        640: 85% ━━━━━━━━━━── 60/70 2.3it/s 26.5s<4.4s
[K      17/74      8.09G      1.152      1.069      1.324        398        640: 87% ━━━━━━━━━━── 61/70 2.3it/s 27.0s<3.9s
[K      17/74      8.09G      1.153      1.068      1.323        411        640: 88% ━━━━━━━━━━╸─ 62/70 2.3it/s 27.4s<3.5s
[K      17/74      8.09G      1.152      1.066      1.323        345        640: 90% ━━━━━━━━━━╸─ 63/70 2.3it/s 27.8s<3.0s
[K      17/74      8.09G      1.152      1.066      1.323        403        640: 91% ━━━━━━━━━━╸─ 64/70 2.3it/s 28.2s<2.6s
[K      17/74      8.09G      1.153      1.065      1.323        288        640: 92% ━━━━━━━━━━━─ 65/70 2.3it/s 28.7s<2.2s
[K      17/74      8.09G      1.152      1.066      1.324        271        640: 94% ━━━━━━━━━━━─ 66/70 2.3it/s 29.1s<1.7s
[K      17/74      8.09G      1.152      1.064      1.323        326        640: 95% ━━━━━━━━━━━─ 67/70 2.3it/s 29.5s<1.3s
[K      17/74      8.09G      1.151      1.063      1.322        417        640: 97% ━━━━━━━━━━━╸ 68/70 2.3it/s 30.0s<0.9s
[K      17/74      8.09G      1.154      1.064      1.324        509        640: 98% ━━━━━━━━━━━╸ 69/70 2.3it/s 30.4s<0.4s
[K      17/74      8.09G      1.154      1.064      1.324        509        640: 100% ━━━━━━━━━━━━ 70/70 2.3it/s 30.4s

[K                 Class     Images  Instances      Box(P          R      mAP50  mAP50-95): 20% ━━────────── 1/5 1.5s/it 0.5s<6.1s
[K                 Class     Images  Instances      Box(P          R      mAP50  mAP50-95): 40% ━━━━╸─────── 2/5 1.1it/s 0.9s<2.7s
[K                 Class     Images  Instances      Box(P          R      mAP50  mAP50-95): 60% ━━━━━━━───── 3/5 1.5it/s 1.4s<1.4s
[K                 Class     Images  Instances      Box(P          R      mAP50  mAP50-95): 80% ━━━━━━━━━╸── 4/5 1.7it/s 1.8s<0.6s
[K                 Class     Images  Instances      Box(P          R      mAP50  mAP50-95): 100% ━━━━━━━━━━━━ 5/5 2.2it/s 2.2s
                   all        280       3554      0.824      0.621      0.699      0.435

      Epoch    GPU_mem   box_loss   cls_loss   dfl_loss  Instances       Size

[K      18/74      8.03G      1.153     0.9898      1.257        377        640: 0% ──────────── 0/70  0.4s
[K      18/74      8.03G      1.153     0.9903      1.277        396        640: 1% ──────────── 1/70 1.4s/it 0.8s<1:36
[K      18/74      8.03G      1.154       1.01      1.299        325        640: 2% ──────────── 2/70 1.2it/s 1.3s<58.0s
[K      18/74      8.03G      1.161       1.04      1.324        344        640: 4% ╸─────────── 3/70 1.5it/s 1.7s<44.0s
[K      18/74      8.03G      1.186      1.079      1.338        384        640: 5% ╸─────────── 4/70 1.7it/s 2.2s<37.8s
[K      18/74      8.03G      1.206        1.1      1.347        623        640: 7% ╸─────────── 5/70 1.9it/s 2.6s<33.6s
[K      18/74      8.03G      1.208      1.092      1.344        515        640: 8% ━─────────── 6/70 2.0it/s 3.0s<31.4s
[K      18/74      8.03G      1.209      1.105      1.355        332        640: 10% ━─────────── 7/70 2.1it/s 3.4s<29.6s
[K      18/74      8.03G       1.18      1.092      1.344        295        640: 11% ━─────────── 8/70 2.2it/s 3.9s<28.5s
[K      18/74      8.03G      1.191      1.088      1.344        453        640: 12% ━╸────────── 9/70 2.2it/s 4.3s<27.3s
[K      18/74      8.03G      1.188      1.108      1.348        310        640: 14% ━╸────────── 10/70 2.3it/s 4.7s<26.6s
[K      18/74      8.03G       1.19      1.103      1.345        501        640: 15% ━╸────────── 11/70 2.3it/s 5.2s<25.9s
[K      18/74      8.03G      1.183      1.097      1.342        382        640: 17% ━━────────── 12/70 2.3it/s 5.6s<25.5s
[K      18/74      8.03G      1.178      1.096      1.339        397        640: 18% ━━────────── 13/70 2.3it/s 6.0s<24.7s
[K      18/74      8.03G      1.179      1.093      1.337        503        640: 20% ━━────────── 14/70 2.3it/s 6.5s<24.6s
[K      18/74      8.03G      1.181      1.094      1.337        306        640: 21% ━━╸───────── 15/70 2.3it/s 6.9s<23.8s
[K      18/74      8.03G      1.177      1.093      1.337        332        640: 22% ━━╸───────── 16/70 2.3it/s 7.4s<23.6s
[K      18/74      8.03G      1.177      1.093      1.335        478        640: 24% ━━╸───────── 17/70 2.3it/s 7.8s<22.9s
[K      18/74      8.03G      1.176      1.089      1.335        326        640: 25% ━━━───────── 18/70 2.3it/s 8.2s<22.8s
[K      18/74      8.03G      1.173      1.086      1.332        376        640: 27% ━━━───────── 19/70 2.3it/s 8.6s<22.0s
[K      18/74      8.03G      1.177       1.09      1.334        360        640: 28% ━━━───────── 20/70 2.3it/s 9.1s<21.8s
[K      18/74      8.03G       1.18      1.093      1.337        356        640: 30% ━━━╸──────── 21/70 2.3it/s 9.5s<21.2s
[K      18/74      8.03G      1.179      1.093      1.335        439        640: 31% ━━━╸──────── 22/70 2.3it/s 10.0s<20.9s
[K      18/74      8.03G      1.182      1.097      1.341        368        640: 32% ━━━╸──────── 23/70 2.3it/s 10.4s<20.2s
[K      18/74      8.03G      1.175      1.089      1.336        361        640: 34% ━━━━──────── 24/70 2.3it/s 10.8s<20.1s
[K      18/74      8.03G      1.179      1.094      1.337        480        640: 35% ━━━━──────── 25/70 2.3it/s 11.3s<19.5s
[K      18/74      8.03G      1.176      1.088      1.334        390        640: 37% ━━━━──────── 26/70 2.3it/s 11.7s<19.2s
[K      18/74      8.03G      1.173      1.084      1.331        418        640: 38% ━━━━╸─────── 27/70 2.3it/s 12.1s<18.5s
[K      18/74      8.03G      1.169      1.079      1.329        288        640: 40% ━━━━╸─────── 28/70 2.3it/s 12.6s<18.2s
[K      18/74      8.03G      1.166      1.079       1.33        292        640: 41% ━━━━╸─────── 29/70 2.3it/s 13.0s<17.7s
[K      18/74      8.03G      1.163      1.076      1.328        315        640: 42% ━━━━━─────── 30/70 2.3it/s 13.4s<17.4s
[K      18/74      8.03G       1.16       1.07      1.325        394        640: 44% ━━━━━─────── 31/70 2.3it/s 13.9s<16.9s
[K      18/74      8.03G      1.159      1.069      1.326        292        640: 45% ━━━━━─────── 32/70 2.3it/s 14.3s<16.6s
[K      18/74      8.03G       1.16      1.069      1.326        377        640: 47% ━━━━━╸────── 33/70 2.3it/s 14.7s<16.0s
[K      18/74      8.03G      1.158      1.066      1.323        436        640: 48% ━━━━━╸────── 34/70 2.3it/s 15.2s<15.7s
[K      18/74      8.03G      1.156      1.061      1.321        271        640: 50% ━━━━━━────── 35/70 2.3it/s 15.6s<15.1s
[K      18/74      8.03G      1.155       1.06      1.323        333        640: 51% ━━━━━━────── 36/70 2.3it/s 16.0s<14.7s
[K      18/74      8.03G      1.153      1.055      1.321        304        640: 52% ━━━━━━────── 37/70 2.3it/s 16.4s<14.2s
[K      18/74      8.03G      1.153      1.057      1.322        349        640: 54% ━━━━━━╸───── 38/70 2.3it/s 16.9s<13.8s
[K      18/74      8.03G      1.153      1.058      1.322        411        640: 55% ━━━━━━╸───── 39/70 2.3it/s 17.3s<13.4s
[K      18/74      8.03G      1.151      1.057      1.322        299        640: 57% ━━━━━━╸───── 40/70 2.3it/s 17.8s<13.0s
[K      18/74      8.03G      1.151      1.054      1.321        385        640: 58% ━━━━━━━───── 41/70 2.3it/s 18.2s<12.6s
[K      18/74      8.03G      1.151      1.054      1.321        317        640: 60% ━━━━━━━───── 42/70 2.3it/s 18.6s<12.2s
[K      18/74      8.03G      1.152      1.053      1.321        404        640: 61% ━━━━━━━───── 43/70 2.3it/s 19.0s<11.6s
[K      18/74      8.03G      1.151      1.053      1.321        426        640: 62% ━━━━━━━╸──── 44/70 2.3it/s 19.5s<11.3s
[K      18/74      8.03G      1.152      1.055      1.321        364        640: 64% ━━━━━━━╸──── 45/70 2.3it/s 19.9s<10.8s
[K      18/74      8.03G      1.153      1.058      1.324        288        640: 65% ━━━━━━━╸──── 46/70 2.3it/s 20.4s<10.4s
[K      18/74      8.03G      1.151      1.056      1.322        375        640: 67% ━━━━━━━━──── 47/70 2.3it/s 20.8s<9.9s
[K      18/74      8.03G      1.152      1.059      1.324        308        640: 68% ━━━━━━━━──── 48/70 2.3it/s 21.2s<9.5s
[K      18/74      8.03G      1.153      1.061      1.325        376        640: 70% ━━━━━━━━──── 49/70 2.3it/s 21.6s<9.1s
[K      18/74      8.03G      1.151      1.057      1.323        334        640: 71% ━━━━━━━━╸─── 50/70 2.3it/s 22.1s<8.7s
[K      18/74      8.03G      1.156      1.064      1.328        487        640: 72% ━━━━━━━━╸─── 51/70 2.3it/s 22.5s<8.2s
[K      18/74      8.03G      1.157      1.065      1.329        387        640: 74% ━━━━━━━━╸─── 52/70 2.3it/s 23.0s<7.8s
[K      18/74      8.03G      1.156      1.064       1.33        306        640: 75% ━━━━━━━━━─── 53/70 2.3it/s 23.4s<7.3s
[K      18/74      8.03G      1.155      1.064      1.329        340        640: 77% ━━━━━━━━━─── 54/70 2.3it/s 23.8s<6.9s
[K      18/74      8.03G      1.155      1.065      1.329        349        640: 78% ━━━━━━━━━─── 55/70 2.3it/s 24.3s<6.5s
[K      18/74      8.03G      1.154      1.064      1.329        274        640: 80% ━━━━━━━━━╸── 56/70 2.3it/s 24.7s<6.1s
[K      18/74      8.03G      1.157      1.066       1.33        482        640: 81% ━━━━━━━━━╸── 57/70 2.3it/s 25.1s<5.6s
[K      18/74      8.03G      1.155      1.062      1.328        389        640: 82% ━━━━━━━━━╸── 58/70 2.3it/s 25.6s<5.2s
[K      18/74      8.03G      1.151      1.061      1.327        256        640: 84% ━━━━━━━━━━── 59/70 2.3it/s 26.0s<4.7s
[K      18/74      8.03G      1.151      1.058      1.327        331        640: 85% ━━━━━━━━━━── 60/70 2.3it/s 26.4s<4.4s
[K      18/74      8.03G      1.151      1.059      1.327        447        640: 87% ━━━━━━━━━━── 61/70 2.3it/s 26.9s<3.9s
[K      18/74      8.03G      1.153      1.062      1.329        365        640: 88% ━━━━━━━━━━╸─ 62/70 2.3it/s 27.3s<3.5s
[K      18/74      8.03G      1.153      1.061      1.329        251        640: 90% ━━━━━━━━━━╸─ 63/70 2.3it/s 27.7s<3.0s
[K      18/74      8.03G      1.153      1.061      1.328        398        640: 91% ━━━━━━━━━━╸─ 64/70 2.3it/s 28.2s<2.6s
[K      18/74      8.03G      1.154      1.062      1.328        467        640: 92% ━━━━━━━━━━━─ 65/70 2.3it/s 28.6s<2.2s
[K      18/74      8.03G      1.152       1.06      1.327        385        640: 94% ━━━━━━━━━━━─ 66/70 2.3it/s 29.0s<1.7s
[K      18/74      8.03G      1.153       1.06      1.327        540        640: 95% ━━━━━━━━━━━─ 67/70 2.3it/s 29.5s<1.3s
[K      18/74      8.03G      1.153      1.061      1.327        373        640: 97% ━━━━━━━━━━━╸ 68/70 2.3it/s 29.9s<0.9s
[K      18/74      8.03G      1.152      1.061      1.327        392        640: 98% ━━━━━━━━━━━╸ 69/70 2.3it/s 30.3s<0.4s
[K      18/74      8.03G      1.152      1.061      1.327        392        640: 100% ━━━━━━━━━━━━ 70/70 2.3it/s 30.3s

[K                 Class     Images  Instances      Box(P          R      mAP50  mAP50-95): 20% ━━────────── 1/5 1.5s/it 0.5s<6.2s
[K                 Class     Images  Instances      Box(P          R      mAP50  mAP50-95): 40% ━━━━╸─────── 2/5 1.1it/s 0.9s<2.7s
[K                 Class     Images  Instances      Box(P          R      mAP50  mAP50-95): 60% ━━━━━━━───── 3/5 1.4it/s 1.4s<1.4s
[K                 Class     Images  Instances      Box(P          R      mAP50  mAP50-95): 80% ━━━━━━━━━╸── 4/5 1.7it/s 1.8s<0.6s
[K                 Class     Images  Instances      Box(P          R      mAP50  mAP50-95): 100% ━━━━━━━━━━━━ 5/5 2.2it/s 2.3s
                   all        280       3554      0.809      0.648      0.714      0.443

      Epoch    GPU_mem   box_loss   cls_loss   dfl_loss  Instances       Size

[K      19/74      8.05G      1.066      1.044      1.281        285        640: 0% ──────────── 0/70  0.4s
[K      19/74      8.05G      1.173      1.131      1.327        576        640: 1% ──────────── 1/70 1.4s/it 0.8s<1:37
[K      19/74      8.05G      1.196      1.166      1.351        343        640: 2% ──────────── 2/70 1.2it/s 1.3s<57.9s
[K      19/74      8.05G      1.174      1.112      1.326        400        640: 4% ╸─────────── 3/70 1.5it/s 1.7s<43.7s
[K      19/74      8.05G      1.153      1.073      1.312        347        640: 5% ╸─────────── 4/70 1.7it/s 2.2s<37.8s
[K      19/74      8.05G      1.174      1.093      1.329        436        640: 7% ╸─────────── 5/70 1.9it/s 2.6s<33.7s
[K      19/74      8.05G      1.151      1.064      1.317        355        640: 8% ━─────────── 6/70 2.0it/s 3.0s<31.5s
[K      19/74      8.05G      1.149      1.055      1.315        363        640: 10% ━─────────── 7/70 2.1it/s 3.4s<29.4s
[K      19/74      8.05G      1.153      1.066      1.321        355        640: 11% ━─────────── 8/70 2.2it/s 3.9s<28.4s
[K      19/74      8.05G      1.158      1.064      1.323        343        640: 12% ━╸────────── 9/70 2.2it/s 4.3s<27.4s
[K      19/74      8.05G      1.141      1.055      1.318        327        640: 14% ━╸────────── 10/70 2.2it/s 4.8s<26.8s
[K      19/74      8.05G       1.14      1.051      1.317        335        640: 15% ━╸────────── 11/70 2.3it/s 5.2s<25.9s
[K      19/74      8.05G      1.143      1.053      1.321        334        640: 17% ━━────────── 12/70 2.3it/s 5.6s<25.6s
[K      19/74      8.05G      1.143      1.047      1.321        382        640: 18% ━━────────── 13/70 2.3it/s 6.0s<24.9s
[K      19/74      8.05G      1.147      1.051      1.321        568        640: 20% ━━────────── 14/70 2.3it/s 6.5s<24.7s
[K      19/74      8.05G      1.145      1.047      1.318        357        640: 21% ━━╸───────── 15/70 2.3it/s 6.9s<23.8s
[K      19/74      8.05G      1.142      1.051      1.319        362        640: 22% ━━╸───────── 16/70 2.3it/s 7.4s<23.4s
[K      19/74      8.05G      1.146      1.058      1.323        442        640: 24% ━━╸───────── 17/70 2.3it/s 7.8s<23.0s
[K      19/74      8.05G      1.157      1.066      1.328        433        640: 25% ━━━───────── 18/70 2.3it/s 8.2s<22.9s
[K      19/74      8.05G      1.159      1.067      1.331        382        640: 27% ━━━───────── 19/70 2.3it/s 8.7s<22.0s
[K      19/74      8.05G      1.158      1.066      1.329        375        640: 28% ━━━───────── 20/70 2.3it/s 9.1s<21.7s
[K      19/74      8.05G      1.157      1.069      1.329        325        640: 30% ━━━╸──────── 21/70 2.3it/s 9.5s<21.1s
[K      19/74      8.05G      1.162      1.074      1.332        434        640: 31% ━━━╸──────── 22/70 2.3it/s 10.0s<21.0s
[K      19/74      8.05G      1.165      1.067      1.328        528        640: 32% ━━━╸──────── 23/70 2.3it/s 10.4s<20.3s
[K      19/74      8.05G       1.16      1.069      1.329        269        640: 34% ━━━━──────── 24/70 2.3it/s 10.8s<20.1s
[K      19/74      8.05G      1.165      1.075      1.329        497        640: 35% ━━━━──────── 25/70 2.3it/s 11.3s<19.4s
[K      19/74      8.05G       1.16      1.068      1.325        371        640: 37% ━━━━──────── 26/70 2.3it/s 11.7s<19.2s
[K      19/74      8.05G      1.157      1.065      1.324        284        640: 38% ━━━━╸─────── 27/70 2.3it/s 12.1s<18.6s
[K      19/74      8.05G      1.154       1.06      1.321        362        640: 40% ━━━━╸─────── 28/70 2.3it/s 12.6s<18.4s
[K      19/74      8.05G      1.151      1.062      1.322        241        640: 41% ━━━━╸─────── 29/70 2.3it/s 13.0s<17.7s
[K      19/74      8.05G      1.151      1.059      1.322        338        640: 42% ━━━━━─────── 30/70 2.3it/s 13.4s<17.4s
[K      19/74      8.05G      1.151      1.061      1.324        310        640: 44% ━━━━━─────── 31/70 2.3it/s 13.9s<16.8s
[K      19/74      8.05G      1.152      1.064      1.326        392        640: 45% ━━━━━─────── 32/70 2.3it/s 14.3s<16.5s
[K      19/74      8.05G      1.155      1.067      1.327        486        640: 47% ━━━━━╸────── 33/70 2.3it/s 14.7s<16.0s
[K      19/74      8.05G      1.155      1.064      1.327        376        640: 48% ━━━━━╸────── 34/70 2.3it/s 15.2s<15.6s
[K      19/74      8.05G       1.15       1.06      1.325        284        640: 50% ━━━━━━────── 35/70 2.3it/s 15.6s<15.0s
[K      19/74      8.05G       1.15       1.06      1.325        409        640: 51% ━━━━━━────── 36/70 2.3it/s 16.0s<14.7s
[K      19/74      8.05G       1.15      1.059      1.325        410        640: 52% ━━━━━━────── 37/70 2.3it/s 16.5s<14.2s
[K      19/74      8.05G      1.152      1.058      1.326        397        640: 54% ━━━━━━╸───── 38/70 2.3it/s 16.9s<13.9s
[K      19/74      8.05G      1.149      1.054      1.324        250        640: 55% ━━━━━━╸───── 39/70 2.3it/s 17.3s<13.3s
[K      19/74      8.05G      1.156      1.063      1.328        511        640: 57% ━━━━━━╸───── 40/70 2.3it/s 17.8s<13.1s
[K      19/74      8.05G      1.156      1.064      1.329        325        640: 58% ━━━━━━━───── 41/70 2.3it/s 18.2s<12.5s
[K      19/74      8.05G      1.158      1.066      1.331        387        640: 60% ━━━━━━━───── 42/70 2.3it/s 18.6s<12.2s
[K      19/74      8.05G      1.155      1.063      1.329        352        640: 61% ━━━━━━━───── 43/70 2.3it/s 19.1s<11.7s
[K      19/74      8.05G      1.153      1.061      1.328        337        640: 62% ━━━━━━━╸──── 44/70 2.3it/s 19.5s<11.4s
[K      19/74      8.05G      1.155      1.067      1.331        423        640: 64% ━━━━━━━╸──── 45/70 2.3it/s 19.9s<10.9s
[K      19/74      8.05G      1.156      1.065      1.331        480        640: 65% ━━━━━━━╸──── 46/70 2.3it/s 20.4s<10.5s
[K      19/74      8.05G      1.158      1.066      1.333        349        640: 67% ━━━━━━━━──── 47/70 2.3it/s 20.8s<10.0s
[K      19/74      8.05G      1.159      1.066      1.332        548        640: 68% ━━━━━━━━──── 48/70 2.3it/s 21.3s<9.6s
[K      19/74      8.05G       1.16      1.065      1.331        367        640: 70% ━━━━━━━━──── 49/70 2.3it/s 21.7s<9.1s
[K      19/74      8.05G      1.163      1.069      1.333        366        640: 71% ━━━━━━━━╸─── 50/70 2.3it/s 22.1s<8.7s
[K      19/74      8.05G      1.162      1.067      1.332        415        640: 72% ━━━━━━━━╸─── 51/70 2.3it/s 22.5s<8.2s
[K      19/74      8.05G       1.16      1.065      1.331        387        640: 74% ━━━━━━━━╸─── 52/70 2.3it/s 23.0s<7.8s
[K      19/74      8.05G      1.161      1.064      1.331        540        640: 75% ━━━━━━━━━─── 53/70 2.3it/s 23.4s<7.4s
[K      19/74      8.05G      1.161      1.064      1.331        296        640: 77% ━━━━━━━━━─── 54/70 2.3it/s 23.9s<7.0s
[K      19/74      8.05G      1.159      1.063       1.33        349        640: 78% ━━━━━━━━━─── 55/70 2.3it/s 24.3s<6.5s
[K      19/74      8.05G      1.158       1.06      1.328        351        640: 80% ━━━━━━━━━╸── 56/70 2.3it/s 24.7s<6.1s
[K      19/74      8.05G      1.157      1.062      1.329        273        640: 81% ━━━━━━━━━╸── 57/70 2.3it/s 25.1s<5.6s
[K      19/74      8.05G      1.157      1.063      1.328        306        640: 82% ━━━━━━━━━╸── 58/70 2.3it/s 25.6s<5.2s
[K      19/74      8.05G      1.156      1.062      1.327        307        640: 84% ━━━━━━━━━━── 59/70 2.3it/s 26.0s<4.7s
[K      19/74      8.05G      1.156      1.061      1.326        551        640: 85% ━━━━━━━━━━── 60/70 2.3it/s 26.5s<4.3s
[K      19/74      8.05G      1.155      1.061      1.325        385        640: 87% ━━━━━━━━━━── 61/70 2.3it/s 26.9s<3.9s
[K      19/74      8.05G      1.155       1.06      1.324        430        640: 88% ━━━━━━━━━━╸─ 62/70 2.3it/s 27.3s<3.5s
[K      19/74      8.05G      1.153      1.057      1.322        380        640: 90% ━━━━━━━━━━╸─ 63/70 2.3it/s 27.7s<3.0s
[K      19/74      8.05G      1.153      1.058      1.322        305        640: 91% ━━━━━━━━━━╸─ 64/70 2.3it/s 28.2s<2.6s
[K      19/74      8.05G      1.152      1.059      1.323        258        640: 92% ━━━━━━━━━━━─ 65/70 2.3it/s 28.6s<2.2s
[K      19/74      8.05G      1.154      1.062      1.324        422        640: 94% ━━━━━━━━━━━─ 66/70 2.3it/s 29.1s<1.8s
[K      19/74      8.05G      1.155      1.062      1.324        359        640: 95% ━━━━━━━━━━━─ 67/70 2.3it/s 29.5s<1.3s
[K      19/74      8.05G      1.156      1.063      1.325        416        640: 97% ━━━━━━━━━━━╸ 68/70 2.3it/s 29.9s<0.9s
[K      19/74      8.05G      1.156      1.061      1.324        461        640: 98% ━━━━━━━━━━━╸ 69/70 2.3it/s 30.4s<0.4s
[K      19/74      8.05G      1.156      1.061      1.324        461        640: 100% ━━━━━━━━━━━━ 70/70 2.3it/s 30.4s

[K                 Class     Images  Instances      Box(P          R      mAP50  mAP50-95): 20% ━━────────── 1/5 1.5s/it 0.5s<6.1s
[K                 Class     Images  Instances      Box(P          R      mAP50  mAP50-95): 40% ━━━━╸─────── 2/5 1.1it/s 0.9s<2.7s
[K                 Class     Images  Instances      Box(P          R      mAP50  mAP50-95): 60% ━━━━━━━───── 3/5 1.5it/s 1.3s<1.4s
[K                 Class     Images  Instances      Box(P          R      mAP50  mAP50-95): 80% ━━━━━━━━━╸── 4/5 1.7it/s 1.8s<0.6s
[K                 Class     Images  Instances      Box(P          R      mAP50  mAP50-95): 100% ━━━━━━━━━━━━ 5/5 2.2it/s 2.2s
                   all        280       3554      0.817      0.605      0.689       0.43

      Epoch    GPU_mem   box_loss   cls_loss   dfl_loss  Instances       Size

[K      20/74      8.03G     0.9926     0.8931      1.255        328        640: 0% ──────────── 0/70  0.4s
[K      20/74      8.03G      1.039     0.9414      1.293        274        640: 1% ──────────── 1/70 1.4s/it 0.9s<1:36
[K      20/74      8.03G      1.064     0.9757      1.309        282        640: 2% ──────────── 2/70 1.2it/s 1.3s<57.5s
[K      20/74      8.03G      1.051     0.9704      1.293        332        640: 4% ╸─────────── 3/70 1.6it/s 1.7s<43.2s
[K      20/74      8.03G      1.092     0.9844      1.301        554        640: 5% ╸─────────── 4/70 1.8it/s 2.2s<37.7s
[K      20/74      8.03G      1.099     0.9838      1.301        474        640: 7% ╸─────────── 5/70 1.9it/s 2.6s<33.5s
[K      20/74      8.03G      1.103     0.9941      1.305        306        640: 8% ━─────────── 6/70 2.0it/s 3.0s<31.4s
[K      20/74      8.03G      1.109     0.9961      1.307        279        640: 10% ━─────────── 7/70 2.1it/s 3.4s<29.3s
[K      20/74      8.03G      1.109     0.9894      1.304        304        640: 11% ━─────────── 8/70 2.2it/s 3.9s<28.5s
[K      20/74      8.03G       1.11     0.9812      1.301        460        640: 12% ━╸────────── 9/70 2.2it/s 4.3s<27.3s
[K      20/74      8.03G      1.135      1.032      1.333        303        640: 14% ━╸────────── 10/70 2.3it/s 4.7s<26.7s
[K      20/74      8.03G      1.133      1.032      1.332        325        640: 15% ━╸────────── 11/70 2.3it/s 5.2s<25.8s
[K      20/74      8.03G      1.131      1.029      1.327        354        640: 17% ━━────────── 12/70 2.3it/s 5.6s<25.5s
[K      20/74      8.03G      1.138      1.035      1.327        421        640: 18% ━━────────── 13/70 2.3it/s 6.0s<24.8s
[K      20/74      8.03G      1.146      1.044      1.334        315        640: 20% ━━────────── 14/70 2.3it/s 6.5s<24.4s
[K      20/74      8.03G      1.147       1.04      1.338        289        640: 21% ━━╸───────── 15/70 2.3it/s 6.9s<23.7s
[K      20/74      8.03G      1.159      1.046      1.342        458        640: 22% ━━╸───────── 16/70 2.3it/s 7.3s<23.5s
[K      20/74      8.03G       1.16      1.051       1.34        344        640: 24% ━━╸───────── 17/70 2.3it/s 7.8s<22.9s
[K      20/74      8.03G       1.16      1.051       1.34        359        640: 25% ━━━───────── 18/70 2.3it/s 8.2s<22.7s
[K      20/74      8.03G      1.161      1.048      1.335        496        640: 27% ━━━───────── 19/70 2.3it/s 8.6s<21.9s
[K      20/74      8.03G      1.156      1.043       1.33        449        640: 28% ━━━───────── 20/70 2.3it/s 9.1s<21.7s
[K      20/74      8.03G      1.156      1.042       1.33        474        640: 30% ━━━╸──────── 21/70 2.3it/s 9.5s<21.1s
[K      20/74      8.03G      1.162       1.05      1.334        404        640: 31% ━━━╸──────── 22/70 2.3it/s 9.9s<20.9s
[K      20/74      8.03G      1.158      1.048      1.334        280        640: 32% ━━━╸──────── 23/70 2.3it/s 10.4s<20.3s
[K      20/74      8.03G      1.158      1.053      1.336        360        640: 34% ━━━━──────── 24/70 2.3it/s 10.8s<20.0s
[K      20/74      8.03G      1.155      1.054      1.335        265        640: 35% ━━━━──────── 25/70 2.3it/s 11.2s<19.3s
[K      20/74      8.03G      1.153      1.045       1.33        488        640: 37% ━━━━──────── 26/70 2.3it/s 11.7s<19.1s
[K      20/74      8.03G       1.15      1.046      1.329        317        640: 38% ━━━━╸─────── 27/70 2.3it/s 12.1s<18.5s
[K      20/74      8.03G      1.151      1.043       1.33        385        640: 40% ━━━━╸─────── 28/70 2.3it/s 12.5s<18.2s
[K      20/74      8.03G      1.149      1.041      1.328        335        640: 41% ━━━━╸─────── 29/70 2.3it/s 13.0s<17.7s
[K      20/74      8.03G       1.15      1.042      1.329        416        640: 42% ━━━━━─────── 30/70 2.3it/s 13.4s<17.4s
[K      20/74      8.03G      1.151      1.041      1.329        296        640: 44% ━━━━━─────── 31/70 2.3it/s 13.8s<16.8s
[K      20/74      8.03G       1.15       1.04      1.328        238        640: 45% ━━━━━─────── 32/70 2.3it/s 14.3s<16.5s
[K      20/74      8.03G      1.147      1.038      1.327        267        640: 47% ━━━━━╸────── 33/70 2.3it/s 14.7s<15.9s
[K      20/74      8.03G      1.145      1.032      1.324        404        640: 48% ━━━━━╸────── 34/70 2.3it/s 15.1s<15.6s
[K      20/74      8.03G      1.145      1.032      1.323        389        640: 50% ━━━━━━────── 35/70 2.3it/s 15.5s<15.0s
[K      20/74      8.03G      1.143      1.029       1.32        435        640: 51% ━━━━━━────── 36/70 2.3it/s 16.0s<14.7s
[K      20/74      8.03G      1.142      1.029      1.319        358        640: 52% ━━━━━━────── 37/70 2.3it/s 16.4s<14.2s
[K      20/74      8.03G      1.143       1.03      1.319        458        640: 54% ━━━━━━╸───── 38/70 2.3it/s 16.8s<13.9s
[K      20/74      8.03G      1.142      1.031      1.318        263        640: 55% ━━━━━━╸───── 39/70 2.3it/s 17.3s<13.4s
[K      20/74      8.03G      1.141      1.028      1.317        357        640: 57% ━━━━━━╸───── 40/70 2.3it/s 17.7s<13.0s
[K      20/74      8.03G      1.142      1.029      1.317        349        640: 58% ━━━━━━━───── 41/70 2.3it/s 18.1s<12.5s
[K      20/74      8.03G      1.143      1.032       1.32        280        640: 60% ━━━━━━━───── 42/70 2.3it/s 18.6s<12.2s
[K      20/74      8.03G      1.142       1.03      1.318        439        640: 61% ━━━━━━━───── 43/70 2.3it/s 19.0s<11.6s
[K      20/74      8.03G       1.14      1.028      1.317        328        640: 62% ━━━━━━━╸──── 44/70 2.3it/s 19.4s<11.2s
[K      20/74      8.03G      1.139      1.025      1.315        439        640: 64% ━━━━━━━╸──── 45/70 2.3it/s 19.9s<10.8s
[K      20/74      8.03G      1.141      1.028      1.316        412        640: 65% ━━━━━━━╸──── 46/70 2.3it/s 20.3s<10.4s
[K      20/74      8.03G      1.142      1.026      1.315        546        640: 67% ━━━━━━━━──── 47/70 2.3it/s 20.7s<9.9s
[K      20/74      8.03G       1.14      1.025      1.314        260        640: 68% ━━━━━━━━──── 48/70 2.3it/s 21.2s<9.6s
[K      20/74      8.03G       1.14      1.026      1.314        512        640: 70% ━━━━━━━━──── 49/70 2.3it/s 21.6s<9.0s
[K      20/74      8.03G      1.143      1.029      1.316        397        640: 71% ━━━━━━━━╸─── 50/70 2.3it/s 22.0s<8.7s
[K      20/74      8.03G      1.142       1.03      1.316        249        640: 72% ━━━━━━━━╸─── 51/70 2.3it/s 22.5s<8.2s
[K      20/74      8.03G      1.143      1.034      1.318        409        640: 74% ━━━━━━━━╸─── 52/70 2.3it/s 22.9s<7.8s
[K      20/74      8.03G      1.146      1.037       1.32        331        640: 75% ━━━━━━━━━─── 53/70 2.3it/s 23.3s<7.3s
[K      20/74      8.03G      1.144      1.035      1.318        336        640: 77% ━━━━━━━━━─── 54/70 2.3it/s 23.8s<7.0s
[K      20/74      8.03G      1.142      1.035      1.317        290        640: 78% ━━━━━━━━━─── 55/70 2.3it/s 24.2s<6.4s
[K      20/74      8.03G      1.141      1.036      1.317        335        640: 80% ━━━━━━━━━╸── 56/70 2.3it/s 24.6s<6.1s
[K      20/74      8.03G      1.139      1.035      1.315        309        640: 81% ━━━━━━━━━╸── 57/70 2.3it/s 25.1s<5.6s
[K      20/74      8.03G       1.14      1.037      1.316        351        640: 82% ━━━━━━━━━╸── 58/70 2.3it/s 25.5s<5.2s
[K      20/74      8.03G      1.139      1.037      1.316        312        640: 84% ━━━━━━━━━━── 59/70 2.3it/s 25.9s<4.7s
[K      20/74      8.03G      1.139      1.037      1.315        352        640: 85% ━━━━━━━━━━── 60/70 2.3it/s 26.3s<4.3s
[K      20/74      8.03G      1.139      1.035      1.314        509        640: 87% ━━━━━━━━━━── 61/70 2.3it/s 26.8s<3.9s
[K      20/74      8.03G      1.139      1.036      1.313        295        640: 88% ━━━━━━━━━━╸─ 62/70 2.3it/s 27.2s<3.5s
[K      20/74      8.03G       1.14      1.037      1.313        542        640: 90% ━━━━━━━━━━╸─ 63/70 2.3it/s 27.6s<3.0s
[K      20/74      8.03G      1.139      1.036      1.312        288        640: 91% ━━━━━━━━━━╸─ 64/70 2.3it/s 28.1s<2.6s
[K      20/74      8.03G      1.139      1.035      1.312        318        640: 92% ━━━━━━━━━━━─ 65/70 2.3it/s 28.5s<2.2s
[K      20/74      8.03G      1.139      1.034      1.312        400        640: 94% ━━━━━━━━━━━─ 66/70 2.3it/s 29.0s<1.7s
[K      20/74      8.03G      1.138      1.033      1.312        378        640: 95% ━━━━━━━━━━━─ 67/70 2.3it/s 29.4s<1.3s
[K      20/74      8.03G      1.138      1.033      1.311        333        640: 97% ━━━━━━━━━━━╸ 68/70 2.3it/s 29.8s<0.9s
[K      20/74      8.03G      1.138      1.035      1.312        336        640: 98% ━━━━━━━━━━━╸ 69/70 2.3it/s 30.2s<0.4s
[K      20/74      8.03G      1.138      1.035      1.312        336        640: 100% ━━━━━━━━━━━━ 70/70 2.3it/s 30.2s

[K                 Class     Images  Instances      Box(P          R      mAP50  mAP50-95): 20% ━━────────── 1/5 1.5s/it 0.4s<6.0s
[K                 Class     Images  Instances      Box(P          R      mAP50  mAP50-95): 40% ━━━━╸─────── 2/5 1.1it/s 0.9s<2.7s
[K                 Class     Images  Instances      Box(P          R      mAP50  mAP50-95): 60% ━━━━━━━───── 3/5 1.5it/s 1.3s<1.4s
[K                 Class     Images  Instances      Box(P          R      mAP50  mAP50-95): 80% ━━━━━━━━━╸── 4/5 1.7it/s 1.8s<0.6s
[K                 Class     Images  Instances      Box(P          R      mAP50  mAP50-95): 100% ━━━━━━━━━━━━ 5/5 2.2it/s 2.2s
                   all        280       3554      0.803      0.654      0.718      0.444

      Epoch    GPU_mem   box_loss   cls_loss   dfl_loss  Instances       Size

[K      21/74      8.06G      1.065     0.9603      1.256        316        640: 0% ──────────── 0/70  0.4s
[K      21/74      8.06G      1.059     0.9386      1.261        287        640: 1% ──────────── 1/70 1.4s/it 0.8s<1:35
[K      21/74      8.06G       1.05     0.9526      1.256        337        640: 2% ──────────── 2/70 1.1it/s 1.3s<59.3s
[K      21/74      8.06G      1.054     0.9621      1.271        298        640: 4% ╸─────────── 3/70 1.5it/s 1.7s<44.1s
[K      21/74      8.06G      1.064     0.9746      1.281        383        640: 5% ╸─────────── 4/70 1.7it/s 2.2s<37.7s
[K      21/74      8.06G       1.08      1.003       1.29        370        640: 7% ╸─────────── 5/70 1.9it/s 2.6s<33.4s
[K      21/74      8.06G      1.109      1.029       1.31        381        640: 8% ━─────────── 6/70 2.0it/s 3.0s<31.3s
[K      21/74      8.06G      1.117      1.033      1.314        414        640: 10% ━─────────── 7/70 2.1it/s 3.4s<29.4s
[K      21/74      8.06G      1.112      1.037      1.319        285        640: 11% ━─────────── 8/70 2.2it/s 3.9s<28.3s
[K      21/74      8.06G      1.114      1.034      1.323        341        640: 12% ━╸────────── 9/70 2.2it/s 4.3s<27.2s
[K      21/74      8.06G      1.108      1.026      1.316        300        640: 14% ━╸────────── 10/70 2.3it/s 4.7s<26.6s
[K      21/74      8.06G      1.105      1.015       1.31        315        640: 15% ━╸────────── 11/70 2.3it/s 5.2s<25.7s
[K      21/74      8.06G      1.104      1.014       1.31        308        640: 17% ━━────────── 12/70 2.3it/s 5.6s<25.3s
[K      21/74      8.06G      1.099      1.005      1.304        332        640: 18% ━━────────── 13/70 2.3it/s 6.0s<24.6s
[K      21/74      8.06G      1.091          1      1.301        299        640: 20% ━━────────── 14/70 2.3it/s 6.5s<24.4s
[K      21/74      8.06G      1.088     0.9913      1.295        349        640: 21% ━━╸───────── 15/70 2.3it/s 6.9s<23.8s
[K      21/74      8.06G      1.085     0.9851      1.292        297        640: 22% ━━╸───────── 16/70 2.3it/s 7.3s<23.5s
[K      21/74      8.06G      1.087     0.9898      1.294        379        640: 24% ━━╸───────── 17/70 2.3it/s 7.7s<22.8s
[K      21/74      8.06G      1.098     0.9956      1.293        606        640: 25% ━━━───────── 18/70 2.3it/s 8.2s<22.6s
[K      21/74      8.06G      1.095     0.9974      1.292        366        640: 27% ━━━───────── 19/70 2.3it/s 8.6s<21.9s
[K      21/74      8.06G      1.097     0.9967      1.295        386        640: 28% ━━━───────── 20/70 2.3it/s 9.1s<21.8s
[K      21/74      8.06G      1.107      1.001      1.298        489        640: 30% ━━━╸──────── 21/70 2.3it/s 9.5s<21.2s
[K      21/74      8.06G      1.106      1.002      1.297        335        640: 31% ━━━╸──────── 22/70 2.3it/s 9.9s<20.9s
[K      21/74      8.06G      1.102     0.9942      1.295        301        640: 32% ━━━╸──────── 23/70 2.3it/s 10.4s<20.3s
[K      21/74      8.06G      1.101      0.994      1.291        368        640: 34% ━━━━──────── 24/70 2.3it/s 10.8s<20.0s
[K      21/74      8.06G        1.1     0.9951      1.293        296        640: 35% ━━━━──────── 25/70 2.3it/s 11.2s<19.4s
[K      21/74      8.06G      1.097     0.9936      1.291        316        640: 37% ━━━━──────── 26/70 2.3it/s 11.7s<19.1s
[K      21/74      8.06G      1.096     0.9928       1.29        294        640: 38% ━━━━╸─────── 27/70 2.3it/s 12.1s<18.5s
[K      21/74      8.06G      1.096      0.994       1.29        372        640: 40% ━━━━╸─────── 28/70 2.3it/s 12.5s<18.2s
[K      21/74      8.06G        1.1     0.9967      1.291        410        640: 41% ━━━━╸─────── 29/70 2.3it/s 12.9s<17.6s
[K      21/74      8.06G      1.097     0.9949      1.291        274        640: 42% ━━━━━─────── 30/70 2.3it/s 13.4s<17.3s
[K      21/74      8.06G      1.103      1.001      1.295        417        640: 44% ━━━━━─────── 31/70 2.3it/s 13.8s<16.8s
[K      21/74      8.06G        1.1     0.9959      1.293        326        640: 45% ━━━━━─────── 32/70 2.3it/s 14.3s<16.5s
[K      21/74      8.06G      1.103     0.9962      1.292        466        640: 47% ━━━━━╸────── 33/70 2.3it/s 14.7s<16.0s
[K      21/74      8.06G      1.103     0.9929      1.291        388        640: 48% ━━━━━╸────── 34/70 2.3it/s 15.1s<15.6s
[K      21/74      8.06G      1.103     0.9887       1.29        368        640: 50% ━━━━━━────── 35/70 2.3it/s 15.5s<15.0s
[K      21/74      8.06G      1.108     0.9909      1.293        368        640: 51% ━━━━━━────── 36/70 2.3it/s 16.0s<14.8s
[K      21/74      8.06G      1.106     0.9924      1.293        328        640: 52% ━━━━━━────── 37/70 2.3it/s 16.4s<14.2s
[K      21/74      8.06G       1.11     0.9995      1.297        306        640: 54% ━━━━━━╸───── 38/70 2.3it/s 16.9s<13.9s
[K      21/74      8.06G      1.113      1.001      1.297        450        640: 55% ━━━━━━╸───── 39/70 2.3it/s 17.3s<13.4s
[K      21/74      8.06G      1.111     0.9981      1.295        336        640: 57% ━━━━━━╸───── 40/70 2.3it/s 17.7s<13.1s
[K      21/74      8.06G       1.11     0.9987      1.295        342        640: 58% ━━━━━━━───── 41/70 2.3it/s 18.2s<12.5s
[K      21/74      8.06G      1.108     0.9975      1.294        293        640: 60% ━━━━━━━───── 42/70 2.3it/s 18.6s<12.2s
[K      21/74      8.06G      1.109     0.9954      1.293        371        640: 61% ━━━━━━━───── 43/70 2.3it/s 19.0s<11.7s
[K      21/74      8.06G      1.107     0.9911      1.291        413        640: 62% ━━━━━━━╸──── 44/70 2.3it/s 19.5s<11.4s
[K      21/74      8.06G      1.109      0.992      1.291        319        640: 64% ━━━━━━━╸──── 45/70 2.3it/s 19.9s<10.8s
[K      21/74      8.06G      1.115     0.9979      1.294        615        640: 65% ━━━━━━━╸──── 46/70 2.3it/s 20.3s<10.5s
[K      21/74      8.06G      1.117      1.002      1.296        404        640: 67% ━━━━━━━━──── 47/70 2.3it/s 20.8s<10.0s
[K      21/74      8.06G      1.117      1.001      1.296        341        640: 68% ━━━━━━━━──── 48/70 2.3it/s 21.2s<9.6s
[K      21/74      8.06G      1.116      0.998      1.295        371        640: 70% ━━━━━━━━──── 49/70 2.3it/s 21.6s<9.1s
[K      21/74      8.06G      1.117      1.005      1.298        241        640: 71% ━━━━━━━━╸─── 50/70 2.3it/s 22.1s<8.7s
[K      21/74      8.06G      1.117      1.004      1.297        324        640: 72% ━━━━━━━━╸─── 51/70 2.3it/s 22.5s<8.2s
[K      21/74      8.06G      1.116      1.002      1.297        300        640: 74% ━━━━━━━━╸─── 52/70 2.3it/s 22.9s<7.8s
[K      21/74      8.06G      1.115      1.002      1.298        333        640: 75% ━━━━━━━━━─── 53/70 2.3it/s 23.4s<7.3s
[K      21/74      8.06G      1.118      1.004      1.299        436        640: 77% ━━━━━━━━━─── 54/70 2.3it/s 23.8s<6.9s
[K      21/74      8.06G       1.12      1.005      1.299        495        640: 78% ━━━━━━━━━─── 55/70 2.3it/s 24.2s<6.5s
[K      21/74      8.06G      1.123      1.008        1.3        435        640: 80% ━━━━━━━━━╸── 56/70 2.3it/s 24.7s<6.1s
[K      21/74      8.06G      1.122      1.006      1.299        388        640: 81% ━━━━━━━━━╸── 57/70 2.3it/s 25.1s<5.6s
[K      21/74      8.06G      1.123      1.007        1.3        415        640: 82% ━━━━━━━━━╸── 58/70 2.3it/s 25.5s<5.2s
[K      21/74      8.06G      1.122      1.006      1.299        378        640: 84% ━━━━━━━━━━── 59/70 2.3it/s 25.9s<4.7s
[K      21/74      8.06G      1.124      1.009        1.3        532        640: 85% ━━━━━━━━━━── 60/70 2.3it/s 26.4s<4.3s
[K      21/74      8.06G      1.123      1.007      1.301        327        640: 87% ━━━━━━━━━━── 61/70 2.3it/s 26.8s<3.9s
[K      21/74      8.06G      1.122      1.007        1.3        300        640: 88% ━━━━━━━━━━╸─ 62/70 2.3it/s 27.3s<3.5s
[K      21/74      8.06G       1.12      1.004      1.299        303        640: 90% ━━━━━━━━━━╸─ 63/70 2.3it/s 27.7s<3.0s
[K      21/74      8.06G      1.118      1.002      1.298        398        640: 91% ━━━━━━━━━━╸─ 64/70 2.3it/s 28.1s<2.6s
[K      21/74      8.06G      1.119      1.004      1.298        463        640: 92% ━━━━━━━━━━━─ 65/70 2.3it/s 28.6s<2.2s
[K      21/74      8.06G      1.118      1.002      1.296        371        640: 94% ━━━━━━━━━━━─ 66/70 2.3it/s 29.0s<1.7s
[K      21/74      8.06G      1.119      1.002      1.297        362        640: 95% ━━━━━━━━━━━─ 67/70 2.3it/s 29.4s<1.3s
[K      21/74      8.06G      1.119      1.002      1.297        378        640: 97% ━━━━━━━━━━━╸ 68/70 2.3it/s 29.9s<0.9s
[K      21/74      8.06G      1.119      1.001      1.297        284        640: 98% ━━━━━━━━━━━╸ 69/70 2.3it/s 30.3s<0.4s
[K      21/74      8.06G      1.119      1.001      1.297        284        640: 100% ━━━━━━━━━━━━ 70/70 2.3it/s 30.3s

[K                 Class     Images  Instances      Box(P          R      mAP50  mAP50-95): 20% ━━────────── 1/5 1.5s/it 0.5s<6.1s
[K                 Class     Images  Instances      Box(P          R      mAP50  mAP50-95): 40% ━━━━╸─────── 2/5 1.1it/s 0.9s<2.7s
[K                 Class     Images  Instances      Box(P          R      mAP50  mAP50-95): 60% ━━━━━━━───── 3/5 1.5it/s 1.4s<1.4s
[K                 Class     Images  Instances      Box(P          R      mAP50  mAP50-95): 80% ━━━━━━━━━╸── 4/5 1.7it/s 1.8s<0.6s
[K                 Class     Images  Instances      Box(P          R      mAP50  mAP50-95): 100% ━━━━━━━━━━━━ 5/5 2.2it/s 2.2s
                   all        280       3554      0.864      0.648       0.73       0.47

      Epoch    GPU_mem   box_loss   cls_loss   dfl_loss  Instances       Size

[K      22/74      8.05G      1.095       0.95      1.303        314        640: 0% ──────────── 0/70  0.4s
[K      22/74      8.05G      1.083     0.9351      1.261        369        640: 1% ──────────── 1/70 1.4s/it 0.9s<1:37
[K      22/74      8.05G      1.074     0.9318      1.265        269        640: 2% ──────────── 2/70 1.2it/s 1.3s<57.5s
[K      22/74      8.05G      1.093     0.9489      1.267        485        640: 4% ╸─────────── 3/70 1.5it/s 1.7s<43.2s
[K      22/74      8.05G      1.094     0.9549      1.275        297        640: 5% ╸─────────── 4/70 1.8it/s 2.1s<37.3s
[K      22/74      8.05G      1.087     0.9743      1.287        318        640: 7% ╸─────────── 5/70 1.9it/s 2.6s<33.7s
[K      22/74      8.05G       1.11     0.9747      1.292        397        640: 8% ━─────────── 6/70 2.0it/s 3.0s<31.5s
[K      22/74      8.05G      1.112     0.9877      1.289        431        640: 10% ━─────────── 7/70 2.1it/s 3.4s<29.7s
[K      22/74      8.05G      1.101     0.9715      1.283        311        640: 11% ━─────────── 8/70 2.2it/s 3.9s<28.6s
[K      22/74      8.05G      1.088     0.9596      1.275        353        640: 12% ━╸────────── 9/70 2.2it/s 4.3s<27.3s
[K      22/74      8.05G      1.087     0.9678       1.28        254        640: 14% ━╸────────── 10/70 2.2it/s 4.7s<26.7s
[K      22/74      8.05G      1.088     0.9706       1.28        433        640: 15% ━╸────────── 11/70 2.3it/s 5.2s<26.0s
[K      22/74      8.05G      1.092     0.9787      1.285        359        640: 17% ━━────────── 12/70 2.3it/s 5.6s<25.5s
[K      22/74      8.05G      1.091     0.9799      1.282        312        640: 18% ━━────────── 13/70 2.3it/s 6.0s<24.8s
[K      22/74      8.05G      1.093     0.9796       1.28        405        640: 20% ━━────────── 14/70 2.3it/s 6.5s<24.5s
[K      22/74      8.05G       1.09      0.986      1.279        340        640: 21% ━━╸───────── 15/70 2.3it/s 6.9s<23.9s
[K      22/74      8.05G      1.098      0.997      1.285        395        640: 22% ━━╸───────── 16/70 2.3it/s 7.4s<23.7s
[K      22/74      8.05G      1.105      1.005      1.293        332        640: 24% ━━╸───────── 17/70 2.3it/s 7.8s<23.0s
[K      22/74      8.05G      1.106      1.002      1.291        377        640: 25% ━━━───────── 18/70 2.3it/s 8.2s<22.8s
[K      22/74      8.05G      1.103     0.9986       1.29        309        640: 27% ━━━───────── 19/70 2.3it/s 8.7s<22.2s
[K      22/74      8.05G      1.104     0.9952      1.287        451        640: 28% ━━━───────── 20/70 2.3it/s 9.1s<21.8s
[K      22/74      8.05G      1.107     0.9945      1.287        472        640: 30% ━━━╸──────── 21/70 2.3it/s 9.5s<21.2s
[K      22/74      8.05G      1.107     0.9932      1.286        401        640: 31% ━━━╸──────── 22/70 2.3it/s 10.0s<20.9s
[K      22/74      8.05G      1.106     0.9907      1.286        366        640: 32% ━━━╸──────── 23/70 2.3it/s 10.4s<20.3s
[K      22/74      8.05G      1.107     0.9976      1.289        353        640: 34% ━━━━──────── 24/70 2.3it/s 10.8s<20.1s
[K      22/74      8.05G      1.109     0.9941      1.287        523        640: 35% ━━━━──────── 25/70 2.3it/s 11.3s<19.5s
[K      22/74      8.05G      1.112      0.994      1.286        458        640: 37% ━━━━──────── 26/70 2.3it/s 11.7s<19.2s
[K      22/74      8.05G      1.116      1.001      1.291        332        640: 38% ━━━━╸─────── 27/70 2.3it/s 12.1s<18.6s
[K      22/74      8.05G      1.113     0.9974       1.29        440        640: 40% ━━━━╸─────── 28/70 2.3it/s 12.6s<18.3s
[K      22/74      8.05G      1.117     0.9981       1.29        460        640: 41% ━━━━╸─────── 29/70 2.3it/s 13.0s<17.8s
[K      22/74      8.05G      1.116      1.001      1.291        330        640: 42% ━━━━━─────── 30/70 2.3it/s 13.5s<17.5s
[K      22/74      8.05G      1.117     0.9993      1.291        422        640: 44% ━━━━━─────── 31/70 2.3it/s 13.9s<16.9s
[K      22/74      8.05G      1.116      1.001      1.292        280        640: 45% ━━━━━─────── 32/70 2.3it/s 14.3s<16.6s
[K      22/74      8.05G      1.119      1.003      1.292        559        640: 47% ━━━━━╸────── 33/70 2.3it/s 14.7s<16.0s
[K      22/74      8.05G      1.117      1.002      1.291        467        640: 48% ━━━━━╸────── 34/70 2.3it/s 15.2s<15.7s
[K      22/74      8.05G      1.115     0.9979      1.288        325        640: 50% ━━━━━━────── 35/70 2.3it/s 15.6s<15.1s
[K      22/74      8.05G      1.117     0.9963      1.289        298        640: 51% ━━━━━━────── 36/70 2.3it/s 16.1s<14.8s
[K      22/74      8.05G      1.117      0.995      1.289        432        640: 52% ━━━━━━────── 37/70 2.3it/s 16.5s<14.4s
[K      22/74      8.05G      1.117     0.9942      1.289        295        640: 54% ━━━━━━╸───── 38/70 2.3it/s 16.9s<14.0s
[K      22/74      8.05G      1.116     0.9926      1.288        401        640: 55% ━━━━━━╸───── 39/70 2.3it/s 17.4s<13.5s
[K      22/74      8.05G      1.113     0.9914      1.288        266        640: 57% ━━━━━━╸───── 40/70 2.3it/s 17.8s<13.1s
[K      22/74      8.05G      1.112     0.9885      1.286        438        640: 58% ━━━━━━━───── 41/70 2.3it/s 18.2s<12.6s
[K      22/74      8.05G      1.113     0.9887      1.286        443        640: 60% ━━━━━━━───── 42/70 2.3it/s 18.7s<12.3s
[K      22/74      8.05G      1.113     0.9869      1.285        323        640: 61% ━━━━━━━───── 43/70 2.3it/s 19.1s<11.7s
[K      22/74      8.05G      1.117     0.9927      1.289        510        640: 62% ━━━━━━━╸──── 44/70 2.3it/s 19.6s<11.3s
[K      22/74      8.05G      1.118     0.9899      1.288        473        640: 64% ━━━━━━━╸──── 45/70 2.3it/s 20.0s<10.9s
[K      22/74      8.05G      1.119     0.9922      1.289        392        640: 65% ━━━━━━━╸──── 46/70 2.3it/s 20.4s<10.5s
[K      22/74      8.05G       1.12     0.9923      1.289        575        640: 67% ━━━━━━━━──── 47/70 2.3it/s 20.9s<10.0s
[K      22/74      8.05G      1.119      0.992       1.29        258        640: 68% ━━━━━━━━──── 48/70 2.3it/s 21.3s<9.6s
[K      22/74      8.05G       1.12      0.992      1.289        398        640: 70% ━━━━━━━━──── 49/70 2.3it/s 21.7s<9.0s
[K      22/74      8.05G      1.119     0.9929      1.288        392        640: 71% ━━━━━━━━╸─── 50/70 2.3it/s 22.2s<8.7s
[K      22/74      8.05G       1.12     0.9948       1.29        335        640: 72% ━━━━━━━━╸─── 51/70 2.3it/s 22.6s<8.2s
[K      22/74      8.05G      1.121     0.9942      1.291        370        640: 74% ━━━━━━━━╸─── 52/70 2.3it/s 23.0s<7.8s
[K      22/74      8.05G      1.122     0.9935      1.293        324        640: 75% ━━━━━━━━━─── 53/70 2.3it/s 23.4s<7.3s
[K      22/74      8.05G      1.122     0.9928      1.293        416        640: 77% ━━━━━━━━━─── 54/70 2.3it/s 23.9s<6.9s
[K      22/74      8.05G       1.12     0.9892      1.292        357        640: 78% ━━━━━━━━━─── 55/70 2.3it/s 24.3s<6.5s
[K      22/74      8.05G      1.121     0.9901      1.292        475        640: 80% ━━━━━━━━━╸── 56/70 2.3it/s 24.8s<6.1s
[K      22/74      8.05G       1.12     0.9914      1.292        293        640: 81% ━━━━━━━━━╸── 57/70 2.3it/s 25.2s<5.6s
[K      22/74      8.05G      1.119     0.9917      1.294        267        640: 82% ━━━━━━━━━╸── 58/70 2.3it/s 25.6s<5.2s
[K      22/74      8.05G      1.119     0.9908      1.293        310        640: 84% ━━━━━━━━━━── 59/70 2.3it/s 26.0s<4.7s
[K      22/74      8.05G       1.12     0.9897      1.294        395        640: 85% ━━━━━━━━━━── 60/70 2.3it/s 26.5s<4.4s
[K      22/74      8.05G      1.118      0.989      1.292        328        640: 87% ━━━━━━━━━━── 61/70 2.3it/s 26.9s<3.9s
[K      22/74      8.05G      1.117     0.9879      1.291        501        640: 88% ━━━━━━━━━━╸─ 62/70 2.3it/s 27.4s<3.5s
[K      22/74      8.05G      1.118     0.9885      1.292        346        640: 90% ━━━━━━━━━━╸─ 63/70 2.3it/s 27.8s<3.0s
[K      22/74      8.05G      1.116     0.9871      1.291        308        640: 91% ━━━━━━━━━━╸─ 64/70 2.3it/s 28.2s<2.6s
[K      22/74      8.05G      1.116     0.9874      1.291        348        640: 92% ━━━━━━━━━━━─ 65/70 2.3it/s 28.7s<2.2s
[K      22/74      8.05G      1.116     0.9884      1.291        373        640: 94% ━━━━━━━━━━━─ 66/70 2.3it/s 29.1s<1.7s
[K      22/74      8.05G      1.115      0.988       1.29        287        640: 95% ━━━━━━━━━━━─ 67/70 2.3it/s 29.5s<1.3s
[K      22/74      8.05G      1.116     0.9901      1.291        433        640: 97% ━━━━━━━━━━━╸ 68/70 2.3it/s 30.0s<0.9s
[K      22/74      8.05G      1.115     0.9895      1.291        323        640: 98% ━━━━━━━━━━━╸ 69/70 2.3it/s 30.4s<0.4s
[K      22/74      8.05G      1.115     0.9895      1.291        323        640: 100% ━━━━━━━━━━━━ 70/70 2.3it/s 30.4s

[K                 Class     Images  Instances      Box(P          R      mAP50  mAP50-95): 20% ━━────────── 1/5 1.5s/it 0.4s<6.0s
[K                 Class     Images  Instances      Box(P          R      mAP50  mAP50-95): 40% ━━━━╸─────── 2/5 1.1it/s 0.9s<2.6s
[K                 Class     Images  Instances      Box(P          R      mAP50  mAP50-95): 60% ━━━━━━━───── 3/5 1.5it/s 1.3s<1.3s
[K                 Class     Images  Instances      Box(P          R      mAP50  mAP50-95): 80% ━━━━━━━━━╸── 4/5 1.7it/s 1.8s<0.6s
[K                 Class     Images  Instances      Box(P          R      mAP50  mAP50-95): 100% ━━━━━━━━━━━━ 5/5 2.3it/s 2.2s
                   all        280       3554      0.815      0.669      0.735      0.473

      Epoch    GPU_mem   box_loss   cls_loss   dfl_loss  Instances       Size

[K      23/74      8.03G      1.086     0.9464      1.262        360        640: 0% ──────────── 0/70  0.4s
[K      23/74      8.03G      1.145     0.9883      1.307        281        640: 1% ──────────── 1/70 1.4s/it 0.8s<1:36
[K      23/74      8.03G      1.118     0.9557      1.276        373        640: 2% ──────────── 2/70 1.2it/s 1.3s<58.0s
[K      23/74      8.03G      1.146     0.9819      1.299        390        640: 4% ╸─────────── 3/70 1.5it/s 1.7s<43.7s
[K      23/74      8.03G      1.111     0.9479      1.275        333        640: 5% ╸─────────── 4/70 1.8it/s 2.2s<37.5s
[K      23/74      8.03G      1.129     0.9866      1.288        461        640: 7% ╸─────────── 5/70 1.9it/s 2.6s<33.6s
[K      23/74      8.03G      1.126     0.9836      1.281        431        640: 8% ━─────────── 6/70 2.0it/s 3.0s<31.5s
[K      23/74      8.03G      1.111     0.9678       1.27        379        640: 10% ━─────────── 7/70 2.1it/s 3.5s<29.7s
[K      23/74      8.03G      1.111     0.9736      1.267        378        640: 11% ━─────────── 8/70 2.2it/s 3.9s<28.7s
[K      23/74      8.03G      1.104     0.9633      1.267        317        640: 12% ━╸────────── 9/70 2.2it/s 4.3s<27.5s
[K      23/74      8.03G      1.105     0.9591      1.264        454        640: 14% ━╸────────── 10/70 2.2it/s 4.8s<26.9s
[K      23/74      8.03G      1.111     0.9714      1.269        365        640: 15% ━╸────────── 11/70 2.3it/s 5.2s<26.2s
[K      23/74      8.03G      1.109     0.9759      1.273        323        640: 17% ━━────────── 12/70 2.3it/s 5.6s<25.6s
[K      23/74      8.03G      1.104     0.9715      1.267        365        640: 18% ━━────────── 13/70 2.3it/s 6.1s<24.7s
[K      23/74      8.03G      1.103      0.974      1.269        388        640: 20% ━━────────── 14/70 2.3it/s 6.5s<24.3s
[K      23/74      8.03G      1.101     0.9789      1.273        406        640: 21% ━━╸───────── 15/70 2.3it/s 6.9s<23.8s
[K      23/74      8.03G      1.099     0.9743      1.269        479        640: 22% ━━╸───────── 16/70 2.3it/s 7.4s<23.6s
[K      23/74      8.03G      1.096     0.9701      1.266        320        640: 24% ━━╸───────── 17/70 2.3it/s 7.8s<23.0s
[K      23/74      8.03G      1.093     0.9661      1.263        425        640: 25% ━━━───────── 18/70 2.3it/s 8.2s<22.7s
[K      23/74      8.03G      1.091     0.9599      1.261        345        640: 27% ━━━───────── 19/70 2.3it/s 8.7s<22.0s
[K      23/74      8.03G      1.088     0.9604      1.262        323        640: 28% ━━━───────── 20/70 2.3it/s 9.1s<21.8s
[K      23/74      8.03G      1.091     0.9641      1.264        344        640: 30% ━━━╸──────── 21/70 2.3it/s 9.5s<21.1s
[K      23/74      8.03G      1.093      0.962      1.264        441        640: 31% ━━━╸──────── 22/70 2.3it/s 10.0s<20.7s
[K      23/74      8.03G      1.097     0.9676      1.265        470        640: 32% ━━━╸──────── 23/70 2.3it/s 10.4s<20.1s
[K      23/74      8.03G      1.094     0.9658      1.266        281        640: 34% ━━━━──────── 24/70 2.3it/s 10.8s<19.9s
[K      23/74      8.03G       1.09     0.9657      1.266        319        640: 35% ━━━━──────── 25/70 2.3it/s 11.2s<19.3s
[K      23/74      8.03G      1.095     0.9675      1.268        385        640: 37% ━━━━──────── 26/70 2.3it/s 11.7s<19.0s
[K      23/74      8.03G      1.092     0.9672      1.268        268        640: 38% ━━━━╸─────── 27/70 2.3it/s 12.1s<18.4s
[K      23/74      8.03G      1.089     0.9685      1.268        299        640: 40% ━━━━╸─────── 28/70 2.3it/s 12.6s<18.3s
[K      23/74      8.03G      1.093     0.9697      1.269        486        640: 41% ━━━━╸─────── 29/70 2.3it/s 13.0s<17.6s
[K      23/74      8.03G      1.093       0.97      1.269        407        640: 42% ━━━━━─────── 30/70 2.3it/s 13.4s<17.4s
[K      23/74      8.03G      1.095     0.9745      1.271        381        640: 44% ━━━━━─────── 31/70 2.3it/s 13.8s<16.8s
[K      23/74      8.03G      1.092     0.9722       1.27        349        640: 45% ━━━━━─────── 32/70 2.3it/s 14.3s<16.6s
[K      23/74      8.03G      1.093     0.9719       1.27        359        640: 47% ━━━━━╸────── 33/70 2.3it/s 14.7s<16.0s
[K      23/74      8.03G      1.094     0.9682       1.27        464        640: 48% ━━━━━╸────── 34/70 2.3it/s 15.2s<15.7s
[K      23/74      8.03G      1.096     0.9655      1.269        432        640: 50% ━━━━━━────── 35/70 2.3it/s 15.6s<15.1s
[K      23/74      8.03G      1.098      0.967       1.27        405        640: 51% ━━━━━━────── 36/70 2.3it/s 16.0s<14.8s
[K      23/74      8.03G      1.096     0.9693      1.271        258        640: 52% ━━━━━━────── 37/70 2.3it/s 16.4s<14.1s
[K      23/74      8.03G      1.094     0.9672       1.27        342        640: 54% ━━━━━━╸───── 38/70 2.3it/s 16.9s<13.9s
[K      23/74      8.03G      1.097     0.9735      1.274        348        640: 55% ━━━━━━╸───── 39/70 2.3it/s 17.3s<13.3s
[K      23/74      8.03G      1.098     0.9744      1.275        296        640: 57% ━━━━━━╸───── 40/70 2.3it/s 17.8s<13.0s
[K      23/74      8.03G      1.095     0.9734      1.275        368        640: 58% ━━━━━━━───── 41/70 2.3it/s 18.2s<12.5s
[K      23/74      8.03G      1.095      0.972      1.275        233        640: 60% ━━━━━━━───── 42/70 2.3it/s 18.6s<12.1s
[K      23/74      8.03G      1.093     0.9699      1.274        324        640: 61% ━━━━━━━───── 43/70 2.3it/s 19.0s<11.6s
[K      23/74      8.03G      1.092     0.9685      1.273        391        640: 62% ━━━━━━━╸──── 44/70 2.3it/s 19.5s<11.3s
[K      23/74      8.03G      1.092     0.9682      1.273        351        640: 64% ━━━━━━━╸──── 45/70 2.3it/s 19.9s<10.8s
[K      23/74      8.03G      1.095     0.9732      1.276        446        640: 65% ━━━━━━━╸──── 46/70 2.3it/s 20.4s<10.5s
[K      23/74      8.03G      1.094     0.9745      1.277        253        640: 67% ━━━━━━━━──── 47/70 2.3it/s 20.8s<9.9s
[K      23/74      8.03G      1.093     0.9739      1.277        290        640: 68% ━━━━━━━━──── 48/70 2.3it/s 21.2s<9.5s
[K      23/74      8.03G      1.093     0.9732      1.277        361        640: 70% ━━━━━━━━──── 49/70 2.3it/s 21.6s<9.0s
[K      23/74      8.03G      1.096     0.9745      1.277        543        640: 71% ━━━━━━━━╸─── 50/70 2.3it/s 22.1s<8.7s
[K      23/74      8.03G      1.098     0.9788      1.279        370        640: 72% ━━━━━━━━╸─── 51/70 2.3it/s 22.5s<8.2s
[K      23/74      8.03G      1.096     0.9765      1.278        293        640: 74% ━━━━━━━━╸─── 52/70 2.3it/s 22.9s<7.8s
[K      23/74      8.03G      1.096     0.9746      1.278        397        640: 75% ━━━━━━━━━─── 53/70 2.3it/s 23.4s<7.3s
[K      23/74      8.03G      1.094     0.9728      1.277        365        640: 77% ━━━━━━━━━─── 54/70 2.3it/s 23.8s<6.9s
[K      23/74      8.03G      1.093     0.9719      1.277        309        640: 78% ━━━━━━━━━─── 55/70 2.3it/s 24.2s<6.4s
[K      23/74      8.03G      1.093     0.9699      1.276        473        640: 80% ━━━━━━━━━╸── 56/70 2.3it/s 24.7s<6.1s
[K      23/74      8.03G      1.095     0.9735      1.278        359        640: 81% ━━━━━━━━━╸── 57/70 2.3it/s 25.1s<5.6s
[K      23/74      8.03G      1.096     0.9724      1.277        568        640: 82% ━━━━━━━━━╸── 58/70 2.3it/s 25.5s<5.2s
[K      23/74      8.03G      1.096     0.9722      1.277        353        640: 84% ━━━━━━━━━━── 59/70 2.3it/s 26.0s<4.8s
[K      23/74      8.03G      1.095     0.9701      1.275        330        640: 85% ━━━━━━━━━━── 60/70 2.3it/s 26.4s<4.4s
[K      23/74      8.03G      1.094     0.9676      1.274        382        640: 87% ━━━━━━━━━━── 61/70 2.3it/s 26.8s<3.9s
[K      23/74      8.03G      1.093     0.9669      1.273        364        640: 88% ━━━━━━━━━━╸─ 62/70 2.3it/s 27.3s<3.5s
[K      23/74      8.03G      1.093     0.9656      1.273        278        640: 90% ━━━━━━━━━━╸─ 63/70 2.3it/s 27.7s<3.0s
[K      23/74      8.03G      1.093     0.9657      1.272        361        640: 91% ━━━━━━━━━━╸─ 64/70 2.3it/s 28.1s<2.6s
[K      23/74      8.03G      1.091     0.9639      1.271        344        640: 92% ━━━━━━━━━━━─ 65/70 2.3it/s 28.6s<2.1s
[K      23/74      8.03G      1.091     0.9631      1.271        385        640: 94% ━━━━━━━━━━━─ 66/70 2.3it/s 29.0s<1.7s
[K      23/74      8.03G       1.09      0.961      1.269        377        640: 95% ━━━━━━━━━━━─ 67/70 2.3it/s 29.4s<1.3s
[K      23/74      8.03G       1.09     0.9623      1.269        402        640: 97% ━━━━━━━━━━━╸ 68/70 2.3it/s 29.9s<0.9s
[K      23/74      8.03G      1.089     0.9599      1.268        355        640: 98% ━━━━━━━━━━━╸ 69/70 2.3it/s 30.3s<0.4s
[K      23/74      8.03G      1.089     0.9599      1.268        355        640: 100% ━━━━━━━━━━━━ 70/70 2.3it/s 30.3s

[K                 Class     Images  Instances      Box(P          R      mAP50  mAP50-95): 20% ━━────────── 1/5 1.5s/it 0.5s<6.1s
[K                 Class     Images  Instances      Box(P          R      mAP50  mAP50-95): 40% ━━━━╸─────── 2/5 1.1it/s 0.9s<2.7s
[K                 Class     Images  Instances      Box(P          R      mAP50  mAP50-95): 60% ━━━━━━━───── 3/5 1.5it/s 1.3s<1.4s
[K                 Class     Images  Instances      Box(P          R      mAP50  mAP50-95): 80% ━━━━━━━━━╸── 4/5 1.7it/s 1.8s<0.6s
[K                 Class     Images  Instances      Box(P          R      mAP50  mAP50-95): 100% ━━━━━━━━━━━━ 5/5 2.2it/s 2.2s
                   all        280       3554      0.828      0.658      0.733      0.466

      Epoch    GPU_mem   box_loss   cls_loss   dfl_loss  Instances       Size

[K      24/74      8.05G     0.9377     0.8767      1.245        287        640: 0% ──────────── 0/70  0.5s
[K      24/74      8.05G      1.005     0.8972      1.277        369        640: 1% ──────────── 1/70 1.4s/it 0.9s<1:36
[K      24/74      8.05G      1.018     0.8756      1.258        350        640: 2% ──────────── 2/70 1.2it/s 1.3s<57.5s
[K      24/74      8.05G      1.023     0.8593      1.254        297        640: 4% ╸─────────── 3/70 1.5it/s 1.7s<43.6s
[K      24/74      8.05G      1.049     0.8834      1.254        447        640: 5% ╸─────────── 4/70 1.8it/s 2.2s<37.6s
[K      24/74      8.05G      1.064     0.9011      1.262        402        640: 7% ╸─────────── 5/70 1.9it/s 2.6s<33.7s
[K      24/74      8.05G      1.063     0.9007       1.26        338        640: 8% ━─────────── 6/70 2.0it/s 3.1s<31.5s
[K      24/74      8.05G      1.069     0.9087      1.256        449        640: 10% ━─────────── 7/70 2.1it/s 3.5s<29.5s
[K      24/74      8.05G      1.083     0.9201      1.259        405        640: 11% ━─────────── 8/70 2.2it/s 3.9s<28.7s
[K      24/74      8.05G      1.079     0.9129      1.261        304        640: 12% ━╸────────── 9/70 2.2it/s 4.3s<27.3s
[K      24/74      8.05G      1.086     0.9223      1.265        486        640: 14% ━╸────────── 10/70 2.2it/s 4.8s<26.7s
[K      24/74      8.05G      1.084     0.9284      1.267        280        640: 15% ━╸────────── 11/70 2.3it/s 5.2s<26.0s
[K      24/74      8.05G       1.08     0.9308      1.267        335        640: 17% ━━────────── 12/70 2.3it/s 5.7s<25.6s
[K      24/74      8.05G      1.091      0.958      1.278        339        640: 18% ━━────────── 13/70 2.3it/s 6.1s<24.6s
[K      24/74      8.05G      1.092     0.9633      1.283        357        640: 20% ━━────────── 14/70 2.3it/s 6.5s<24.3s
[K      24/74      8.05G      1.091     0.9607       1.28        328        640: 21% ━━╸───────── 15/70 2.3it/s 6.9s<23.6s
[K      24/74      8.05G      1.095     0.9613      1.282        408        640: 22% ━━╸───────── 16/70 2.3it/s 7.4s<23.4s
[K      24/74      8.05G        1.1     0.9599      1.285        336        640: 24% ━━╸───────── 17/70 2.3it/s 7.8s<22.8s
[K      24/74      8.05G      1.094     0.9632      1.284        207        640: 25% ━━━───────── 18/70 2.3it/s 8.2s<22.6s
[K      24/74      8.05G      1.101     0.9711      1.285        384        640: 27% ━━━───────── 19/70 2.3it/s 8.7s<21.9s
[K      24/74      8.05G      1.103     0.9775      1.287        310        640: 28% ━━━───────── 20/70 2.3it/s 9.1s<21.7s
[K      24/74      8.05G      1.098     0.9717      1.283        300        640: 30% ━━━╸──────── 21/70 2.3it/s 9.5s<21.0s
[K      24/74      8.05G      1.097     0.9709      1.281        305        640: 31% ━━━╸──────── 22/70 2.3it/s 10.0s<20.7s
[K      24/74      8.05G      1.099     0.9721       1.28        406        640: 32% ━━━╸──────── 23/70 2.3it/s 10.4s<20.4s
[K      24/74      8.05G      1.095      0.968      1.278        387        640: 34% ━━━━──────── 24/70 2.3it/s 10.8s<20.1s
[K      24/74      8.05G      1.096     0.9659      1.278        370        640: 35% ━━━━──────── 25/70 2.3it/s 11.3s<19.5s
[K      24/74      8.05G      1.094     0.9619      1.275        357        640: 37% ━━━━──────── 26/70 2.3it/s 11.7s<19.2s
[K      24/74      8.05G      1.103     0.9666      1.281        357        640: 38% ━━━━╸─────── 27/70 2.3it/s 12.1s<18.7s
[K      24/74      8.05G      1.103     0.9703      1.282        341        640: 40% ━━━━╸─────── 28/70 2.3it/s 12.6s<18.3s
[K      24/74      8.05G        1.1     0.9684      1.281        304        640: 41% ━━━━╸─────── 29/70 2.3it/s 13.0s<17.7s
[K      24/74      8.05G      1.097      0.976      1.283        285        640: 42% ━━━━━─────── 30/70 2.3it/s 13.4s<17.4s
[K      24/74      8.05G      1.099     0.9808      1.286        373        640: 44% ━━━━━─────── 31/70 2.3it/s 13.9s<16.8s
[K      24/74      8.05G      1.099     0.9813      1.287        402        640: 45% ━━━━━─────── 32/70 2.3it/s 14.3s<16.6s
[K      24/74      8.05G      1.099     0.9824      1.289        430        640: 47% ━━━━━╸────── 33/70 2.3it/s 14.7s<15.9s
[K      24/74      8.05G      1.102      0.982       1.29        438        640: 48% ━━━━━╸────── 34/70 2.3it/s 15.2s<15.6s
[K      24/74      8.05G      1.103     0.9849      1.292        372        640: 50% ━━━━━━────── 35/70 2.3it/s 15.6s<15.0s
[K      24/74      8.05G      1.104     0.9835      1.292        439        640: 51% ━━━━━━────── 36/70 2.3it/s 16.0s<14.7s
[K      24/74      8.05G      1.107     0.9851      1.291        388        640: 52% ━━━━━━────── 37/70 2.3it/s 16.4s<14.2s
[K      24/74      8.05G      1.104     0.9832      1.289        377        640: 54% ━━━━━━╸───── 38/70 2.3it/s 16.9s<13.8s
[K      24/74      8.05G      1.103     0.9862      1.289        305        640: 55% ━━━━━━╸───── 39/70 2.3it/s 17.3s<13.3s
[K      24/74      8.05G      1.102     0.9823      1.287        452        640: 57% ━━━━━━╸───── 40/70 2.3it/s 17.8s<13.0s
[K      24/74      8.05G        1.1     0.9813      1.285        369        640: 58% ━━━━━━━───── 41/70 2.3it/s 18.2s<12.6s
[K      24/74      8.05G      1.099     0.9806      1.285        290        640: 60% ━━━━━━━───── 42/70 2.3it/s 18.6s<12.2s
[K      24/74      8.05G      1.099     0.9778      1.284        355        640: 61% ━━━━━━━───── 43/70 2.3it/s 19.0s<11.6s
[K      24/74      8.05G      1.098     0.9779      1.283        279        640: 62% ━━━━━━━╸──── 44/70 2.3it/s 19.5s<11.3s
[K      24/74      8.05G      1.097     0.9758      1.282        394        640: 64% ━━━━━━━╸──── 45/70 2.3it/s 19.9s<10.8s
[K      24/74      8.05G      1.097     0.9785      1.283        356        640: 65% ━━━━━━━╸──── 46/70 2.3it/s 20.3s<10.4s
[K      24/74      8.05G      1.097     0.9778      1.282        391        640: 67% ━━━━━━━━──── 47/70 2.3it/s 20.8s<9.9s
[K      24/74      8.05G      1.097     0.9797      1.283        479        640: 68% ━━━━━━━━──── 48/70 2.3it/s 21.2s<9.5s
[K      24/74      8.05G      1.099     0.9824      1.284        418        640: 70% ━━━━━━━━──── 49/70 2.3it/s 21.6s<9.1s
[K      24/74      8.05G        1.1     0.9838      1.285        389        640: 71% ━━━━━━━━╸─── 50/70 2.3it/s 22.1s<8.7s
[K      24/74      8.05G        1.1     0.9823      1.285        464        640: 72% ━━━━━━━━╸─── 51/70 2.3it/s 22.5s<8.2s
[K      24/74      8.05G      1.103     0.9824      1.285        475        640: 74% ━━━━━━━━╸─── 52/70 2.3it/s 22.9s<7.8s
[K      24/74      8.05G      1.103     0.9842      1.285        334        640: 75% ━━━━━━━━━─── 53/70 2.3it/s 23.4s<7.3s
[K      24/74      8.05G      1.102     0.9842      1.284        422        640: 77% ━━━━━━━━━─── 54/70 2.3it/s 23.8s<6.9s
[K      24/74      8.05G      1.103     0.9863      1.285        422        640: 78% ━━━━━━━━━─── 55/70 2.3it/s 24.2s<6.4s
[K      24/74      8.05G      1.102     0.9834      1.284        378        640: 80% ━━━━━━━━━╸── 56/70 2.3it/s 24.7s<6.0s
[K      24/74      8.05G      1.103     0.9825      1.283        494        640: 81% ━━━━━━━━━╸── 57/70 2.3it/s 25.1s<5.6s
[K      24/74      8.05G      1.102     0.9813      1.282        386        640: 82% ━━━━━━━━━╸── 58/70 2.3it/s 25.5s<5.2s
[K      24/74      8.05G      1.103     0.9818      1.283        342        640: 84% ━━━━━━━━━━── 59/70 2.3it/s 26.0s<4.7s
[K      24/74      8.05G      1.101     0.9801      1.282        306        640: 85% ━━━━━━━━━━── 60/70 2.3it/s 26.4s<4.3s
[K      24/74      8.05G      1.101     0.9816      1.283        411        640: 87% ━━━━━━━━━━── 61/70 2.3it/s 26.8s<3.9s
[K      24/74      8.05G      1.101     0.9821      1.283        413        640: 88% ━━━━━━━━━━╸─ 62/70 2.3it/s 27.3s<3.5s
[K      24/74      8.05G      1.101     0.9818      1.282        371        640: 90% ━━━━━━━━━━╸─ 63/70 2.3it/s 27.7s<3.0s
[K      24/74      8.05G      1.102     0.9818      1.283        488        640: 91% ━━━━━━━━━━╸─ 64/70 2.3it/s 28.1s<2.6s
[K      24/74      8.05G      1.101     0.9803      1.282        315        640: 92% ━━━━━━━━━━━─ 65/70 2.3it/s 28.5s<2.1s
[K      24/74      8.05G      1.103     0.9816      1.283        467        640: 94% ━━━━━━━━━━━─ 66/70 2.3it/s 29.0s<1.7s
[K      24/74      8.05G      1.106     0.9856      1.284        427        640: 95% ━━━━━━━━━━━─ 67/70 2.3it/s 29.4s<1.3s
[K      24/74      8.05G      1.105     0.9851      1.285        362        640: 97% ━━━━━━━━━━━╸ 68/70 2.3it/s 29.9s<0.9s
[K      24/74      8.05G      1.105     0.9842      1.284        389        640: 98% ━━━━━━━━━━━╸ 69/70 2.3it/s 30.3s<0.4s
[K      24/74      8.05G      1.105     0.9842      1.284        389        640: 100% ━━━━━━━━━━━━ 70/70 2.3it/s 30.3s

[K                 Class     Images  Instances      Box(P          R      mAP50  mAP50-95): 20% ━━────────── 1/5 1.5s/it 0.4s<5.9s
[K                 Class     Images  Instances      Box(P          R      mAP50  mAP50-95): 40% ━━━━╸─────── 2/5 1.1it/s 0.9s<2.6s
[K                 Class     Images  Instances      Box(P          R      mAP50  mAP50-95): 60% ━━━━━━━───── 3/5 1.5it/s 1.3s<1.3s
[K                 Class     Images  Instances      Box(P          R      mAP50  mAP50-95): 80% ━━━━━━━━━╸── 4/5 1.7it/s 1.8s<0.6s
[K                 Class     Images  Instances      Box(P          R      mAP50  mAP50-95): 100% ━━━━━━━━━━━━ 5/5 2.2it/s 2.2s
                   all        280       3554      0.848      0.684      0.753      0.487

      Epoch    GPU_mem   box_loss   cls_loss   dfl_loss  Instances       Size

[K      25/74      8.04G     0.9659     0.8153      1.149        419        640: 0% ──────────── 0/70  0.4s
[K      25/74      8.04G      1.025     0.8239      1.178        389        640: 1% ──────────── 1/70 1.4s/it 0.9s<1:37
[K      25/74      8.04G      1.058     0.8735      1.222        371        640: 2% ──────────── 2/70 1.2it/s 1.3s<57.8s
[K      25/74      8.04G      1.072     0.8768      1.244        362        640: 4% ╸─────────── 3/70 1.5it/s 1.7s<43.5s
[K      25/74      8.04G      1.074     0.8811      1.241        407        640: 5% ╸─────────── 4/70 1.8it/s 2.2s<37.5s
[K      25/74      8.04G      1.079     0.8889      1.247        440        640: 7% ╸─────────── 5/70 1.9it/s 2.6s<33.4s
[K      25/74      8.04G      1.064     0.8884      1.246        382        640: 8% ━─────────── 6/70 2.0it/s 3.0s<31.4s
[K      25/74      8.04G       1.08     0.9065      1.256        468        640: 10% ━─────────── 7/70 2.1it/s 3.4s<29.4s
[K      25/74      8.04G      1.097     0.9242      1.271        335        640: 11% ━─────────── 8/70 2.2it/s 3.9s<28.7s
[K      25/74      8.04G      1.083     0.9107      1.259        386        640: 12% ━╸────────── 9/70 2.2it/s 4.3s<27.3s
[K      25/74      8.04G      1.071     0.9021      1.255        257        640: 14% ━╸────────── 10/70 2.2it/s 4.7s<26.8s
[K      25/74      8.04G      1.071     0.8993      1.256        400        640: 15% ━╸────────── 11/70 2.3it/s 5.2s<26.0s
[K      25/74      8.04G      1.063     0.8897      1.249        352        640: 17% ━━────────── 12/70 2.3it/s 5.6s<25.5s
[K      25/74      8.04G      1.057     0.8908      1.246        325        640: 18% ━━────────── 13/70 2.3it/s 6.0s<24.6s
[K      25/74      8.04G      1.056     0.9001       1.25        326        640: 20% ━━────────── 14/70 2.3it/s 6.5s<24.6s
[K      25/74      8.04G      1.053     0.8989      1.252        249        640: 21% ━━╸───────── 15/70 2.3it/s 6.9s<23.9s
[K      25/74      8.04G      1.049     0.8922       1.25        293        640: 22% ━━╸───────── 16/70 2.3it/s 7.4s<23.6s
[K      25/74      8.04G       1.05     0.8948      1.249        465        640: 24% ━━╸───────── 17/70 2.3it/s 7.8s<23.2s
[K      25/74      8.04G      1.067     0.9114      1.258        534        640: 25% ━━━───────── 18/70 2.3it/s 8.3s<23.1s
[K      25/74      8.04G       1.07     0.9198      1.263        327        640: 27% ━━━───────── 19/70 2.3it/s 8.7s<22.3s
[K      25/74      8.04G      1.072     0.9266      1.263        412        640: 28% ━━━───────── 20/70 2.3it/s 9.1s<21.9s
[K      25/74      8.04G      1.071     0.9245       1.26        419        640: 30% ━━━╸──────── 21/70 2.3it/s 9.5s<21.2s
[K      25/74      8.04G      1.071     0.9242      1.261        302        640: 31% ━━━╸──────── 22/70 2.3it/s 10.0s<20.9s
[K      25/74      8.04G       1.07     0.9248       1.26        444        640: 32% ━━━╸──────── 23/70 2.3it/s 10.4s<20.2s
[K      25/74      8.04G      1.069     0.9251      1.258        390        640: 34% ━━━━──────── 24/70 2.3it/s 10.8s<20.0s
[K      25/74      8.04G      1.067     0.9255      1.259        301        640: 35% ━━━━──────── 25/70 2.3it/s 11.3s<19.3s
[K      25/74      8.04G      1.065     0.9254      1.257        337        640: 37% ━━━━──────── 26/70 2.3it/s 11.7s<19.1s
[K      25/74      8.04G      1.073     0.9371      1.265        395        640: 38% ━━━━╸─────── 27/70 2.3it/s 12.1s<18.7s
[K      25/74      8.04G       1.07     0.9355      1.263        294        640: 40% ━━━━╸─────── 28/70 2.3it/s 12.6s<18.4s
[K      25/74      8.04G      1.069     0.9307       1.26        376        640: 41% ━━━━╸─────── 29/70 2.3it/s 13.0s<17.8s
[K      25/74      8.04G       1.07     0.9325      1.261        340        640: 42% ━━━━━─────── 30/70 2.3it/s 13.5s<17.4s
[K      25/74      8.04G      1.068     0.9304      1.259        350        640: 44% ━━━━━─────── 31/70 2.3it/s 13.9s<16.8s
[K      25/74      8.04G      1.065     0.9319       1.26        308        640: 45% ━━━━━─────── 32/70 2.3it/s 14.3s<16.5s
[K      25/74      8.04G      1.066     0.9339      1.259        336        640: 47% ━━━━━╸────── 33/70 2.3it/s 14.7s<16.0s
[K      25/74      8.04G      1.067     0.9371      1.264        265        640: 48% ━━━━━╸────── 34/70 2.3it/s 15.2s<15.6s
[K      25/74      8.04G      1.064     0.9342      1.261        319        640: 50% ━━━━━━────── 35/70 2.3it/s 15.6s<15.0s
[K      25/74      8.04G      1.065     0.9347       1.26        443        640: 51% ━━━━━━────── 36/70 2.3it/s 16.0s<14.7s
[K      25/74      8.04G       1.07     0.9415      1.264        395        640: 52% ━━━━━━────── 37/70 2.3it/s 16.5s<14.3s
[K      25/74      8.04G       1.07     0.9387      1.262        407        640: 54% ━━━━━━╸───── 38/70 2.3it/s 16.9s<14.1s
[K      25/74      8.04G      1.072      0.941      1.263        420        640: 55% ━━━━━━╸───── 39/70 2.3it/s 17.4s<13.5s
[K      25/74      8.04G      1.073     0.9406      1.263        503        640: 57% ━━━━━━╸───── 40/70 2.3it/s 17.8s<13.1s
[K      25/74      8.04G      1.072     0.9382      1.262        325        640: 58% ━━━━━━━───── 41/70 2.3it/s 18.2s<12.6s
[K      25/74      8.04G      1.072     0.9359      1.261        353        640: 60% ━━━━━━━───── 42/70 2.3it/s 18.7s<12.3s
[K      25/74      8.04G      1.072     0.9336       1.26        504        640: 61% ━━━━━━━───── 43/70 2.3it/s 19.1s<11.7s
[K      25/74      8.04G      1.071     0.9331      1.259        345        640: 62% ━━━━━━━╸──── 44/70 2.3it/s 19.5s<11.3s
[K      25/74      8.04G      1.071     0.9311      1.258        407        640: 64% ━━━━━━━╸──── 45/70 2.3it/s 20.0s<10.8s
[K      25/74      8.04G      1.069     0.9306      1.258        352        640: 65% ━━━━━━━╸──── 46/70 2.3it/s 20.4s<10.4s
[K      25/74      8.04G       1.07     0.9305      1.257        411        640: 67% ━━━━━━━━──── 47/70 2.3it/s 20.8s<9.9s
[K      25/74      8.04G       1.07     0.9309      1.258        315        640: 68% ━━━━━━━━──── 48/70 2.3it/s 21.3s<9.6s
[K      25/74      8.04G      1.069     0.9313      1.258        317        640: 70% ━━━━━━━━──── 49/70 2.3it/s 21.7s<9.0s
[K      25/74      8.04G      1.067     0.9303      1.257        314        640: 71% ━━━━━━━━╸─── 50/70 2.3it/s 22.1s<8.7s
[K      25/74      8.04G      1.068     0.9306      1.258        444        640: 72% ━━━━━━━━╸─── 51/70 2.3it/s 22.6s<8.2s
[K      25/74      8.04G      1.067     0.9282      1.258        343        640: 74% ━━━━━━━━╸─── 52/70 2.3it/s 23.0s<7.8s
[K      25/74      8.04G      1.067      0.928      1.257        363        640: 75% ━━━━━━━━━─── 53/70 2.3it/s 23.4s<7.3s
[K      25/74      8.04G      1.067     0.9253      1.255        504        640: 77% ━━━━━━━━━─── 54/70 2.3it/s 23.9s<7.0s
[K      25/74      8.04G      1.066     0.9244      1.255        312        640: 78% ━━━━━━━━━─── 55/70 2.3it/s 24.3s<6.5s
[K      25/74      8.04G      1.066     0.9241      1.256        294        640: 80% ━━━━━━━━━╸── 56/70 2.3it/s 24.7s<6.1s
[K      25/74      8.04G      1.066     0.9242      1.256        463        640: 81% ━━━━━━━━━╸── 57/70 2.3it/s 25.2s<5.6s
[K      25/74      8.04G      1.066     0.9254      1.257        327        640: 82% ━━━━━━━━━╸── 58/70 2.3it/s 25.6s<5.2s
[K      25/74      8.04G      1.068      0.926      1.257        489        640: 84% ━━━━━━━━━━── 59/70 2.3it/s 26.0s<4.8s
[K      25/74      8.04G      1.069      0.929      1.259        343        640: 85% ━━━━━━━━━━── 60/70 2.3it/s 26.5s<4.4s
[K      25/74      8.04G      1.069     0.9286      1.257        334        640: 87% ━━━━━━━━━━── 61/70 2.3it/s 26.9s<3.9s
[K      25/74      8.04G      1.068     0.9276      1.257        402        640: 88% ━━━━━━━━━━╸─ 62/70 2.3it/s 27.4s<3.5s
[K      25/74      8.04G       1.07     0.9297      1.257        499        640: 90% ━━━━━━━━━━╸─ 63/70 2.3it/s 27.8s<3.0s
[K      25/74      8.04G       1.07     0.9282      1.256        349        640: 91% ━━━━━━━━━━╸─ 64/70 2.3it/s 28.2s<2.6s
[K      25/74      8.04G      1.071     0.9285      1.257        271        640: 92% ━━━━━━━━━━━─ 65/70 2.3it/s 28.6s<2.2s
[K      25/74      8.04G      1.072     0.9304      1.259        302        640: 94% ━━━━━━━━━━━─ 66/70 2.3it/s 29.1s<1.8s
[K      25/74      8.04G       1.07      0.928      1.258        351        640: 95% ━━━━━━━━━━━─ 67/70 2.3it/s 29.5s<1.3s
[K      25/74      8.04G      1.071      0.928      1.258        346        640: 97% ━━━━━━━━━━━╸ 68/70 2.3it/s 30.0s<0.9s
[K      25/74      8.04G      1.071     0.9284      1.258        398        640: 98% ━━━━━━━━━━━╸ 69/70 2.3it/s 30.4s<0.4s
[K      25/74      8.04G      1.071     0.9284      1.258        398        640: 100% ━━━━━━━━━━━━ 70/70 2.3it/s 30.4s

[K                 Class     Images  Instances      Box(P          R      mAP50  mAP50-95): 20% ━━────────── 1/5 1.5s/it 0.5s<6.0s
[K                 Class     Images  Instances      Box(P          R      mAP50  mAP50-95): 40% ━━━━╸─────── 2/5 1.1it/s 0.9s<2.7s
[K                 Class     Images  Instances      Box(P          R      mAP50  mAP50-95): 60% ━━━━━━━───── 3/5 1.5it/s 1.3s<1.4s
[K                 Class     Images  Instances      Box(P          R      mAP50  mAP50-95): 80% ━━━━━━━━━╸── 4/5 1.7it/s 1.8s<0.6s
[K                 Class     Images  Instances      Box(P          R      mAP50  mAP50-95): 100% ━━━━━━━━━━━━ 5/5 2.2it/s 2.2s
                   all        280       3554      0.852      0.697      0.764      0.503

      Epoch    GPU_mem   box_loss   cls_loss   dfl_loss  Instances       Size

[K      26/74      8.07G     0.9533     0.8632      1.216        345        640: 0% ──────────── 0/70  0.4s
[K      26/74      8.07G      1.006     0.8754      1.243        412        640: 1% ──────────── 1/70 1.4s/it 0.9s<1:38
[K      26/74      8.07G      1.007     0.8653      1.252        283        640: 2% ──────────── 2/70 1.2it/s 1.3s<58.4s
[K      26/74      8.07G      1.042     0.9072      1.256        498        640: 4% ╸─────────── 3/70 1.5it/s 1.7s<44.1s
[K      26/74      8.07G      1.061     0.9202      1.271        341        640: 5% ╸─────────── 4/70 1.7it/s 2.2s<37.8s
[K      26/74      8.07G      1.053     0.8965      1.263        381        640: 7% ╸─────────── 5/70 1.9it/s 2.6s<33.5s
[K      26/74      8.07G      1.061      0.903      1.257        410        640: 8% ━─────────── 6/70 2.0it/s 3.0s<31.4s
[K      26/74      8.07G      1.064     0.9247      1.268        253        640: 10% ━─────────── 7/70 2.2it/s 3.4s<29.3s
[K      26/74      8.07G      1.064     0.9076      1.259        491        640: 11% ━─────────── 8/70 2.2it/s 3.9s<28.3s
[K      26/74      8.07G      1.063     0.9106      1.262        297        640: 12% ━╸────────── 9/70 2.2it/s 4.3s<27.3s
[K      26/74      8.07G      1.057     0.9125      1.256        301        640: 14% ━╸────────── 10/70 2.2it/s 4.8s<26.8s
[K      26/74      8.07G      1.052     0.9101      1.255        370        640: 15% ━╸────────── 11/70 2.3it/s 5.2s<25.8s
[K      26/74      8.07G      1.066     0.9188      1.256        501        640: 17% ━━────────── 12/70 2.3it/s 5.6s<25.4s
[K      26/74      8.07G      1.072     0.9283      1.261        514        640: 18% ━━────────── 13/70 2.3it/s 6.0s<24.8s
[K      26/74      8.07G       1.07     0.9275      1.259        328        640: 20% ━━────────── 14/70 2.3it/s 6.5s<24.5s
[K      26/74      8.07G      1.063     0.9237      1.259        278        640: 21% ━━╸───────── 15/70 2.3it/s 6.9s<23.8s
[K      26/74      8.07G      1.058     0.9144      1.255        356        640: 22% ━━╸───────── 16/70 2.3it/s 7.3s<23.5s
[K      26/74      8.07G      1.056      0.911      1.253        374        640: 24% ━━╸───────── 17/70 2.3it/s 7.8s<22.8s
[K      26/74      8.07G      1.057     0.9121      1.253        530        640: 25% ━━━───────── 18/70 2.3it/s 8.2s<22.6s
[K      26/74      8.07G      1.052     0.9058      1.248        420        640: 27% ━━━───────── 19/70 2.3it/s 8.6s<22.0s
[K      26/74      8.07G      1.055     0.9069      1.249        461        640: 28% ━━━───────── 20/70 2.3it/s 9.1s<21.7s
[K      26/74      8.07G      1.059     0.9044      1.248        502        640: 30% ━━━╸──────── 21/70 2.3it/s 9.5s<21.1s
[K      26/74      8.07G      1.064     0.9117      1.251        340        640: 31% ━━━╸──────── 22/70 2.3it/s 9.9s<20.9s
[K      26/74      8.07G      1.064     0.9101      1.251        447        640: 32% ━━━╸──────── 23/70 2.3it/s 10.4s<20.2s
[K      26/74      8.07G      1.066     0.9114      1.251        436        640: 34% ━━━━──────── 24/70 2.3it/s 10.8s<20.0s
[K      26/74      8.07G      1.065     0.9112      1.251        435        640: 35% ━━━━──────── 25/70 2.3it/s 11.2s<19.4s
[K      26/74      8.07G      1.063     0.9106       1.25        419        640: 37% ━━━━──────── 26/70 2.3it/s 11.7s<19.1s
[K      26/74      8.07G      1.067     0.9142      1.253        404        640: 38% ━━━━╸─────── 27/70 2.3it/s 12.1s<18.6s
[K      26/74      8.07G      1.066     0.9118      1.252        318        640: 40% ━━━━╸─────── 28/70 2.3it/s 12.5s<18.3s
[K      26/74      8.07G       1.07     0.9186      1.255        374        640: 41% ━━━━╸─────── 29/70 2.3it/s 13.0s<17.6s
[K      26/74      8.07G      1.079     0.9291      1.262        575        640: 42% ━━━━━─────── 30/70 2.3it/s 13.4s<17.4s
[K      26/74      8.07G      1.077     0.9262       1.26        357        640: 44% ━━━━━─────── 31/70 2.3it/s 13.8s<16.8s
[K      26/74      8.07G      1.078     0.9283       1.26        275        640: 45% ━━━━━─────── 32/70 2.3it/s 14.3s<16.4s
[K      26/74      8.07G      1.076     0.9279      1.259        401        640: 47% ━━━━━╸────── 33/70 2.3it/s 14.7s<15.8s
[K      26/74      8.07G      1.077     0.9307       1.26        325        640: 48% ━━━━━╸────── 34/70 2.3it/s 15.1s<15.5s
[K      26/74      8.07G      1.076     0.9281       1.26        395        640: 50% ━━━━━━────── 35/70 2.3it/s 15.5s<15.0s
[K      26/74      8.07G      1.075     0.9269      1.259        416        640: 51% ━━━━━━────── 36/70 2.3it/s 16.0s<14.8s
[K      26/74      8.07G      1.078     0.9321      1.261        365        640: 52% ━━━━━━────── 37/70 2.3it/s 16.4s<14.2s
[K      26/74      8.07G      1.076      0.932      1.261        316        640: 54% ━━━━━━╸───── 38/70 2.3it/s 16.9s<13.9s
[K      26/74      8.07G      1.075     0.9295      1.259        412        640: 55% ━━━━━━╸───── 39/70 2.3it/s 17.3s<13.3s
[K      26/74      8.07G      1.075     0.9317       1.26        361        640: 57% ━━━━━━╸───── 40/70 2.3it/s 17.7s<13.0s
[K      26/74      8.07G      1.074     0.9304       1.26        292        640: 58% ━━━━━━━───── 41/70 2.3it/s 18.1s<12.5s
[K      26/74      8.07G      1.075     0.9319      1.262        343        640: 60% ━━━━━━━───── 42/70 2.3it/s 18.6s<12.2s
[K      26/74      8.07G      1.077     0.9344      1.262        391        640: 61% ━━━━━━━───── 43/70 2.3it/s 19.0s<11.7s
[K      26/74      8.07G      1.076     0.9361      1.262        355        640: 62% ━━━━━━━╸──── 44/70 2.3it/s 19.5s<11.3s
[K      26/74      8.07G      1.077     0.9357      1.262        454        640: 64% ━━━━━━━╸──── 45/70 2.3it/s 19.9s<10.8s
[K      26/74      8.07G      1.078     0.9376      1.263        400        640: 65% ━━━━━━━╸──── 46/70 2.3it/s 20.3s<10.4s
[K      26/74      8.07G       1.08     0.9423      1.265        371        640: 67% ━━━━━━━━──── 47/70 2.3it/s 20.7s<9.9s
[K      26/74      8.07G      1.079     0.9403      1.265        283        640: 68% ━━━━━━━━──── 48/70 2.3it/s 21.2s<9.5s
[K      26/74      8.07G      1.076     0.9373      1.264        227        640: 70% ━━━━━━━━──── 49/70 2.3it/s 21.6s<9.0s
[K      26/74      8.07G      1.073     0.9342      1.261        372        640: 71% ━━━━━━━━╸─── 50/70 2.3it/s 22.1s<8.7s
[K      26/74      8.07G      1.072     0.9305       1.26        353        640: 72% ━━━━━━━━╸─── 51/70 2.3it/s 22.5s<8.2s
[K      26/74      8.07G      1.072     0.9293      1.258        498        640: 74% ━━━━━━━━╸─── 52/70 2.3it/s 22.9s<7.8s
[K      26/74      8.07G      1.072     0.9293      1.259        311        640: 75% ━━━━━━━━━─── 53/70 2.3it/s 23.3s<7.3s
[K      26/74      8.07G       1.07     0.9269      1.258        319        640: 77% ━━━━━━━━━─── 54/70 2.3it/s 23.8s<6.9s
[K      26/74      8.07G      1.071     0.9274      1.257        422        640: 78% ━━━━━━━━━─── 55/70 2.3it/s 24.2s<6.4s
[K      26/74      8.07G      1.068     0.9247      1.255        339        640: 80% ━━━━━━━━━╸── 56/70 2.3it/s 24.6s<6.1s
[K      26/74      8.07G      1.068     0.9247      1.256        362        640: 81% ━━━━━━━━━╸── 57/70 2.3it/s 25.1s<5.6s
[K      26/74      8.07G      1.069     0.9257      1.257        302        640: 82% ━━━━━━━━━╸── 58/70 2.3it/s 25.5s<5.2s
[K      26/74      8.07G      1.068     0.9234      1.256        409        640: 84% ━━━━━━━━━━── 59/70 2.3it/s 25.9s<4.8s
[K      26/74      8.07G      1.067     0.9215      1.255        301        640: 85% ━━━━━━━━━━── 60/70 2.3it/s 26.4s<4.3s
[K      26/74      8.07G      1.067     0.9231      1.256        306        640: 87% ━━━━━━━━━━── 61/70 2.3it/s 26.8s<3.9s
[K      26/74      8.07G      1.066     0.9231      1.256        371        640: 88% ━━━━━━━━━━╸─ 62/70 2.3it/s 27.2s<3.5s
[K      26/74      8.07G      1.068     0.9243      1.256        428        640: 90% ━━━━━━━━━━╸─ 63/70 2.3it/s 27.7s<3.0s
[K      26/74      8.07G      1.071     0.9276      1.258        390        640: 91% ━━━━━━━━━━╸─ 64/70 2.3it/s 28.1s<2.6s
[K      26/74      8.07G       1.07     0.9295      1.259        316        640: 92% ━━━━━━━━━━━─ 65/70 2.3it/s 28.5s<2.2s
[K      26/74      8.07G      1.069     0.9284      1.258        424        640: 94% ━━━━━━━━━━━─ 66/70 2.3it/s 29.0s<1.7s
[K      26/74      8.07G      1.069     0.9301      1.259        269        640: 95% ━━━━━━━━━━━─ 67/70 2.3it/s 29.4s<1.3s
[K      26/74      8.07G       1.07     0.9322       1.26        383        640: 97% ━━━━━━━━━━━╸ 68/70 2.3it/s 29.8s<0.9s
[K      26/74      8.07G      1.068     0.9301      1.259        326        640: 98% ━━━━━━━━━━━╸ 69/70 2.3it/s 30.3s<0.4s
[K      26/74      8.07G      1.068     0.9301      1.259        326        640: 100% ━━━━━━━━━━━━ 70/70 2.3it/s 30.3s

[K                 Class     Images  Instances      Box(P          R      mAP50  mAP50-95): 20% ━━────────── 1/5 1.5s/it 0.5s<6.0s
[K                 Class     Images  Instances      Box(P          R      mAP50  mAP50-95): 40% ━━━━╸─────── 2/5 1.1it/s 0.9s<2.7s
[K                 Class     Images  Instances      Box(P          R      mAP50  mAP50-95): 60% ━━━━━━━───── 3/5 1.5it/s 1.3s<1.4s
[K                 Class     Images  Instances      Box(P          R      mAP50  mAP50-95): 80% ━━━━━━━━━╸── 4/5 1.7it/s 1.8s<0.6s
[K                 Class     Images  Instances      Box(P          R      mAP50  mAP50-95): 100% ━━━━━━━━━━━━ 5/5 2.2it/s 2.3s
                   all        280       3554       0.85      0.683      0.755      0.488

      Epoch    GPU_mem   box_loss   cls_loss   dfl_loss  Instances       Size

[K      27/74      8.05G     0.9682     0.7438      1.182        346        640: 0% ──────────── 0/70  0.4s
[K      27/74      8.05G     0.9515     0.7752       1.18        243        640: 1% ──────────── 1/70 1.4s/it 0.9s<1:38
[K      27/74      8.05G     0.9842     0.8299      1.199        302        640: 2% ──────────── 2/70 1.2it/s 1.3s<57.8s
[K      27/74      8.05G      1.009     0.8756       1.23        310        640: 4% ╸─────────── 3/70 1.5it/s 1.7s<43.4s
[K      27/74      8.05G      1.022     0.8888      1.243        334        640: 5% ╸─────────── 4/70 1.8it/s 2.2s<37.6s
[K      27/74      8.05G      1.038     0.9107      1.261        370        640: 7% ╸─────────── 5/70 1.9it/s 2.6s<33.5s
[K      27/74      8.05G      1.039     0.9159      1.262        333        640: 8% ━─────────── 6/70 2.0it/s 3.0s<31.3s
[K      27/74      8.05G      1.048      0.932      1.271        349        640: 10% ━─────────── 7/70 2.1it/s 3.4s<29.5s
[K      27/74      8.05G      1.049     0.9283      1.268        331        640: 11% ━─────────── 8/70 2.2it/s 3.9s<28.5s
[K      27/74      8.05G      1.054     0.9213      1.269        371        640: 12% ━╸────────── 9/70 2.2it/s 4.3s<27.3s
[K      27/74      8.05G      1.064     0.9208      1.265        475        640: 14% ━╸────────── 10/70 2.2it/s 4.8s<27.0s
[K      27/74      8.05G      1.057     0.9142      1.259        418        640: 15% ━╸────────── 11/70 2.3it/s 5.2s<25.9s
[K      27/74      8.05G      1.051     0.9057      1.253        307        640: 17% ━━────────── 12/70 2.3it/s 5.6s<25.5s
[K      27/74      8.05G      1.053     0.9125      1.254        408        640: 18% ━━────────── 13/70 2.3it/s 6.0s<24.8s
[K      27/74      8.05G      1.056     0.9273      1.256        369        640: 20% ━━────────── 14/70 2.3it/s 6.5s<24.4s
[K      27/74      8.05G      1.049     0.9236      1.251        316        640: 21% ━━╸───────── 15/70 2.3it/s 6.9s<23.8s
[K      27/74      8.05G      1.051     0.9247      1.249        419        640: 22% ━━╸───────── 16/70 2.3it/s 7.3s<23.4s
[K      27/74      8.05G      1.051     0.9241      1.248        339        640: 24% ━━╸───────── 17/70 2.3it/s 7.8s<22.9s
[K      27/74      8.05G      1.059     0.9295      1.253        458        640: 25% ━━━───────── 18/70 2.3it/s 8.2s<22.6s
[K      27/74      8.05G      1.057     0.9348      1.253        337        640: 27% ━━━───────── 19/70 2.3it/s 8.6s<21.9s
[K      27/74      8.05G      1.056     0.9367      1.254        353        640: 28% ━━━───────── 20/70 2.3it/s 9.1s<21.7s
[K      27/74      8.05G      1.061     0.9393      1.256        333        640: 30% ━━━╸──────── 21/70 2.3it/s 9.5s<21.1s
[K      27/74      8.05G      1.064     0.9441      1.258        453        640: 31% ━━━╸──────── 22/70 2.3it/s 9.9s<20.8s
[K      27/74      8.05G      1.062      0.942      1.256        357        640: 32% ━━━╸──────── 23/70 2.3it/s 10.4s<20.2s
[K      27/74      8.05G      1.058      0.937      1.255        245        640: 34% ━━━━──────── 24/70 2.3it/s 10.8s<19.9s
[K      27/74      8.05G      1.057      0.936      1.255        328        640: 35% ━━━━──────── 25/70 2.3it/s 11.2s<19.4s
[K      27/74      8.05G      1.057     0.9301      1.253        365        640: 37% ━━━━──────── 26/70 2.3it/s 11.7s<19.1s
[K      27/74      8.05G      1.052     0.9241       1.25        308        640: 38% ━━━━╸─────── 27/70 2.3it/s 12.1s<18.6s
[K      27/74      8.05G      1.048     0.9207      1.247        339        640: 40% ━━━━╸─────── 28/70 2.3it/s 12.5s<18.3s
[K      27/74      8.05G      1.046      0.918      1.246        361        640: 41% ━━━━╸─────── 29/70 2.3it/s 13.0s<17.7s
[K      27/74      8.05G      1.048       0.92      1.246        411        640: 42% ━━━━━─────── 30/70 2.3it/s 13.4s<17.4s
[K      27/74      8.05G      1.049     0.9189      1.245        389        640: 44% ━━━━━─────── 31/70 2.3it/s 13.8s<16.8s
[K      27/74      8.05G       1.05     0.9164      1.244        506        640: 45% ━━━━━─────── 32/70 2.3it/s 14.3s<16.5s
[K      27/74      8.05G      1.048     0.9146      1.244        283        640: 47% ━━━━━╸────── 33/70 2.3it/s 14.7s<15.9s
[K      27/74      8.05G      1.045     0.9118      1.243        324        640: 48% ━━━━━╸────── 34/70 2.3it/s 15.1s<15.6s
[K      27/74      8.05G      1.046     0.9123      1.244        370        640: 50% ━━━━━━────── 35/70 2.3it/s 15.6s<15.1s
[K      27/74      8.05G      1.049     0.9133      1.246        381        640: 51% ━━━━━━────── 36/70 2.3it/s 16.0s<14.7s
[K      27/74      8.05G      1.047     0.9115      1.246        268        640: 52% ━━━━━━────── 37/70 2.3it/s 16.4s<14.1s
[K      27/74      8.05G      1.051     0.9147      1.248        436        640: 54% ━━━━━━╸───── 38/70 2.3it/s 16.9s<13.8s
[K      27/74      8.05G      1.048     0.9124      1.247        296        640: 55% ━━━━━━╸───── 39/70 2.3it/s 17.3s<13.3s
[K      27/74      8.05G      1.047     0.9107      1.246        387        640: 57% ━━━━━━╸───── 40/70 2.3it/s 17.7s<13.0s
[K      27/74      8.05G      1.047     0.9112      1.245        256        640: 58% ━━━━━━━───── 41/70 2.3it/s 18.1s<12.5s
[K      27/74      8.05G      1.047     0.9085      1.244        388        640: 60% ━━━━━━━───── 42/70 2.3it/s 18.6s<12.1s
[K      27/74      8.05G      1.045     0.9063      1.243        384        640: 61% ━━━━━━━───── 43/70 2.3it/s 19.0s<11.6s
[K      27/74      8.05G      1.046     0.9087      1.245        449        640: 62% ━━━━━━━╸──── 44/70 2.3it/s 19.4s<11.3s
[K      27/74      8.05G      1.051     0.9153       1.25        372        640: 64% ━━━━━━━╸──── 45/70 2.3it/s 19.9s<10.7s
[K      27/74      8.05G      1.051     0.9156       1.25        294        640: 65% ━━━━━━━╸──── 46/70 2.3it/s 20.3s<10.4s
[K      27/74      8.05G      1.052     0.9148      1.251        293        640: 67% ━━━━━━━━──── 47/70 2.3it/s 20.7s<9.9s
[K      27/74      8.05G      1.053     0.9175      1.253        324        640: 68% ━━━━━━━━──── 48/70 2.3it/s 21.2s<9.5s
[K      27/74      8.05G      1.054     0.9144      1.252        346        640: 70% ━━━━━━━━──── 49/70 2.3it/s 21.6s<9.0s
[K      27/74      8.05G      1.053     0.9124      1.252        378        640: 71% ━━━━━━━━╸─── 50/70 2.3it/s 22.0s<8.7s
[K      27/74      8.05G      1.052     0.9106      1.251        368        640: 72% ━━━━━━━━╸─── 51/70 2.3it/s 22.5s<8.2s
[K      27/74      8.05G      1.051     0.9095       1.25        361        640: 74% ━━━━━━━━╸─── 52/70 2.3it/s 22.9s<7.8s
[K      27/74      8.05G      1.053     0.9113      1.251        422        640: 75% ━━━━━━━━━─── 53/70 2.3it/s 23.3s<7.3s
[K      27/74      8.05G      1.052     0.9109      1.251        322        640: 77% ━━━━━━━━━─── 54/70 2.3it/s 23.8s<7.0s
[K      27/74      8.05G      1.052     0.9133      1.252        267        640: 78% ━━━━━━━━━─── 55/70 2.3it/s 24.2s<6.5s
[K      27/74      8.05G      1.052     0.9131      1.251        329        640: 80% ━━━━━━━━━╸── 56/70 2.3it/s 24.6s<6.1s
[K      27/74      8.05G      1.053     0.9131      1.252        302        640: 81% ━━━━━━━━━╸── 57/70 2.3it/s 25.1s<5.6s
[K      27/74      8.05G      1.055      0.919      1.254        382        640: 82% ━━━━━━━━━╸── 58/70 2.3it/s 25.5s<5.2s
[K      27/74      8.05G      1.055     0.9206      1.255        370        640: 84% ━━━━━━━━━━── 59/70 2.3it/s 25.9s<4.7s
[K      27/74      8.05G      1.056     0.9214      1.256        315        640: 85% ━━━━━━━━━━── 60/70 2.3it/s 26.4s<4.3s
[K      27/74      8.05G      1.056     0.9201      1.257        222        640: 87% ━━━━━━━━━━── 61/70 2.3it/s 26.8s<3.9s
[K      27/74      8.05G      1.055     0.9182      1.256        409        640: 88% ━━━━━━━━━━╸─ 62/70 2.3it/s 27.2s<3.5s
[K      27/74      8.05G      1.056     0.9195      1.256        429        640: 90% ━━━━━━━━━━╸─ 63/70 2.3it/s 27.7s<3.0s
[K      27/74      8.05G      1.053     0.9169      1.255        317        640: 91% ━━━━━━━━━━╸─ 64/70 2.3it/s 28.1s<2.6s
[K      27/74      8.05G      1.054     0.9168      1.255        486        640: 92% ━━━━━━━━━━━─ 65/70 2.3it/s 28.5s<2.2s
[K      27/74      8.05G      1.054     0.9154      1.254        404        640: 94% ━━━━━━━━━━━─ 66/70 2.3it/s 29.0s<1.7s
[K      27/74      8.05G      1.054     0.9164      1.255        317        640: 95% ━━━━━━━━━━━─ 67/70 2.3it/s 29.4s<1.3s
[K      27/74      8.05G      1.054     0.9158      1.255        340        640: 97% ━━━━━━━━━━━╸ 68/70 2.3it/s 29.8s<0.9s
[K      27/74      8.05G      1.055     0.9156      1.255        398        640: 98% ━━━━━━━━━━━╸ 69/70 2.3it/s 30.3s<0.4s
[K      27/74      8.05G      1.055     0.9156      1.255        398        640: 100% ━━━━━━━━━━━━ 70/70 2.3it/s 30.3s

[K                 Class     Images  Instances      Box(P          R      mAP50  mAP50-95): 20% ━━────────── 1/5 1.5s/it 0.4s<6.0s
[K                 Class     Images  Instances      Box(P          R      mAP50  mAP50-95): 40% ━━━━╸─────── 2/5 1.1it/s 0.9s<2.6s
[K                 Class     Images  Instances      Box(P          R      mAP50  mAP50-95): 60% ━━━━━━━───── 3/5 1.5it/s 1.3s<1.3s
[K                 Class     Images  Instances      Box(P          R      mAP50  mAP50-95): 80% ━━━━━━━━━╸── 4/5 1.7it/s 1.8s<0.6s
[K                 Class     Images  Instances      Box(P          R      mAP50  mAP50-95): 100% ━━━━━━━━━━━━ 5/5 2.3it/s 2.2s
                   all        280       3554      0.885      0.701      0.776      0.506

      Epoch    GPU_mem   box_loss   cls_loss   dfl_loss  Instances       Size

[K      28/74      8.05G      1.096      1.025      1.322        344        640: 0% ──────────── 0/70  0.4s
[K      28/74      8.05G      1.147      1.069      1.344        436        640: 1% ──────────── 1/70 1.4s/it 0.9s<1:37
[K      28/74      8.05G       1.08     0.9909      1.286        327        640: 2% ──────────── 2/70 1.2it/s 1.3s<57.5s
[K      28/74      8.05G      1.056     0.9418      1.262        328        640: 4% ╸─────────── 3/70 1.5it/s 1.7s<43.9s
[K      28/74      8.05G      1.042     0.9105      1.249        353        640: 5% ╸─────────── 4/70 1.8it/s 2.2s<37.6s
[K      28/74      8.05G      1.019     0.8858      1.236        315        640: 7% ╸─────────── 5/70 1.9it/s 2.6s<33.5s
[K      28/74      8.05G      1.007     0.8745      1.231        360        640: 8% ━─────────── 6/70 2.0it/s 3.0s<31.5s
[K      28/74      8.05G      1.015      0.888      1.233        381        640: 10% ━─────────── 7/70 2.1it/s 3.5s<29.7s
[K      28/74      8.05G      1.013     0.8875      1.232        394        640: 11% ━─────────── 8/70 2.2it/s 3.9s<28.8s
[K      28/74      8.05G      1.011     0.8814      1.231        354        640: 12% ━╸────────── 9/70 2.2it/s 4.3s<27.5s
[K      28/74      8.05G      1.014     0.8856      1.235        337        640: 14% ━╸────────── 10/70 2.2it/s 4.8s<27.0s
[K      28/74      8.05G       1.02     0.8965       1.24        317        640: 15% ━╸────────── 11/70 2.3it/s 5.2s<26.1s
[K      28/74      8.05G      1.019     0.9009      1.241        313        640: 17% ━━────────── 12/70 2.2it/s 5.7s<25.8s
[K      28/74      8.05G      1.011     0.8882      1.234        357        640: 18% ━━────────── 13/70 2.3it/s 6.1s<25.1s
[K      28/74      8.05G      1.022     0.9045      1.248        391        640: 20% ━━────────── 14/70 2.3it/s 6.5s<24.6s
[K      28/74      8.05G      1.022     0.9018      1.245        410        640: 21% ━━╸───────── 15/70 2.3it/s 7.0s<24.1s
[K      28/74      8.05G      1.015     0.9017      1.246        235        640: 22% ━━╸───────── 16/70 2.3it/s 7.4s<23.6s
[K      28/74      8.05G      1.019     0.9019      1.246        440        640: 24% ━━╸───────── 17/70 2.3it/s 7.8s<22.9s
[K      28/74      8.05G      1.017     0.9012      1.243        273        640: 25% ━━━───────── 18/70 2.3it/s 8.2s<22.6s
[K      28/74      8.05G       1.02     0.9007      1.245        384        640: 27% ━━━───────── 19/70 2.3it/s 8.7s<22.1s
[K      28/74      8.05G      1.025     0.9041      1.247        465        640: 28% ━━━───────── 20/70 2.3it/s 9.1s<21.8s
[K      28/74      8.05G      1.029      0.906      1.247        454        640: 30% ━━━╸──────── 21/70 2.3it/s 9.5s<21.2s
[K      28/74      8.05G      1.033     0.9076      1.249        435        640: 31% ━━━╸──────── 22/70 2.3it/s 10.0s<20.9s
[K      28/74      8.05G      1.039     0.9128      1.254        344        640: 32% ━━━╸──────── 23/70 2.3it/s 10.4s<20.4s
[K      28/74      8.05G       1.04     0.9119      1.253        418        640: 34% ━━━━──────── 24/70 2.3it/s 10.9s<20.0s
[K      28/74      8.05G      1.045     0.9177      1.256        354        640: 35% ━━━━──────── 25/70 2.3it/s 11.3s<19.3s
[K      28/74      8.05G      1.042     0.9157      1.257        223        640: 37% ━━━━──────── 26/70 2.3it/s 11.7s<19.0s
[K      28/74      8.05G      1.045     0.9196      1.258        405        640: 38% ━━━━╸─────── 27/70 2.3it/s 12.1s<18.5s
[K      28/74      8.05G      1.047      0.921      1.259        337        640: 40% ━━━━╸─────── 28/70 2.3it/s 12.6s<18.2s
[K      28/74      8.05G       1.05     0.9214      1.262        304        640: 41% ━━━━╸─────── 29/70 2.3it/s 13.0s<17.6s
[K      28/74      8.05G      1.048     0.9209      1.262        354        640: 42% ━━━━━─────── 30/70 2.3it/s 13.4s<17.3s
[K      28/74      8.05G      1.049     0.9211      1.262        475        640: 44% ━━━━━─────── 31/70 2.3it/s 13.9s<16.8s
[K      28/74      8.05G      1.048     0.9212      1.261        384        640: 45% ━━━━━─────── 32/70 2.3it/s 14.3s<16.5s
[K      28/74      8.05G      1.049     0.9226      1.261        344        640: 47% ━━━━━╸────── 33/70 2.3it/s 14.7s<15.9s
[K      28/74      8.05G       1.05     0.9244      1.261        389        640: 48% ━━━━━╸────── 34/70 2.3it/s 15.2s<15.6s
[K      28/74      8.05G      1.047     0.9209      1.258        409        640: 50% ━━━━━━────── 35/70 2.3it/s 15.6s<15.1s
[K      28/74      8.05G       1.05     0.9215      1.259        608        640: 51% ━━━━━━────── 36/70 2.3it/s 16.0s<14.8s
[K      28/74      8.05G      1.052     0.9231      1.259        370        640: 52% ━━━━━━────── 37/70 2.3it/s 16.5s<14.3s
[K      28/74      8.05G      1.052     0.9235      1.258        416        640: 54% ━━━━━━╸───── 38/70 2.3it/s 16.9s<13.9s
[K      28/74      8.05G      1.048     0.9228      1.258        230        640: 55% ━━━━━━╸───── 39/70 2.3it/s 17.3s<13.4s
[K      28/74      8.05G      1.048     0.9204      1.257        377        640: 57% ━━━━━━╸───── 40/70 2.3it/s 17.8s<13.0s
[K      28/74      8.05G      1.046     0.9156      1.256        318        640: 58% ━━━━━━━───── 41/70 2.3it/s 18.2s<12.5s
[K      28/74      8.05G      1.046     0.9162      1.255        424        640: 60% ━━━━━━━───── 42/70 2.3it/s 18.6s<12.2s
[K      28/74      8.05G      1.049     0.9219      1.258        380        640: 61% ━━━━━━━───── 43/70 2.3it/s 19.1s<11.7s
[K      28/74      8.05G      1.047     0.9204      1.257        289        640: 62% ━━━━━━━╸──── 44/70 2.3it/s 19.5s<11.4s
[K      28/74      8.05G      1.047     0.9197      1.257        380        640: 64% ━━━━━━━╸──── 45/70 2.3it/s 19.9s<10.8s
[K      28/74      8.05G      1.049     0.9202      1.258        490        640: 65% ━━━━━━━╸──── 46/70 2.3it/s 20.4s<10.4s
[K      28/74      8.05G       1.05     0.9216      1.258        478        640: 67% ━━━━━━━━──── 47/70 2.3it/s 20.8s<10.0s
[K      28/74      8.05G       1.05     0.9208      1.259        350        640: 68% ━━━━━━━━──── 48/70 2.3it/s 21.2s<9.6s
[K      28/74      8.05G      1.051      0.921      1.259        388        640: 70% ━━━━━━━━──── 49/70 2.3it/s 21.7s<9.1s
[K      28/74      8.05G      1.051     0.9198      1.258        310        640: 71% ━━━━━━━━╸─── 50/70 2.3it/s 22.1s<8.7s
[K      28/74      8.05G       1.05     0.9199      1.258        394        640: 72% ━━━━━━━━╸─── 51/70 2.3it/s 22.5s<8.2s
[K      28/74      8.05G      1.049     0.9191      1.258        258        640: 74% ━━━━━━━━╸─── 52/70 2.3it/s 23.0s<7.8s
[K      28/74      8.05G       1.05     0.9194       1.26        268        640: 75% ━━━━━━━━━─── 53/70 2.3it/s 23.4s<7.3s
[K      28/74      8.05G       1.05      0.919       1.26        379        640: 77% ━━━━━━━━━─── 54/70 2.3it/s 23.8s<7.0s
[K      28/74      8.05G       1.05     0.9199      1.261        263        640: 78% ━━━━━━━━━─── 55/70 2.3it/s 24.3s<6.5s
[K      28/74      8.05G      1.053     0.9222      1.263        494        640: 80% ━━━━━━━━━╸── 56/70 2.3it/s 24.7s<6.1s
[K      28/74      8.05G      1.054      0.921      1.263        361        640: 81% ━━━━━━━━━╸── 57/70 2.3it/s 25.1s<5.6s
[K      28/74      8.05G      1.056     0.9219      1.264        394        640: 82% ━━━━━━━━━╸── 58/70 2.3it/s 25.6s<5.2s
[K      28/74      8.05G      1.055     0.9205      1.264        339        640: 84% ━━━━━━━━━━── 59/70 2.3it/s 26.0s<4.8s
[K      28/74      8.05G      1.058     0.9218      1.265        501        640: 85% ━━━━━━━━━━── 60/70 2.3it/s 26.4s<4.3s
[K      28/74      8.05G      1.059     0.9243      1.266        278        640: 87% ━━━━━━━━━━── 61/70 2.3it/s 26.9s<3.9s
[K      28/74      8.05G      1.058     0.9222      1.265        349        640: 88% ━━━━━━━━━━╸─ 62/70 2.3it/s 27.3s<3.5s
[K      28/74      8.05G      1.059     0.9238      1.266        433        640: 90% ━━━━━━━━━━╸─ 63/70 2.3it/s 27.7s<3.0s
[K      28/74      8.05G      1.059     0.9222      1.266        277        640: 91% ━━━━━━━━━━╸─ 64/70 2.3it/s 28.2s<2.6s
[K      28/74      8.05G      1.059     0.9228      1.266        315        640: 92% ━━━━━━━━━━━─ 65/70 2.3it/s 28.6s<2.2s
[K      28/74      8.05G      1.058     0.9213      1.265        353        640: 94% ━━━━━━━━━━━─ 66/70 2.3it/s 29.1s<1.7s
[K      28/74      8.05G      1.057     0.9218      1.265        304        640: 95% ━━━━━━━━━━━─ 67/70 2.3it/s 29.5s<1.3s
[K      28/74      8.05G      1.057     0.9212      1.265        409        640: 97% ━━━━━━━━━━━╸ 68/70 2.3it/s 29.9s<0.9s
[K      28/74      8.05G      1.055     0.9191      1.264        305        640: 98% ━━━━━━━━━━━╸ 69/70 2.3it/s 30.4s<0.4s
[K      28/74      8.05G      1.055     0.9191      1.264        305        640: 100% ━━━━━━━━━━━━ 70/70 2.3it/s 30.4s

[K                 Class     Images  Instances      Box(P          R      mAP50  mAP50-95): 20% ━━────────── 1/5 1.5s/it 0.4s<5.9s
[K                 Class     Images  Instances      Box(P          R      mAP50  mAP50-95): 40% ━━━━╸─────── 2/5 1.1it/s 0.9s<2.6s
[K                 Class     Images  Instances      Box(P          R      mAP50  mAP50-95): 60% ━━━━━━━───── 3/5 1.5it/s 1.3s<1.3s
[K                 Class     Images  Instances      Box(P          R      mAP50  mAP50-95): 80% ━━━━━━━━━╸── 4/5 1.7it/s 1.8s<0.6s
[K                 Class     Images  Instances      Box(P          R      mAP50  mAP50-95): 100% ━━━━━━━━━━━━ 5/5 2.3it/s 2.2s
                   all        280       3554      0.866      0.682      0.768      0.504

      Epoch    GPU_mem   box_loss   cls_loss   dfl_loss  Instances       Size

[K      29/74      8.03G      1.118     0.8889      1.318        343        640: 0% ──────────── 0/70  0.4s
[K      29/74      8.03G      1.065     0.8619      1.268        426        640: 1% ──────────── 1/70 1.4s/it 0.9s<1:36
[K      29/74      8.03G      1.073     0.9186      1.285        358        640: 2% ──────────── 2/70 1.2it/s 1.3s<57.5s
[K      29/74      8.03G      1.062     0.8824      1.266        330        640: 4% ╸─────────── 3/70 1.5it/s 1.7s<43.5s
[K      29/74      8.03G      1.054     0.8974      1.275        276        640: 5% ╸─────────── 4/70 1.8it/s 2.2s<37.4s
[K      29/74      8.03G      1.042     0.8789      1.256        481        640: 7% ╸─────────── 5/70 1.9it/s 2.6s<33.9s
[K      29/74      8.03G      1.051     0.8903      1.263        327        640: 8% ━─────────── 6/70 2.0it/s 3.0s<31.6s
[K      29/74      8.03G      1.039      0.875      1.253        337        640: 10% ━─────────── 7/70 2.1it/s 3.5s<29.5s
[K      29/74      8.03G      1.036     0.8821      1.257        298        640: 11% ━─────────── 8/70 2.2it/s 3.9s<28.6s
[K      29/74      8.03G      1.037     0.8788      1.261        388        640: 12% ━╸────────── 9/70 2.2it/s 4.3s<27.3s
[K      29/74      8.03G      1.037     0.8835      1.259        428        640: 14% ━╸────────── 10/70 2.2it/s 4.8s<26.7s
[K      29/74      8.03G      1.027     0.8724      1.252        293        640: 15% ━╸────────── 11/70 2.3it/s 5.2s<25.7s
[K      29/74      8.03G      1.026     0.8707      1.249        406        640: 17% ━━────────── 12/70 2.3it/s 5.6s<25.6s
[K      29/74      8.03G      1.019     0.8619      1.244        303        640: 18% ━━────────── 13/70 2.3it/s 6.0s<24.7s
[K      29/74      8.03G      1.024     0.8726      1.247        363        640: 20% ━━────────── 14/70 2.3it/s 6.5s<24.3s
[K      29/74      8.03G      1.035     0.8833      1.252        412        640: 21% ━━╸───────── 15/70 2.3it/s 6.9s<23.6s
[K      29/74      8.03G      1.034     0.8773      1.251        354        640: 22% ━━╸───────── 16/70 2.3it/s 7.3s<23.3s
[K      29/74      8.03G      1.038     0.8811      1.254        398        640: 24% ━━╸───────── 17/70 2.3it/s 7.8s<22.9s
[K      29/74      8.03G      1.037     0.8819      1.254        297        640: 25% ━━━───────── 18/70 2.3it/s 8.2s<22.6s
[K      29/74      8.03G      1.029     0.8721      1.247        383        640: 27% ━━━───────── 19/70 2.3it/s 8.6s<22.0s
[K      29/74      8.03G      1.027     0.8706      1.245        372        640: 28% ━━━───────── 20/70 2.3it/s 9.1s<21.7s
[K      29/74      8.03G      1.026     0.8663      1.241        499        640: 30% ━━━╸──────── 21/70 2.3it/s 9.5s<21.1s
[K      29/74      8.03G      1.028     0.8668      1.241        442        640: 31% ━━━╸──────── 22/70 2.3it/s 9.9s<20.9s
[K      29/74      8.03G      1.033     0.8684      1.241        424        640: 32% ━━━╸──────── 23/70 2.3it/s 10.4s<20.2s
[K      29/74      8.03G      1.034     0.8717      1.244        343        640: 34% ━━━━──────── 24/70 2.3it/s 10.8s<19.9s
[K      29/74      8.03G      1.035     0.8732      1.246        299        640: 35% ━━━━──────── 25/70 2.3it/s 11.2s<19.4s
[K      29/74      8.03G      1.032     0.8711      1.244        370        640: 37% ━━━━──────── 26/70 2.3it/s 11.7s<19.1s
[K      29/74      8.03G      1.031     0.8699      1.242        352        640: 38% ━━━━╸─────── 27/70 2.3it/s 12.1s<18.4s
[K      29/74      8.03G      1.028      0.868       1.24        352        640: 40% ━━━━╸─────── 28/70 2.3it/s 12.5s<18.3s
[K      29/74      8.03G      1.027     0.8671      1.238        468        640: 41% ━━━━╸─────── 29/70 2.3it/s 13.0s<17.8s
[K      29/74      8.03G      1.028     0.8698      1.239        385        640: 42% ━━━━━─────── 30/70 2.3it/s 13.4s<17.5s
[K      29/74      8.03G      1.031     0.8731      1.245        272        640: 44% ━━━━━─────── 31/70 2.3it/s 13.8s<16.8s
[K      29/74      8.03G      1.031     0.8723      1.242        368        640: 45% ━━━━━─────── 32/70 2.3it/s 14.3s<16.4s
[K      29/74      8.03G      1.029     0.8697      1.241        348        640: 47% ━━━━━╸────── 33/70 2.3it/s 14.7s<15.8s
[K      29/74      8.03G      1.029     0.8697      1.242        395        640: 48% ━━━━━╸────── 34/70 2.3it/s 15.1s<15.6s
[K      29/74      8.03G      1.031     0.8736      1.245        345        640: 50% ━━━━━━────── 35/70 2.3it/s 15.5s<15.0s
[K      29/74      8.03G      1.033     0.8744      1.246        408        640: 51% ━━━━━━────── 36/70 2.3it/s 16.0s<14.7s
[K      29/74      8.03G      1.035      0.875      1.248        339        640: 52% ━━━━━━────── 37/70 2.3it/s 16.4s<14.2s
[K      29/74      8.03G      1.034     0.8736      1.248        289        640: 54% ━━━━━━╸───── 38/70 2.3it/s 16.9s<13.9s
[K      29/74      8.03G      1.032     0.8706      1.245        407        640: 55% ━━━━━━╸───── 39/70 2.3it/s 17.3s<13.3s
[K      29/74      8.03G      1.033      0.871      1.247        357        640: 57% ━━━━━━╸───── 40/70 2.3it/s 17.7s<12.9s
[K      29/74      8.03G      1.035      0.873      1.247        333        640: 58% ━━━━━━━───── 41/70 2.3it/s 18.1s<12.4s
[K      29/74      8.03G      1.035     0.8731      1.247        413        640: 60% ━━━━━━━───── 42/70 2.3it/s 18.6s<12.1s
[K      29/74      8.03G      1.032     0.8691      1.245        372        640: 61% ━━━━━━━───── 43/70 2.3it/s 19.0s<11.6s
[K      29/74      8.03G      1.031     0.8691      1.243        397        640: 62% ━━━━━━━╸──── 44/70 2.3it/s 19.4s<11.2s
[K      29/74      8.03G      1.034     0.8694      1.244        451        640: 64% ━━━━━━━╸──── 45/70 2.3it/s 19.9s<10.8s
[K      29/74      8.03G      1.037     0.8717      1.245        390        640: 65% ━━━━━━━╸──── 46/70 2.3it/s 20.3s<10.5s
[K      29/74      8.03G      1.039     0.8754      1.249        362        640: 67% ━━━━━━━━──── 47/70 2.3it/s 20.7s<9.9s
[K      29/74      8.03G      1.039     0.8753      1.248        423        640: 68% ━━━━━━━━──── 48/70 2.3it/s 21.2s<9.5s
[K      29/74      8.03G      1.036     0.8733      1.248        297        640: 70% ━━━━━━━━──── 49/70 2.3it/s 21.6s<9.0s
[K      29/74      8.03G      1.034     0.8719      1.247        250        640: 71% ━━━━━━━━╸─── 50/70 2.3it/s 22.0s<8.7s
[K      29/74      8.03G       1.03     0.8687      1.245        313        640: 72% ━━━━━━━━╸─── 51/70 2.3it/s 22.5s<8.2s
[K      29/74      8.03G      1.029     0.8681      1.244        425        640: 74% ━━━━━━━━╸─── 52/70 2.3it/s 22.9s<7.8s
[K      29/74      8.03G      1.028     0.8675      1.245        262        640: 75% ━━━━━━━━━─── 53/70 2.3it/s 23.3s<7.3s
[K      29/74      8.03G      1.029     0.8673      1.245        522        640: 77% ━━━━━━━━━─── 54/70 2.3it/s 23.8s<6.9s
[K      29/74      8.03G       1.03      0.865      1.243        395        640: 78% ━━━━━━━━━─── 55/70 2.3it/s 24.2s<6.4s
[K      29/74      8.03G      1.028     0.8633      1.242        326        640: 80% ━━━━━━━━━╸── 56/70 2.3it/s 24.6s<6.1s
[K      29/74      8.03G      1.028     0.8623      1.242        270        640: 81% ━━━━━━━━━╸── 57/70 2.3it/s 25.0s<5.6s
[K      29/74      8.03G      1.029     0.8632      1.243        337        640: 82% ━━━━━━━━━╸── 58/70 2.3it/s 25.5s<5.2s
[K      29/74      8.03G      1.027     0.8625      1.242        275        640: 84% ━━━━━━━━━━── 59/70 2.3it/s 25.9s<4.7s
[K      29/74      8.03G      1.028     0.8646      1.243        366        640: 85% ━━━━━━━━━━── 60/70 2.3it/s 26.3s<4.3s
[K      29/74      8.03G      1.026     0.8628      1.242        258        640: 87% ━━━━━━━━━━── 61/70 2.3it/s 26.8s<3.9s
[K      29/74      8.03G      1.027     0.8638      1.243        271        640: 88% ━━━━━━━━━━╸─ 62/70 2.3it/s 27.2s<3.5s
[K      29/74      8.03G      1.027     0.8655      1.244        343        640: 90% ━━━━━━━━━━╸─ 63/70 2.3it/s 27.6s<3.0s
[K      29/74      8.03G      1.025     0.8646      1.243        301        640: 91% ━━━━━━━━━━╸─ 64/70 2.3it/s 28.1s<2.6s
[K      29/74      8.03G      1.026     0.8641      1.243        379        640: 92% ━━━━━━━━━━━─ 65/70 2.3it/s 28.5s<2.1s
[K      29/74      8.03G      1.025     0.8645      1.242        438        640: 94% ━━━━━━━━━━━─ 66/70 2.3it/s 28.9s<1.7s
[K      29/74      8.03G      1.027     0.8658      1.242        407        640: 95% ━━━━━━━━━━━─ 67/70 2.3it/s 29.4s<1.3s
[K      29/74      8.03G      1.026     0.8644      1.241        334        640: 97% ━━━━━━━━━━━╸ 68/70 2.3it/s 29.8s<0.9s
[K      29/74      8.03G      1.026     0.8641      1.241        305        640: 98% ━━━━━━━━━━━╸ 69/70 2.3it/s 30.2s<0.4s
[K      29/74      8.03G      1.026     0.8641      1.241        305        640: 100% ━━━━━━━━━━━━ 70/70 2.3it/s 30.2s

[K                 Class     Images  Instances      Box(P          R      mAP50  mAP50-95): 20% ━━────────── 1/5 1.5s/it 0.4s<5.9s
[K                 Class     Images  Instances      Box(P          R      mAP50  mAP50-95): 40% ━━━━╸─────── 2/5 1.1it/s 0.9s<2.6s
[K                 Class     Images  Instances      Box(P          R      mAP50  mAP50-95): 60% ━━━━━━━───── 3/5 1.5it/s 1.3s<1.4s
[K                 Class     Images  Instances      Box(P          R      mAP50  mAP50-95): 80% ━━━━━━━━━╸── 4/5 1.7it/s 1.8s<0.6s
[K                 Class     Images  Instances      Box(P          R      mAP50  mAP50-95): 100% ━━━━━━━━━━━━ 5/5 2.2it/s 2.2s
                   all        280       3554      0.884       0.71      0.786      0.524

      Epoch    GPU_mem   box_loss   cls_loss   dfl_loss  Instances       Size

[K      30/74      8.17G      1.081     0.9483      1.243        566        640: 0% ──────────── 0/70  0.4s
[K      30/74      8.17G      1.036     0.9127      1.242        329        640: 1% ──────────── 1/70 1.4s/it 0.8s<1:36
[K      30/74      8.17G     0.9999     0.8965      1.219        345        640: 2% ──────────── 2/70 1.2it/s 1.3s<57.0s
[K      30/74      8.17G     0.9903     0.8674      1.216        340        640: 4% ╸─────────── 3/70 1.6it/s 1.7s<43.0s
[K      30/74      8.17G     0.9962     0.8612      1.224        331        640: 5% ╸─────────── 4/70 1.8it/s 2.1s<37.2s
[K      30/74      8.17G      1.006     0.8766      1.227        395        640: 7% ╸─────────── 5/70 2.0it/s 2.6s<33.3s
[K      30/74      8.17G      1.001     0.8675      1.228        297        640: 8% ━─────────── 6/70 2.1it/s 3.0s<31.1s
[K      30/74      8.17G      1.004     0.8581      1.226        423        640: 10% ━─────────── 7/70 2.2it/s 3.4s<29.1s
[K      30/74      8.17G     0.9904     0.8503      1.213        294        640: 11% ━─────────── 8/70 2.2it/s 3.8s<28.2s
[K      30/74      8.17G     0.9817     0.8349      1.208        277        640: 12% ━╸────────── 9/70 2.2it/s 4.3s<27.2s
[K      30/74      8.17G     0.9905     0.8404      1.212        338        640: 14% ━╸────────── 10/70 2.2it/s 4.7s<26.7s
[K      30/74      8.17G     0.9935     0.8424      1.213        395        640: 15% ━╸────────── 11/70 2.3it/s 5.1s<25.7s
[K      30/74      8.17G      1.005     0.8659      1.223        312        640: 17% ━━────────── 12/70 2.3it/s 5.6s<25.3s
[K      30/74      8.17G      1.011     0.8671      1.227        422        640: 18% ━━────────── 13/70 2.3it/s 6.0s<24.5s
[K      30/74      8.17G      1.021     0.8738      1.233        470        640: 20% ━━────────── 14/70 2.3it/s 6.4s<24.3s
[K      30/74      8.17G      1.019     0.8697      1.235        299        640: 21% ━━╸───────── 15/70 2.3it/s 6.8s<23.6s
[K      30/74      8.17G      1.022     0.8769      1.236        414        640: 22% ━━╸───────── 16/70 2.3it/s 7.3s<23.3s
[K      30/74      8.17G      1.015     0.8701      1.231        370        640: 24% ━━╸───────── 17/70 2.3it/s 7.7s<22.7s
[K      30/74      8.17G      1.014     0.8648      1.227        436        640: 25% ━━━───────── 18/70 2.3it/s 8.2s<22.6s
[K      30/74      8.17G      1.018      0.867      1.227        455        640: 27% ━━━───────── 19/70 2.3it/s 8.6s<21.9s
[K      30/74      8.17G      1.021     0.8693      1.228        399        640: 28% ━━━───────── 20/70 2.3it/s 9.0s<21.9s
[K      30/74      8.17G      1.018      0.867      1.226        389        640: 30% ━━━╸──────── 21/70 2.3it/s 9.4s<21.1s
[K      30/74      8.17G      1.014     0.8656      1.224        312        640: 31% ━━━╸──────── 22/70 2.3it/s 9.9s<20.8s
[K      30/74      8.17G      1.014     0.8655      1.224        495        640: 32% ━━━╸──────── 23/70 2.3it/s 10.3s<20.2s
[K      30/74      8.17G      1.014     0.8716      1.226        351        640: 34% ━━━━──────── 24/70 2.3it/s 10.7s<20.0s
[K      30/74      8.17G      1.015     0.8729      1.226        421        640: 35% ━━━━──────── 25/70 2.3it/s 11.2s<19.3s
[K      30/74      8.17G      1.013     0.8707      1.227        321        640: 37% ━━━━──────── 26/70 2.3it/s 11.6s<19.0s
[K      30/74      8.17G      1.015     0.8711      1.227        393        640: 38% ━━━━╸─────── 27/70 2.3it/s 12.0s<18.3s
[K      30/74      8.17G      1.011     0.8665      1.225        314        640: 40% ━━━━╸─────── 28/70 2.3it/s 12.5s<18.0s
[K      30/74      8.17G      1.009     0.8635      1.224        366        640: 41% ━━━━╸─────── 29/70 2.3it/s 12.9s<17.6s
[K      30/74      8.17G      1.009     0.8645      1.227        192        640: 42% ━━━━━─────── 30/70 2.3it/s 13.3s<17.3s
[K      30/74      8.17G      1.012      0.865      1.229        415        640: 44% ━━━━━─────── 31/70 2.3it/s 13.7s<16.7s
[K      30/74      8.17G      1.013     0.8642      1.228        440        640: 45% ━━━━━─────── 32/70 2.3it/s 14.2s<16.5s
[K      30/74      8.17G      1.015     0.8637      1.229        429        640: 47% ━━━━━╸────── 33/70 2.3it/s 14.6s<16.1s
[K      30/74      8.17G      1.012     0.8597      1.227        396        640: 48% ━━━━━╸────── 34/70 2.3it/s 15.1s<15.7s
[K      30/74      8.17G       1.01     0.8568      1.226        303        640: 50% ━━━━━━────── 35/70 2.3it/s 15.5s<15.1s
[K      30/74      8.17G       1.01     0.8584      1.226        384        640: 51% ━━━━━━────── 36/70 2.3it/s 15.9s<14.7s
[K      30/74      8.17G      1.013     0.8613      1.229        395        640: 52% ━━━━━━────── 37/70 2.3it/s 16.4s<14.2s
[K      30/74      8.17G      1.015     0.8648      1.232        331        640: 54% ━━━━━━╸───── 38/70 2.3it/s 16.8s<13.8s
[K      30/74      8.17G      1.014     0.8616       1.23        368        640: 55% ━━━━━━╸───── 39/70 2.3it/s 17.2s<13.3s
[K      30/74      8.17G      1.014     0.8623      1.231        333        640: 57% ━━━━━━╸───── 40/70 2.3it/s 17.6s<12.9s
[K      30/74      8.17G      1.016     0.8677      1.231        370        640: 58% ━━━━━━━───── 41/70 2.3it/s 18.1s<12.4s
[K      30/74      8.17G      1.017     0.8691      1.231        342        640: 60% ━━━━━━━───── 42/70 2.3it/s 18.5s<12.2s
[K      30/74      8.17G      1.016     0.8683       1.23        287        640: 61% ━━━━━━━───── 43/70 2.3it/s 18.9s<11.6s
[K      30/74      8.17G       1.02     0.8715      1.232        377        640: 62% ━━━━━━━╸──── 44/70 2.3it/s 19.4s<11.2s
[K      30/74      8.17G      1.017     0.8697       1.23        335        640: 64% ━━━━━━━╸──── 45/70 2.3it/s 19.8s<10.8s
[K      30/74      8.17G       1.02     0.8724      1.231        548        640: 65% ━━━━━━━╸──── 46/70 2.3it/s 20.2s<10.4s
[K      30/74      8.17G      1.021     0.8739      1.231        423        640: 67% ━━━━━━━━──── 47/70 2.3it/s 20.7s<9.9s
[K      30/74      8.17G      1.018     0.8699      1.229        314        640: 68% ━━━━━━━━──── 48/70 2.3it/s 21.1s<9.6s
[K      30/74      8.17G      1.018     0.8695      1.229        372        640: 70% ━━━━━━━━──── 49/70 2.3it/s 21.5s<9.0s
[K      30/74      8.17G       1.02     0.8733      1.231        353        640: 71% ━━━━━━━━╸─── 50/70 2.3it/s 22.0s<8.6s
[K      30/74      8.17G      1.021     0.8746      1.232        352        640: 72% ━━━━━━━━╸─── 51/70 2.3it/s 22.4s<8.2s
[K      30/74      8.17G      1.022     0.8723      1.231        446        640: 74% ━━━━━━━━╸─── 52/70 2.3it/s 22.8s<7.8s
[K      30/74      8.17G      1.021     0.8718      1.231        349        640: 75% ━━━━━━━━━─── 53/70 2.3it/s 23.3s<7.3s
[K      30/74      8.17G       1.02     0.8707      1.231        328        640: 77% ━━━━━━━━━─── 54/70 2.3it/s 23.7s<7.0s
[K      30/74      8.17G      1.018      0.868      1.229        332        640: 78% ━━━━━━━━━─── 55/70 2.3it/s 24.1s<6.4s
[K      30/74      8.17G      1.018      0.867      1.229        401        640: 80% ━━━━━━━━━╸── 56/70 2.3it/s 24.6s<6.1s
[K      30/74      8.17G      1.017     0.8669      1.228        365        640: 81% ━━━━━━━━━╸── 57/70 2.3it/s 25.0s<5.6s
[K      30/74      8.17G      1.018      0.866      1.228        381        640: 82% ━━━━━━━━━╸── 58/70 2.3it/s 25.4s<5.2s
[K      30/74      8.17G      1.017     0.8652      1.228        343        640: 84% ━━━━━━━━━━── 59/70 2.3it/s 25.8s<4.7s
[K      30/74      8.17G      1.019     0.8667      1.229        357        640: 85% ━━━━━━━━━━── 60/70 2.3it/s 26.3s<4.3s
[K      30/74      8.17G      1.021     0.8714      1.231        415        640: 87% ━━━━━━━━━━── 61/70 2.3it/s 26.7s<3.9s
[K      30/74      8.17G      1.023     0.8734      1.232        377        640: 88% ━━━━━━━━━━╸─ 62/70 2.3it/s 27.1s<3.5s
[K      30/74      8.17G      1.023     0.8735      1.231        449        640: 90% ━━━━━━━━━━╸─ 63/70 2.3it/s 27.6s<3.0s
[K      30/74      8.17G      1.022     0.8724       1.23        289        640: 91% ━━━━━━━━━━╸─ 64/70 2.3it/s 28.0s<2.6s
[K      30/74      8.17G      1.023     0.8725      1.231        344        640: 92% ━━━━━━━━━━━─ 65/70 2.3it/s 28.4s<2.1s
[K      30/74      8.17G      1.024     0.8737      1.231        472        640: 94% ━━━━━━━━━━━─ 66/70 2.3it/s 28.9s<1.7s
[K      30/74      8.17G      1.023      0.872       1.23        400        640: 95% ━━━━━━━━━━━─ 67/70 2.3it/s 29.3s<1.3s
[K      30/74      8.17G      1.023     0.8731       1.23        547        640: 97% ━━━━━━━━━━━╸ 68/70 2.3it/s 29.7s<0.9s
[K      30/74      8.17G      1.024     0.8748      1.232        363        640: 98% ━━━━━━━━━━━╸ 69/70 2.3it/s 30.2s<0.4s
[K      30/74      8.17G      1.024     0.8748      1.232        363        640: 100% ━━━━━━━━━━━━ 70/70 2.3it/s 30.2s

[K                 Class     Images  Instances      Box(P          R      mAP50  mAP50-95): 20% ━━────────── 1/5 1.5s/it 0.5s<6.0s
[K                 Class     Images  Instances      Box(P          R      mAP50  mAP50-95): 40% ━━━━╸─────── 2/5 1.1it/s 0.9s<2.6s
[K                 Class     Images  Instances      Box(P          R      mAP50  mAP50-95): 60% ━━━━━━━───── 3/5 1.5it/s 1.3s<1.4s
[K                 Class     Images  Instances      Box(P          R      mAP50  mAP50-95): 80% ━━━━━━━━━╸── 4/5 1.7it/s 1.8s<0.6s
[K                 Class     Images  Instances      Box(P          R      mAP50  mAP50-95): 100% ━━━━━━━━━━━━ 5/5 2.2it/s 2.2s
                   all        280       3554      0.877      0.678      0.766      0.512

      Epoch    GPU_mem   box_loss   cls_loss   dfl_loss  Instances       Size

[K      31/74      8.04G      1.044     0.8373      1.246        371        640: 0% ──────────── 0/70  0.4s
[K      31/74      8.04G      1.081     0.8854       1.28        406        640: 1% ──────────── 1/70 1.4s/it 0.9s<1:38
[K      31/74      8.04G      1.031     0.8679      1.264        319        640: 2% ──────────── 2/70 1.2it/s 1.3s<58.1s
[K      31/74      8.04G      1.055     0.8999      1.283        293        640: 4% ╸─────────── 3/70 1.5it/s 1.7s<43.6s
[K      31/74      8.04G      1.038     0.8801      1.265        338        640: 5% ╸─────────── 4/70 1.7it/s 2.2s<37.8s
[K      31/74      8.04G      1.052     0.8863      1.268        489        640: 7% ╸─────────── 5/70 1.9it/s 2.6s<33.6s
[K      31/74      8.04G      1.029     0.8669      1.251        287        640: 8% ━─────────── 6/70 2.0it/s 3.0s<31.3s
[K      31/74      8.04G      1.024     0.8599      1.246        382        640: 10% ━─────────── 7/70 2.1it/s 3.4s<29.4s
[K      31/74      8.04G      1.018      0.848      1.241        384        640: 11% ━─────────── 8/70 2.2it/s 3.9s<28.3s
[K      31/74      8.04G      1.016     0.8523      1.242        308        640: 12% ━╸────────── 9/70 2.2it/s 4.3s<27.2s
[K      31/74      8.04G      1.016     0.8472      1.234        502        640: 14% ━╸────────── 10/70 2.2it/s 4.8s<26.8s
[K      31/74      8.04G      1.015     0.8479      1.232        334        640: 15% ━╸────────── 11/70 2.3it/s 5.2s<25.8s
[K      31/74      8.04G      1.007     0.8372       1.23        284        640: 17% ━━────────── 12/70 2.2it/s 5.7s<26.0s
[K      31/74      8.04G      1.004      0.839      1.227        435        640: 18% ━━────────── 13/70 2.3it/s 6.1s<25.1s
[K      31/74      8.04G      1.002     0.8312      1.221        380        640: 20% ━━────────── 14/70 2.3it/s 6.5s<24.7s
[K      31/74      8.04G      1.001     0.8268      1.216        366        640: 21% ━━╸───────── 15/70 2.3it/s 6.9s<23.9s
[K      31/74      8.04G     0.9968     0.8243      1.215        300        640: 22% ━━╸───────── 16/70 2.3it/s 7.4s<23.5s
[K      31/74      8.04G      1.004     0.8317      1.218        464        640: 24% ━━╸───────── 17/70 2.3it/s 7.8s<22.9s
[K      31/74      8.04G      1.005     0.8345      1.218        401        640: 25% ━━━───────── 18/70 2.3it/s 8.2s<22.6s
[K      31/74      8.04G      1.005     0.8352       1.22        312        640: 27% ━━━───────── 19/70 2.3it/s 8.7s<22.1s
[K      31/74      8.04G      1.011     0.8387      1.223        427        640: 28% ━━━───────── 20/70 2.3it/s 9.1s<21.8s
[K      31/74      8.04G      1.013      0.838      1.223        320        640: 30% ━━━╸──────── 21/70 2.3it/s 9.5s<21.1s
[K      31/74      8.04G      1.009     0.8343      1.222        367        640: 31% ━━━╸──────── 22/70 2.3it/s 10.0s<20.9s
[K      31/74      8.04G      1.007     0.8279       1.22        311        640: 32% ━━━╸──────── 23/70 2.3it/s 10.4s<20.2s
[K      31/74      8.04G      1.005     0.8258      1.218        402        640: 34% ━━━━──────── 24/70 2.3it/s 10.8s<19.8s
[K      31/74      8.04G      1.002     0.8241      1.217        323        640: 35% ━━━━──────── 25/70 2.3it/s 11.2s<19.2s
[K      31/74      8.04G      1.006     0.8256      1.217        384        640: 37% ━━━━──────── 26/70 2.3it/s 11.7s<19.0s
[K      31/74      8.04G      1.012     0.8297      1.222        396        640: 38% ━━━━╸─────── 27/70 2.3it/s 12.1s<18.5s
[K      31/74      8.04G      1.008     0.8286       1.22        364        640: 40% ━━━━╸─────── 28/70 2.3it/s 12.6s<18.2s
[K      31/74      8.04G      1.007     0.8292       1.22        353        640: 41% ━━━━╸─────── 29/70 2.3it/s 13.0s<17.7s
[K      31/74      8.04G      1.005     0.8268      1.218        294        640: 42% ━━━━━─────── 30/70 2.3it/s 13.4s<17.4s
[K      31/74      8.04G      1.009     0.8324      1.221        459        640: 44% ━━━━━─────── 31/70 2.3it/s 13.9s<16.8s
[K      31/74      8.04G      1.008     0.8341      1.221        342        640: 45% ━━━━━─────── 32/70 2.3it/s 14.3s<16.5s
[K      31/74      8.04G      1.005       0.83       1.22        370        640: 47% ━━━━━╸────── 33/70 2.3it/s 14.7s<15.9s
[K      31/74      8.04G      1.001     0.8277      1.218        360        640: 48% ━━━━━╸────── 34/70 2.3it/s 15.1s<15.5s
[K      31/74      8.04G     0.9986     0.8263      1.217        218        640: 50% ━━━━━━────── 35/70 2.3it/s 15.6s<15.1s
[K      31/74      8.04G          1     0.8252      1.216        420        640: 51% ━━━━━━────── 36/70 2.3it/s 16.0s<14.8s
[K      31/74      8.04G          1     0.8251      1.216        375        640: 52% ━━━━━━────── 37/70 2.3it/s 16.4s<14.1s
[K      31/74      8.04G      1.002     0.8267      1.217        332        640: 54% ━━━━━━╸───── 38/70 2.3it/s 16.9s<13.8s
[K      31/74      8.04G      1.004     0.8317      1.219        384        640: 55% ━━━━━━╸───── 39/70 2.3it/s 17.3s<13.4s
[K      31/74      8.04G      1.004     0.8311       1.22        349        640: 57% ━━━━━━╸───── 40/70 2.3it/s 17.7s<13.0s
[K      31/74      8.04G      1.004     0.8334       1.22        488        640: 58% ━━━━━━━───── 41/70 2.3it/s 18.2s<12.5s
[K      31/74      8.04G      1.005     0.8337       1.22        350        640: 60% ━━━━━━━───── 42/70 2.3it/s 18.6s<12.2s
[K      31/74      8.04G      1.006     0.8341      1.219        388        640: 61% ━━━━━━━───── 43/70 2.3it/s 19.0s<11.6s
[K      31/74      8.04G      1.007     0.8365       1.22        382        640: 62% ━━━━━━━╸──── 44/70 2.3it/s 19.5s<11.4s
[K      31/74      8.04G      1.005     0.8364       1.22        281        640: 64% ━━━━━━━╸──── 45/70 2.3it/s 19.9s<10.8s
[K      31/74      8.04G      1.004     0.8376      1.221        279        640: 65% ━━━━━━━╸──── 46/70 2.3it/s 20.4s<10.5s
[K      31/74      8.04G      1.006     0.8377      1.222        390        640: 67% ━━━━━━━━──── 47/70 2.3it/s 20.8s<10.0s
[K      31/74      8.04G      1.011     0.8423      1.225        570        640: 68% ━━━━━━━━──── 48/70 2.3it/s 21.2s<9.6s
[K      31/74      8.04G       1.01     0.8419      1.224        401        640: 70% ━━━━━━━━──── 49/70 2.3it/s 21.7s<9.1s
[K      31/74      8.04G       1.01     0.8408      1.222        370        640: 71% ━━━━━━━━╸─── 50/70 2.3it/s 22.1s<8.7s
[K      31/74      8.04G       1.01     0.8399      1.223        372        640: 72% ━━━━━━━━╸─── 51/70 2.3it/s 22.5s<8.2s
[K      31/74      8.04G      1.013     0.8437      1.224        495        640: 74% ━━━━━━━━╸─── 52/70 2.3it/s 23.0s<7.8s
[K      31/74      8.04G      1.011     0.8422      1.222        368        640: 75% ━━━━━━━━━─── 53/70 2.3it/s 23.4s<7.3s
[K      31/74      8.04G       1.01     0.8421      1.222        291        640: 77% ━━━━━━━━━─── 54/70 2.3it/s 23.8s<7.0s
[K      31/74      8.04G      1.009     0.8431      1.221        360        640: 78% ━━━━━━━━━─── 55/70 2.3it/s 24.2s<6.4s
[K      31/74      8.04G       1.01     0.8425      1.222        391        640: 80% ━━━━━━━━━╸── 56/70 2.3it/s 24.7s<6.1s
[K      31/74      8.04G      1.012     0.8431      1.222        422        640: 81% ━━━━━━━━━╸── 57/70 2.3it/s 25.1s<5.6s
[K      31/74      8.04G       1.01     0.8405      1.221        369        640: 82% ━━━━━━━━━╸── 58/70 2.3it/s 25.6s<5.2s
[K      31/74      8.04G      1.008     0.8382       1.22        365        640: 84% ━━━━━━━━━━── 59/70 2.3it/s 26.0s<4.8s
[K      31/74      8.04G      1.008     0.8391       1.22        408        640: 85% ━━━━━━━━━━── 60/70 2.3it/s 26.4s<4.3s
[K      31/74      8.04G      1.007     0.8399       1.22        269        640: 87% ━━━━━━━━━━── 61/70 2.3it/s 26.8s<3.9s
[K      31/74      8.04G      1.007     0.8393       1.22        390        640: 88% ━━━━━━━━━━╸─ 62/70 2.3it/s 27.3s<3.5s
[K      31/74      8.04G      1.008     0.8404      1.221        399        640: 90% ━━━━━━━━━━╸─ 63/70 2.3it/s 27.7s<3.0s
[K      31/74      8.04G      1.007     0.8386      1.221        342        640: 91% ━━━━━━━━━━╸─ 64/70 2.3it/s 28.2s<2.6s
[K      31/74      8.04G      1.005     0.8361      1.219        388        640: 92% ━━━━━━━━━━━─ 65/70 2.3it/s 28.6s<2.2s
[K      31/74      8.04G      1.007       0.84      1.221        330        640: 94% ━━━━━━━━━━━─ 66/70 2.3it/s 29.0s<1.8s
[K      31/74      8.04G      1.008     0.8417      1.222        287        640: 95% ━━━━━━━━━━━─ 67/70 2.3it/s 29.5s<1.3s
[K      31/74      8.04G      1.007     0.8393      1.222        339        640: 97% ━━━━━━━━━━━╸ 68/70 2.3it/s 29.9s<0.9s
[K      31/74      8.04G      1.007     0.8394      1.221        392        640: 98% ━━━━━━━━━━━╸ 69/70 2.3it/s 30.3s<0.4s
[K      31/74      8.04G      1.007     0.8394      1.221        392        640: 100% ━━━━━━━━━━━━ 70/70 2.3it/s 30.3s

[K                 Class     Images  Instances      Box(P          R      mAP50  mAP50-95): 20% ━━────────── 1/5 1.5s/it 0.4s<6.0s
[K                 Class     Images  Instances      Box(P          R      mAP50  mAP50-95): 40% ━━━━╸─────── 2/5 1.1it/s 0.9s<2.6s
[K                 Class     Images  Instances      Box(P          R      mAP50  mAP50-95): 60% ━━━━━━━───── 3/5 1.5it/s 1.3s<1.4s
[K                 Class     Images  Instances      Box(P          R      mAP50  mAP50-95): 80% ━━━━━━━━━╸── 4/5 1.7it/s 1.8s<0.6s
[K                 Class     Images  Instances      Box(P          R      mAP50  mAP50-95): 100% ━━━━━━━━━━━━ 5/5 2.2it/s 2.2s
                   all        280       3554      0.888      0.713      0.796       0.53

      Epoch    GPU_mem   box_loss   cls_loss   dfl_loss  Instances       Size

[K      32/74       8.1G     0.9161     0.7929      1.104        394        640: 0% ──────────── 0/70  0.4s
[K      32/74       8.1G      0.976     0.7908      1.168        369        640: 1% ──────────── 1/70 1.4s/it 0.9s<1:36
[K      32/74       8.1G      1.052     0.8874      1.221        501        640: 2% ──────────── 2/70 1.2it/s 1.3s<57.5s
[K      32/74       8.1G      1.043     0.8648      1.217        401        640: 4% ╸─────────── 3/70 1.5it/s 1.7s<43.6s
[K      32/74       8.1G      1.074     0.9056      1.249        403        640: 5% ╸─────────── 4/70 1.7it/s 2.2s<37.8s
[K      32/74       8.1G       1.05     0.8797      1.233        445        640: 7% ╸─────────── 5/70 1.9it/s 2.6s<33.6s
[K      32/74       8.1G      1.055     0.8872      1.236        345        640: 8% ━─────────── 6/70 2.0it/s 3.0s<31.5s
[K      32/74       8.1G      1.044     0.8943      1.236        288        640: 10% ━─────────── 7/70 2.1it/s 3.5s<29.6s
[K      32/74       8.1G      1.032     0.8901       1.23        363        640: 11% ━─────────── 8/70 2.2it/s 3.9s<28.6s
[K      32/74       8.1G      1.035     0.8813      1.234        340        640: 12% ━╸────────── 9/70 2.2it/s 4.3s<27.3s
[K      32/74       8.1G      1.038     0.8835      1.233        407        640: 14% ━╸────────── 10/70 2.2it/s 4.8s<26.8s
[K      32/74       8.1G      1.036      0.881      1.233        376        640: 15% ━╸────────── 11/70 2.3it/s 5.2s<25.9s
[K      32/74       8.1G      1.033      0.874      1.228        374        640: 17% ━━────────── 12/70 2.3it/s 5.6s<25.6s
[K      32/74       8.1G      1.025     0.8601      1.219        342        640: 18% ━━────────── 13/70 2.3it/s 6.1s<24.8s
[K      32/74       8.1G      1.029     0.8627      1.219        444        640: 20% ━━────────── 14/70 2.3it/s 6.5s<24.4s
[K      32/74       8.1G      1.037     0.8729      1.223        359        640: 21% ━━╸───────── 15/70 2.3it/s 6.9s<23.8s
[K      32/74       8.1G      1.034     0.8788      1.223        342        640: 22% ━━╸───────── 16/70 2.3it/s 7.4s<23.5s
[K      32/74       8.1G      1.034     0.8789      1.222        527        640: 24% ━━╸───────── 17/70 2.3it/s 7.8s<22.9s
[K      32/74       8.1G      1.035     0.8811      1.221        362        640: 25% ━━━───────── 18/70 2.3it/s 8.2s<22.7s
[K      32/74       8.1G      1.027     0.8814      1.219        334        640: 27% ━━━───────── 19/70 2.3it/s 8.7s<22.0s
[K      32/74       8.1G      1.031      0.886      1.223        341        640: 28% ━━━───────── 20/70 2.3it/s 9.1s<21.8s
[K      32/74       8.1G      1.032     0.8877      1.224        380        640: 30% ━━━╸──────── 21/70 2.3it/s 9.5s<21.1s
[K      32/74       8.1G       1.03     0.8871      1.224        358        640: 31% ━━━╸──────── 22/70 2.3it/s 10.0s<21.0s
[K      32/74       8.1G      1.028     0.8833      1.223        432        640: 32% ━━━╸──────── 23/70 2.3it/s 10.4s<20.3s
[K      32/74       8.1G      1.026     0.8845      1.223        431        640: 34% ━━━━──────── 24/70 2.3it/s 10.8s<20.0s
[K      32/74       8.1G      1.022     0.8848      1.223        307        640: 35% ━━━━──────── 25/70 2.3it/s 11.3s<19.4s
[K      32/74       8.1G      1.017     0.8784      1.223        282        640: 37% ━━━━──────── 26/70 2.3it/s 11.7s<19.1s
[K      32/74       8.1G      1.021     0.8806      1.226        318        640: 38% ━━━━╸─────── 27/70 2.3it/s 12.1s<18.6s
[K      32/74       8.1G      1.025     0.8837      1.228        421        640: 40% ━━━━╸─────── 28/70 2.3it/s 12.6s<18.3s
[K      32/74       8.1G      1.024      0.879      1.226        409        640: 41% ━━━━╸─────── 29/70 2.3it/s 13.0s<17.7s
[K      32/74       8.1G      1.022     0.8767      1.225        413        640: 42% ━━━━━─────── 30/70 2.3it/s 13.4s<17.4s
[K      32/74       8.1G      1.021     0.8753      1.225        419        640: 44% ━━━━━─────── 31/70 2.3it/s 13.9s<16.8s
[K      32/74       8.1G      1.021     0.8747      1.225        363        640: 45% ━━━━━─────── 32/70 2.3it/s 14.3s<16.6s
[K      32/74       8.1G       1.02     0.8735      1.224        370        640: 47% ━━━━━╸────── 33/70 2.3it/s 14.7s<15.9s
[K      32/74       8.1G      1.016     0.8686      1.222        304        640: 48% ━━━━━╸────── 34/70 2.3it/s 15.2s<15.7s
[K      32/74       8.1G      1.017     0.8656      1.221        479        640: 50% ━━━━━━────── 35/70 2.3it/s 15.6s<15.1s
[K      32/74       8.1G      1.015     0.8669      1.222        240        640: 51% ━━━━━━────── 36/70 2.3it/s 16.0s<14.9s
[K      32/74       8.1G      1.014     0.8654      1.221        400        640: 52% ━━━━━━────── 37/70 2.3it/s 16.5s<14.3s
[K      32/74       8.1G      1.012     0.8619      1.219        390        640: 54% ━━━━━━╸───── 38/70 2.3it/s 16.9s<14.0s
[K      32/74       8.1G       1.01     0.8601      1.218        296        640: 55% ━━━━━━╸───── 39/70 2.3it/s 17.3s<13.4s
[K      32/74       8.1G      1.013     0.8635      1.221        417        640: 57% ━━━━━━╸───── 40/70 2.3it/s 17.8s<13.1s
[K      32/74       8.1G      1.014      0.862       1.22        469        640: 58% ━━━━━━━───── 41/70 2.3it/s 18.2s<12.5s
[K      32/74       8.1G      1.015     0.8605      1.219        367        640: 60% ━━━━━━━───── 42/70 2.3it/s 18.6s<12.2s
[K      32/74       8.1G      1.012       0.86      1.219        288        640: 61% ━━━━━━━───── 43/70 2.3it/s 19.1s<11.6s
[K      32/74       8.1G      1.012     0.8597      1.219        284        640: 62% ━━━━━━━╸──── 44/70 2.3it/s 19.5s<11.3s
[K      32/74       8.1G      1.014       0.86       1.22        354        640: 64% ━━━━━━━╸──── 45/70 2.3it/s 19.9s<10.7s
[K      32/74       8.1G      1.014     0.8592      1.221        317        640: 65% ━━━━━━━╸──── 46/70 2.3it/s 20.4s<10.4s
[K      32/74       8.1G      1.014     0.8556      1.219        412        640: 67% ━━━━━━━━──── 47/70 2.3it/s 20.8s<9.9s
[K      32/74       8.1G      1.017     0.8597      1.222        333        640: 68% ━━━━━━━━──── 48/70 2.3it/s 21.2s<9.5s
[K      32/74       8.1G      1.016     0.8593      1.221        452        640: 70% ━━━━━━━━──── 49/70 2.3it/s 21.7s<9.1s
[K      32/74       8.1G      1.017     0.8617      1.223        377        640: 71% ━━━━━━━━╸─── 50/70 2.3it/s 22.1s<8.8s
[K      32/74       8.1G      1.019     0.8646      1.224        344        640: 72% ━━━━━━━━╸─── 51/70 2.3it/s 22.5s<8.3s
[K      32/74       8.1G      1.019     0.8643      1.223        410        640: 74% ━━━━━━━━╸─── 52/70 2.3it/s 23.0s<7.9s
[K      32/74       8.1G      1.019     0.8666      1.224        390        640: 75% ━━━━━━━━━─── 53/70 2.3it/s 23.4s<7.4s
[K      32/74       8.1G      1.019      0.867      1.224        404        640: 77% ━━━━━━━━━─── 54/70 2.3it/s 23.9s<7.0s
[K      32/74       8.1G      1.018     0.8654      1.222        404        640: 78% ━━━━━━━━━─── 55/70 2.3it/s 24.3s<6.5s
[K      32/74       8.1G      1.017     0.8641      1.222        312        640: 80% ━━━━━━━━━╸── 56/70 2.3it/s 24.7s<6.1s
[K      32/74       8.1G      1.017     0.8626      1.221        362        640: 81% ━━━━━━━━━╸── 57/70 2.3it/s 25.2s<5.6s
[K      32/74       8.1G      1.017     0.8626      1.222        364        640: 82% ━━━━━━━━━╸── 58/70 2.3it/s 25.6s<5.2s
[K      32/74       8.1G      1.018     0.8633      1.222        355        640: 84% ━━━━━━━━━━── 59/70 2.3it/s 26.0s<4.8s
[K      32/74       8.1G      1.019     0.8656      1.223        350        640: 85% ━━━━━━━━━━── 60/70 2.3it/s 26.5s<4.3s
[K      32/74       8.1G      1.018     0.8654      1.223        397        640: 87% ━━━━━━━━━━── 61/70 2.3it/s 26.9s<3.9s
[K      32/74       8.1G       1.02     0.8673      1.224        463        640: 88% ━━━━━━━━━━╸─ 62/70 2.3it/s 27.3s<3.5s
[K      32/74       8.1G      1.021     0.8682      1.224        352        640: 90% ━━━━━━━━━━╸─ 63/70 2.3it/s 27.8s<3.0s
[K      32/74       8.1G      1.021     0.8668      1.223        410        640: 91% ━━━━━━━━━━╸─ 64/70 2.3it/s 28.2s<2.6s
[K      32/74       8.1G      1.021     0.8672      1.224        328        640: 92% ━━━━━━━━━━━─ 65/70 2.3it/s 28.6s<2.2s
[K      32/74       8.1G       1.02     0.8664      1.224        338        640: 94% ━━━━━━━━━━━─ 66/70 2.3it/s 29.1s<1.7s
[K      32/74       8.1G      1.021      0.868      1.223        323        640: 95% ━━━━━━━━━━━─ 67/70 2.3it/s 29.5s<1.3s
[K      32/74       8.1G      1.023     0.8694      1.225        453        640: 97% ━━━━━━━━━━━╸ 68/70 2.3it/s 29.9s<0.9s
[K      32/74       8.1G      1.021     0.8672      1.224        292        640: 98% ━━━━━━━━━━━╸ 69/70 2.3it/s 30.4s<0.4s
[K      32/74       8.1G      1.021     0.8672      1.224        292        640: 100% ━━━━━━━━━━━━ 70/70 2.3it/s 30.4s

[K                 Class     Images  Instances      Box(P          R      mAP50  mAP50-95): 20% ━━────────── 1/5 1.5s/it 0.5s<6.0s
[K                 Class     Images  Instances      Box(P          R      mAP50  mAP50-95): 40% ━━━━╸─────── 2/5 1.1it/s 0.9s<2.7s
[K                 Class     Images  Instances      Box(P          R      mAP50  mAP50-95): 60% ━━━━━━━───── 3/5 1.5it/s 1.4s<1.4s
[K                 Class     Images  Instances      Box(P          R      mAP50  mAP50-95): 80% ━━━━━━━━━╸── 4/5 1.7it/s 1.8s<0.6s
[K                 Class     Images  Instances      Box(P          R      mAP50  mAP50-95): 100% ━━━━━━━━━━━━ 5/5 2.2it/s 2.2s
                   all        280       3554      0.878      0.706      0.784      0.521

      Epoch    GPU_mem   box_loss   cls_loss   dfl_loss  Instances       Size

[K      33/75      8.04G     0.9861     0.7734      1.212        344        640: 0% ──────────── 0/70  0.4s
[K      33/75      8.04G     0.9834     0.7903      1.224        302        640: 1% ──────────── 1/70 1.4s/it 0.9s<1:35
[K      33/75      8.04G          1     0.8259       1.24        316        640: 2% ──────────── 2/70 1.2it/s 1.3s<57.1s
[K      33/75      8.04G     0.9869     0.8128      1.225        373        640: 4% ╸─────────── 3/70 1.5it/s 1.7s<43.5s
[K      33/75      8.04G     0.9952     0.8135      1.222        435        640: 5% ╸─────────── 4/70 1.8it/s 2.2s<37.6s
[K      33/75      8.04G      1.001     0.8046      1.225        266        640: 7% ╸─────────── 5/70 1.9it/s 2.6s<33.4s
[K      33/75      8.04G     0.9998     0.8017      1.223        389        640: 8% ━─────────── 6/70 2.0it/s 3.0s<31.3s
[K      33/75      8.04G      1.003     0.7929      1.218        347        640: 10% ━─────────── 7/70 2.1it/s 3.4s<29.5s
[K      33/75      8.04G      1.006     0.7965      1.213        392        640: 11% ━─────────── 8/70 2.2it/s 3.9s<28.5s
[K      33/75      8.04G      1.013     0.8076      1.225        321        640: 12% ━╸────────── 9/70 2.2it/s 4.3s<27.2s
[K      33/75      8.04G      1.001     0.7984      1.221        290        640: 14% ━╸────────── 10/70 2.3it/s 4.7s<26.6s
[K      33/75      8.04G      1.005     0.7973      1.219        438        640: 15% ━╸────────── 11/70 2.3it/s 5.2s<25.7s
[K      33/75      8.04G      1.004     0.7994      1.218        475        640: 17% ━━────────── 12/70 2.3it/s 5.6s<25.4s
[K      33/75      8.04G      1.003     0.8043      1.213        412        640: 18% ━━────────── 13/70 2.3it/s 6.0s<24.7s
[K      33/75      8.04G      1.007     0.8127       1.22        349        640: 20% ━━────────── 14/70 2.3it/s 6.5s<24.3s
[K      33/75      8.04G      1.015     0.8182      1.223        435        640: 21% ━━╸───────── 15/70 2.3it/s 6.9s<23.8s
[K      33/75      8.04G       1.01     0.8137      1.219        340        640: 22% ━━╸───────── 16/70 2.3it/s 7.3s<23.4s
[K      33/75      8.04G      1.011     0.8129      1.219        395        640: 24% ━━╸───────── 17/70 2.3it/s 7.7s<22.8s
[K      33/75      8.04G      1.008     0.8102      1.217        367        640: 25% ━━━───────── 18/70 2.3it/s 8.2s<22.5s
[K      33/75      8.04G      1.006     0.8104      1.216        350        640: 27% ━━━───────── 19/70 2.3it/s 8.6s<21.9s
[K      33/75      8.04G      1.005     0.8065      1.214        413        640: 28% ━━━───────── 20/70 2.3it/s 9.1s<21.6s
[K      33/75      8.04G      1.007     0.8075      1.216        250        640: 30% ━━━╸──────── 21/70 2.3it/s 9.5s<21.0s
[K      33/75      8.04G      1.009     0.8104      1.216        343        640: 31% ━━━╸──────── 22/70 2.3it/s 9.9s<20.7s
[K      33/75      8.04G      1.005     0.8079      1.214        360        640: 32% ━━━╸──────── 23/70 2.3it/s 10.3s<20.2s
[K      33/75      8.04G      1.001     0.8091      1.214        205        640: 34% ━━━━──────── 24/70 2.3it/s 10.8s<20.0s
[K      33/75      8.04G          1     0.8063      1.213        392        640: 35% ━━━━──────── 25/70 2.3it/s 11.2s<19.4s
[K      33/75      8.04G      1.001     0.8111      1.213        322        640: 37% ━━━━──────── 26/70 2.3it/s 11.6s<19.1s
[K      33/75      8.04G      1.002     0.8138      1.211        372        640: 38% ━━━━╸─────── 27/70 2.3it/s 12.1s<18.5s
[K      33/75      8.04G      1.007     0.8201      1.214        399        640: 40% ━━━━╸─────── 28/70 2.3it/s 12.5s<18.3s
[K      33/75      8.04G      1.003     0.8233      1.213        357        640: 41% ━━━━╸─────── 29/70 2.3it/s 12.9s<17.6s
[K      33/75      8.04G      1.006     0.8268      1.215        346        640: 42% ━━━━━─────── 30/70 2.3it/s 13.4s<17.3s
[K      33/75      8.04G      1.011     0.8334      1.219        303        640: 44% ━━━━━─────── 31/70 2.3it/s 13.8s<16.8s
[K      33/75      8.04G      1.011     0.8297      1.218        348        640: 45% ━━━━━─────── 32/70 2.3it/s 14.2s<16.5s
[K      33/75      8.04G      1.011     0.8281      1.217        419        640: 47% ━━━━━╸────── 33/70 2.3it/s 14.7s<15.9s
[K      33/75      8.04G      1.009     0.8304      1.218        357        640: 48% ━━━━━╸────── 34/70 2.3it/s 15.1s<15.6s
[K      33/75      8.04G      1.008     0.8302      1.218        321        640: 50% ━━━━━━────── 35/70 2.3it/s 15.5s<15.0s
[K      33/75      8.04G      1.007       0.83      1.218        349        640: 51% ━━━━━━────── 36/70 2.3it/s 16.0s<14.7s
[K      33/75      8.04G      1.009     0.8303      1.218        438        640: 52% ━━━━━━────── 37/70 2.3it/s 16.4s<14.2s
[K      33/75      8.04G      1.011     0.8322      1.219        385        640: 54% ━━━━━━╸───── 38/70 2.3it/s 16.8s<13.9s
[K      33/75      8.04G      1.009     0.8303      1.218        337        640: 55% ━━━━━━╸───── 39/70 2.3it/s 17.2s<13.3s
[K      33/75      8.04G      1.009      0.829      1.215        412        640: 57% ━━━━━━╸───── 40/70 2.3it/s 17.7s<13.0s
[K      33/75      8.04G      1.006     0.8269      1.214        254        640: 58% ━━━━━━━───── 41/70 2.3it/s 18.1s<12.5s
[K      33/75      8.04G      1.006     0.8288      1.214        402        640: 60% ━━━━━━━───── 42/70 2.3it/s 18.6s<12.2s
[K      33/75      8.04G      1.007     0.8314      1.215        381        640: 61% ━━━━━━━───── 43/70 2.3it/s 19.0s<11.6s
[K      33/75      8.04G      1.005     0.8305      1.215        250        640: 62% ━━━━━━━╸──── 44/70 2.3it/s 19.4s<11.3s
[K      33/75      8.04G      1.006       0.83      1.215        355        640: 64% ━━━━━━━╸──── 45/70 2.3it/s 19.8s<10.8s
[K      33/75      8.04G      1.006     0.8289      1.215        302        640: 65% ━━━━━━━╸──── 46/70 2.3it/s 20.3s<10.4s
[K      33/75      8.04G      1.004     0.8277      1.214        289        640: 67% ━━━━━━━━──── 47/70 2.3it/s 20.7s<9.9s
[K      33/75      8.04G      1.004     0.8316      1.216        306        640: 68% ━━━━━━━━──── 48/70 2.3it/s 21.1s<9.5s
[K      33/75      8.04G      1.006     0.8328      1.217        429        640: 70% ━━━━━━━━──── 49/70 2.3it/s 21.6s<9.1s
[K      33/75      8.04G      1.004     0.8338      1.216        313        640: 71% ━━━━━━━━╸─── 50/70 2.3it/s 22.0s<8.7s
[K      33/75      8.04G      1.003     0.8305      1.214        335        640: 72% ━━━━━━━━╸─── 51/70 2.3it/s 22.4s<8.2s
[K      33/75      8.04G      1.003      0.832      1.214        316        640: 74% ━━━━━━━━╸─── 52/70 2.3it/s 22.9s<7.8s
[K      33/75      8.04G      1.004     0.8309      1.214        437        640: 75% ━━━━━━━━━─── 53/70 2.3it/s 23.3s<7.3s
[K      33/75      8.04G      1.005     0.8339      1.216        406        640: 77% ━━━━━━━━━─── 54/70 2.3it/s 23.7s<7.0s
[K      33/75      8.04G      1.008     0.8362      1.217        534        640: 78% ━━━━━━━━━─── 55/70 2.3it/s 24.2s<6.5s
[K      33/75      8.04G      1.008     0.8372      1.217        414        640: 80% ━━━━━━━━━╸── 56/70 2.3it/s 24.6s<6.1s
[K      33/75      8.04G      1.011     0.8421      1.219        393        640: 81% ━━━━━━━━━╸── 57/70 2.3it/s 25.0s<5.6s
[K      33/75      8.04G      1.011     0.8421      1.218        440        640: 82% ━━━━━━━━━╸── 58/70 2.3it/s 25.5s<5.2s
[K      33/75      8.04G      1.011      0.841      1.219        356        640: 84% ━━━━━━━━━━── 59/70 2.3it/s 25.9s<4.7s
[K      33/75      8.04G       1.01     0.8399      1.218        395        640: 85% ━━━━━━━━━━── 60/70 2.3it/s 26.3s<4.3s
[K      33/75      8.04G      1.008     0.8397      1.217        309        640: 87% ━━━━━━━━━━── 61/70 2.3it/s 26.7s<3.8s
[K      33/75      8.04G      1.008     0.8412      1.218        350        640: 88% ━━━━━━━━━━╸─ 62/70 2.3it/s 27.2s<3.4s
[K      33/75      8.04G      1.008     0.8409      1.218        316        640: 90% ━━━━━━━━━━╸─ 63/70 2.3it/s 27.6s<3.0s
[K      33/75      8.04G      1.008     0.8408      1.218        324        640: 91% ━━━━━━━━━━╸─ 64/70 2.3it/s 28.1s<2.6s
[K      33/75      8.04G      1.007       0.84      1.217        330        640: 92% ━━━━━━━━━━━─ 65/70 2.3it/s 28.5s<2.2s
[K      33/75      8.04G      1.007     0.8408      1.217        355        640: 94% ━━━━━━━━━━━─ 66/70 2.3it/s 28.9s<1.8s
[K      33/75      8.04G      1.007     0.8407      1.218        280        640: 95% ━━━━━━━━━━━─ 67/70 2.3it/s 29.4s<1.3s
[K      33/75      8.04G      1.007     0.8413      1.218        298        640: 97% ━━━━━━━━━━━╸ 68/70 2.3it/s 29.8s<0.9s
[K      33/75      8.04G       1.01     0.8451      1.221        425        640: 98% ━━━━━━━━━━━╸ 69/70 2.3it/s 30.2s<0.4s
[K      33/75      8.04G       1.01     0.8451      1.221        425        640: 100% ━━━━━━━━━━━━ 70/70 2.3it/s 30.2s

[K                 Class     Images  Instances      Box(P          R      mAP50  mAP50-95): 20% ━━────────── 1/5 1.5s/it 0.5s<6.1s
[K                 Class     Images  Instances      Box(P          R      mAP50  mAP50-95): 40% ━━━━╸─────── 2/5 1.1it/s 0.9s<2.7s
[K                 Class     Images  Instances      Box(P          R      mAP50  mAP50-95): 60% ━━━━━━━───── 3/5 1.5it/s 1.3s<1.4s
[K                 Class     Images  Instances      Box(P          R      mAP50  mAP50-95): 80% ━━━━━━━━━╸── 4/5 1.7it/s 1.8s<0.6s
[K                 Class     Images  Instances      Box(P          R      mAP50  mAP50-95): 100% ━━━━━━━━━━━━ 5/5 2.3it/s 2.2s
                   all        280       3554      0.881      0.737      0.807      0.545

      Epoch    GPU_mem   box_loss   cls_loss   dfl_loss  Instances       Size

[K      34/75      8.06G      1.142     0.9976      1.296        476        640: 0% ──────────── 0/70  0.4s
[K      34/75      8.06G      1.025     0.8931      1.237        275        640: 1% ──────────── 1/70 1.4s/it 0.9s<1:37
[K      34/75      8.06G      1.036     0.9336      1.254        319        640: 2% ──────────── 2/70 1.2it/s 1.3s<57.9s
[K      34/75      8.06G      1.075      1.002      1.274        415        640: 4% ╸─────────── 3/70 1.5it/s 1.7s<43.3s
[K      34/75      8.06G      1.069     0.9669      1.271        269        640: 5% ╸─────────── 4/70 1.8it/s 2.2s<37.3s
[K      34/75      8.06G      1.055     0.9489      1.263        353        640: 7% ╸─────────── 5/70 1.9it/s 2.6s<33.5s
[K      34/75      8.06G      1.066     0.9534      1.264        472        640: 8% ━─────────── 6/70 2.0it/s 3.0s<31.5s
[K      34/75      8.06G      1.052     0.9274       1.25        374        640: 10% ━─────────── 7/70 2.1it/s 3.4s<29.4s
[K      34/75      8.06G      1.038     0.9115      1.241        267        640: 11% ━─────────── 8/70 2.2it/s 3.9s<28.3s
[K      34/75      8.06G      1.042     0.9147      1.248        385        640: 12% ━╸────────── 9/70 2.3it/s 4.3s<27.1s
[K      34/75      8.06G      1.047     0.9188      1.249        408        640: 14% ━╸────────── 10/70 2.3it/s 4.7s<26.7s
[K      34/75      8.06G      1.044     0.9086       1.25        306        640: 15% ━╸────────── 11/70 2.3it/s 5.2s<25.7s
[K      34/75      8.06G      1.041     0.9024      1.246        333        640: 17% ━━────────── 12/70 2.3it/s 5.6s<25.4s
[K      34/75      8.06G      1.041     0.8928      1.243        406        640: 18% ━━────────── 13/70 2.3it/s 6.0s<24.6s
[K      34/75      8.06G      1.036     0.8879      1.238        391        640: 20% ━━────────── 14/70 2.3it/s 6.5s<24.4s
[K      34/75      8.06G      1.036     0.8878      1.237        441        640: 21% ━━╸───────── 15/70 2.3it/s 6.9s<23.7s
[K      34/75      8.06G      1.036     0.8886      1.238        360        640: 22% ━━╸───────── 16/70 2.3it/s 7.3s<23.4s
[K      34/75      8.06G      1.043     0.8974      1.243        429        640: 24% ━━╸───────── 17/70 2.3it/s 7.7s<22.8s
[K      34/75      8.06G      1.041     0.9011      1.244        315        640: 25% ━━━───────── 18/70 2.3it/s 8.2s<22.5s
[K      34/75      8.06G      1.049     0.9077      1.253        280        640: 27% ━━━───────── 19/70 2.3it/s 8.6s<21.9s
[K      34/75      8.06G      1.051     0.9122      1.254        432        640: 28% ━━━───────── 20/70 2.3it/s 9.0s<21.7s
[K      34/75      8.06G      1.042      0.901      1.248        346        640: 30% ━━━╸──────── 21/70 2.3it/s 9.5s<21.2s
[K      34/75      8.06G      1.045     0.9029      1.249        389        640: 31% ━━━╸──────── 22/70 2.3it/s 9.9s<20.9s
[K      34/75      8.06G      1.044     0.8984      1.247        391        640: 32% ━━━╸──────── 23/70 2.3it/s 10.3s<20.3s
[K      34/75      8.06G      1.045     0.8968      1.245        481        640: 34% ━━━━──────── 24/70 2.3it/s 10.8s<20.1s
[K      34/75      8.06G       1.04     0.8873       1.24        416        640: 35% ━━━━──────── 25/70 2.3it/s 11.2s<19.4s
[K      34/75      8.06G      1.039     0.8852      1.241        393        640: 37% ━━━━──────── 26/70 2.3it/s 11.7s<19.2s
[K      34/75      8.06G      1.039     0.8845      1.243        284        640: 38% ━━━━╸─────── 27/70 2.3it/s 12.1s<18.5s
[K      34/75      8.06G      1.039     0.8831      1.241        423        640: 40% ━━━━╸─────── 28/70 2.3it/s 12.5s<18.2s
[K      34/75      8.06G      1.033     0.8817      1.239        294        640: 41% ━━━━╸─────── 29/70 2.3it/s 12.9s<17.7s
[K      34/75      8.06G      1.031     0.8773      1.237        431        640: 42% ━━━━━─────── 30/70 2.3it/s 13.4s<17.4s
[K      34/75      8.06G      1.027     0.8747      1.237        231        640: 44% ━━━━━─────── 31/70 2.3it/s 13.8s<16.8s
[K      34/75      8.06G       1.03     0.8754       1.24        327        640: 45% ━━━━━─────── 32/70 2.3it/s 14.2s<16.5s
[K      34/75      8.06G      1.029      0.875      1.239        361        640: 47% ━━━━━╸────── 33/70 2.3it/s 14.7s<16.0s
[K      34/75      8.06G      1.028      0.873      1.237        397        640: 48% ━━━━━╸────── 34/70 2.3it/s 15.1s<15.7s
[K      34/75      8.06G      1.023      0.868      1.235        304        640: 50% ━━━━━━────── 35/70 2.3it/s 15.5s<15.1s
[K      34/75      8.06G      1.023     0.8651      1.234        481        640: 51% ━━━━━━────── 36/70 2.3it/s 16.0s<14.8s
[K      34/75      8.06G      1.022      0.864      1.234        351        640: 52% ━━━━━━────── 37/70 2.3it/s 16.4s<14.2s
[K      34/75      8.06G      1.017     0.8595      1.232        253        640: 54% ━━━━━━╸───── 38/70 2.3it/s 16.8s<13.9s
[K      34/75      8.06G      1.014     0.8553      1.229        419        640: 55% ━━━━━━╸───── 39/70 2.3it/s 17.3s<13.3s
[K      34/75      8.06G      1.012     0.8507      1.228        328        640: 57% ━━━━━━╸───── 40/70 2.3it/s 17.7s<13.0s
[K      34/75      8.06G      1.011     0.8473      1.226        490        640: 58% ━━━━━━━───── 41/70 2.3it/s 18.1s<12.5s
[K      34/75      8.06G      1.013     0.8488      1.227        449        640: 60% ━━━━━━━───── 42/70 2.3it/s 18.6s<12.1s
[K      34/75      8.06G      1.014     0.8473      1.226        446        640: 61% ━━━━━━━───── 43/70 2.3it/s 19.0s<11.6s
[K      34/75      8.06G      1.013     0.8458      1.226        416        640: 62% ━━━━━━━╸──── 44/70 2.3it/s 19.4s<11.3s
[K      34/75      8.06G      1.011     0.8455      1.226        289        640: 64% ━━━━━━━╸──── 45/70 2.3it/s 19.9s<10.7s
[K      34/75      8.06G       1.01     0.8438      1.224        402        640: 65% ━━━━━━━╸──── 46/70 2.3it/s 20.3s<10.4s
[K      34/75      8.06G      1.012     0.8437      1.225        423        640: 67% ━━━━━━━━──── 47/70 2.3it/s 20.7s<9.9s
[K      34/75      8.06G       1.01     0.8427      1.224        365        640: 68% ━━━━━━━━──── 48/70 2.3it/s 21.2s<9.5s
[K      34/75      8.06G      1.009     0.8443      1.224        284        640: 70% ━━━━━━━━──── 49/70 2.3it/s 21.6s<9.0s
[K      34/75      8.06G      1.008     0.8447      1.225        268        640: 71% ━━━━━━━━╸─── 50/70 2.3it/s 22.0s<8.7s
[K      34/75      8.06G      1.006     0.8432      1.223        409        640: 72% ━━━━━━━━╸─── 51/70 2.3it/s 22.4s<8.2s
[K      34/75      8.06G      1.003     0.8423      1.223        424        640: 74% ━━━━━━━━╸─── 52/70 2.3it/s 22.9s<7.8s
[K      34/75      8.06G      1.005     0.8414      1.222        451        640: 75% ━━━━━━━━━─── 53/70 2.3it/s 23.3s<7.3s
[K      34/75      8.06G      1.005     0.8413      1.222        414        640: 77% ━━━━━━━━━─── 54/70 2.3it/s 23.8s<7.0s
[K      34/75      8.06G      1.002     0.8384       1.22        326        640: 78% ━━━━━━━━━─── 55/70 2.3it/s 24.2s<6.4s
[K      34/75      8.06G      1.001     0.8396       1.22        245        640: 80% ━━━━━━━━━╸── 56/70 2.3it/s 24.6s<6.1s
[K      34/75      8.06G      1.002      0.839       1.22        468        640: 81% ━━━━━━━━━╸── 57/70 2.3it/s 25.0s<5.6s
[K      34/75      8.06G      1.001      0.837      1.219        400        640: 82% ━━━━━━━━━╸── 58/70 2.3it/s 25.5s<5.2s
[K      34/75      8.06G      1.002     0.8366      1.219        329        640: 84% ━━━━━━━━━━── 59/70 2.3it/s 25.9s<4.7s
[K      34/75      8.06G      1.003     0.8376       1.22        414        640: 85% ━━━━━━━━━━── 60/70 2.3it/s 26.4s<4.3s
[K      34/75      8.06G      1.002     0.8364      1.219        390        640: 87% ━━━━━━━━━━── 61/70 2.3it/s 26.8s<3.9s
[K      34/75      8.06G      1.003     0.8403      1.221        382        640: 88% ━━━━━━━━━━╸─ 62/70 2.3it/s 27.2s<3.5s
[K      34/75      8.06G      1.002     0.8395       1.22        377        640: 90% ━━━━━━━━━━╸─ 63/70 2.3it/s 27.6s<3.0s
[K      34/75      8.06G      1.001     0.8409       1.22        279        640: 91% ━━━━━━━━━━╸─ 64/70 2.3it/s 28.1s<2.6s
[K      34/75      8.06G      1.002     0.8411      1.221        318        640: 92% ━━━━━━━━━━━─ 65/70 2.3it/s 28.5s<2.2s
[K      34/75      8.06G      1.003     0.8433      1.222        336        640: 94% ━━━━━━━━━━━─ 66/70 2.3it/s 28.9s<1.7s
[K      34/75      8.06G      1.003     0.8419      1.221        405        640: 95% ━━━━━━━━━━━─ 67/70 2.3it/s 29.4s<1.3s
[K      34/75      8.06G      1.003     0.8417      1.221        336        640: 97% ━━━━━━━━━━━╸ 68/70 2.3it/s 29.8s<0.9s
[K      34/75      8.06G      1.002     0.8398       1.22        314        640: 98% ━━━━━━━━━━━╸ 69/70 2.3it/s 30.2s<0.4s
[K      34/75      8.06G      1.002     0.8398       1.22        314        640: 100% ━━━━━━━━━━━━ 70/70 2.3it/s 30.2s

[K                 Class     Images  Instances      Box(P          R      mAP50  mAP50-95): 20% ━━────────── 1/5 1.5s/it 0.5s<6.1s
[K                 Class     Images  Instances      Box(P          R      mAP50  mAP50-95): 40% ━━━━╸─────── 2/5 1.1it/s 0.9s<2.7s
[K                 Class     Images  Instances      Box(P          R      mAP50  mAP50-95): 60% ━━━━━━━───── 3/5 1.5it/s 1.3s<1.3s
[K                 Class     Images  Instances      Box(P          R      mAP50  mAP50-95): 80% ━━━━━━━━━╸── 4/5 1.7it/s 1.8s<0.6s
[K                 Class     Images  Instances      Box(P          R      mAP50  mAP50-95): 100% ━━━━━━━━━━━━ 5/5 2.3it/s 2.2s
                   all        280       3554      0.895      0.729      0.805      0.539

      Epoch    GPU_mem   box_loss   cls_loss   dfl_loss  Instances       Size

[K      35/75      8.03G     0.9661     0.8473      1.221        318        640: 0% ──────────── 0/70  0.4s
[K      35/75      8.03G     0.9435     0.7832      1.182        327        640: 1% ──────────── 1/70 1.4s/it 0.8s<1:36
[K      35/75      8.03G     0.9343     0.7677      1.171        313        640: 2% ──────────── 2/70 1.2it/s 1.3s<58.2s
[K      35/75      8.03G     0.9626     0.7601      1.165        554        640: 4% ╸─────────── 3/70 1.5it/s 1.7s<44.5s
[K      35/75      8.03G     0.9634      0.773      1.173        410        640: 5% ╸─────────── 4/70 1.7it/s 2.2s<38.2s
[K      35/75      8.03G     0.9513     0.7612       1.17        325        640: 7% ╸─────────── 5/70 1.9it/s 2.6s<33.8s
[K      35/75      8.03G     0.9556     0.7841      1.178        367        640: 8% ━─────────── 6/70 2.0it/s 3.0s<31.7s
[K      35/75      8.03G     0.9758     0.8158      1.198        415        640: 10% ━─────────── 7/70 2.1it/s 3.5s<29.6s
[K      35/75      8.03G     0.9727     0.8057      1.192        387        640: 11% ━─────────── 8/70 2.2it/s 3.9s<28.7s
[K      35/75      8.03G     0.9839     0.8067      1.193        500        640: 12% ━╸────────── 9/70 2.2it/s 4.3s<27.5s
[K      35/75      8.03G     0.9872     0.8128      1.196        429        640: 14% ━╸────────── 10/70 2.2it/s 4.8s<26.9s
[K      35/75      8.03G     0.9784     0.8032       1.19        348        640: 15% ━╸────────── 11/70 2.3it/s 5.2s<26.0s
[K      35/75      8.03G     0.9863     0.8112      1.196        372        640: 17% ━━────────── 12/70 2.3it/s 5.7s<25.6s
[K      35/75      8.03G     0.9918     0.8209      1.206        303        640: 18% ━━────────── 13/70 2.3it/s 6.1s<24.9s
[K      35/75      8.03G     0.9843     0.8136      1.203        275        640: 20% ━━────────── 14/70 2.3it/s 6.5s<24.5s
[K      35/75      8.03G     0.9869     0.8176      1.207        480        640: 21% ━━╸───────── 15/70 2.3it/s 6.9s<23.9s
[K      35/75      8.03G     0.9836     0.8117      1.203        384        640: 22% ━━╸───────── 16/70 2.3it/s 7.4s<23.5s
[K      35/75      8.03G     0.9889     0.8145      1.206        514        640: 24% ━━╸───────── 17/70 2.3it/s 7.8s<22.9s
[K      35/75      8.03G     0.9895     0.8189      1.208        377        640: 25% ━━━───────── 18/70 2.3it/s 8.3s<22.7s
[K      35/75      8.03G     0.9892     0.8165      1.204        494        640: 27% ━━━───────── 19/70 2.3it/s 8.7s<22.2s
[K      35/75      8.03G     0.9864     0.8125      1.203        375        640: 28% ━━━───────── 20/70 2.3it/s 9.1s<21.8s
[K      35/75      8.03G     0.9882     0.8103      1.201        450        640: 30% ━━━╸──────── 21/70 2.3it/s 9.6s<21.3s
[K      35/75      8.03G     0.9839     0.8038      1.197        357        640: 31% ━━━╸──────── 22/70 2.3it/s 10.0s<21.0s
[K      35/75      8.03G       0.99     0.8069      1.197        418        640: 32% ━━━╸──────── 23/70 2.3it/s 10.4s<20.4s
[K      35/75      8.03G     0.9876     0.8055      1.197        339        640: 34% ━━━━──────── 24/70 2.3it/s 10.9s<20.1s
[K      35/75      8.03G      0.989      0.806      1.196        427        640: 35% ━━━━──────── 25/70 2.3it/s 11.3s<19.4s
[K      35/75      8.03G     0.9855     0.8028      1.194        354        640: 37% ━━━━──────── 26/70 2.3it/s 11.7s<19.2s
[K      35/75      8.03G     0.9842     0.8038      1.193        349        640: 38% ━━━━╸─────── 27/70 2.3it/s 12.2s<18.5s
[K      35/75      8.03G     0.9822     0.7986      1.191        368        640: 40% ━━━━╸─────── 28/70 2.3it/s 12.6s<18.3s
[K      35/75      8.03G     0.9802     0.7988       1.19        341        640: 41% ━━━━╸─────── 29/70 2.3it/s 13.0s<17.7s
[K      35/75      8.03G      0.977     0.7956      1.188        339        640: 42% ━━━━━─────── 30/70 2.3it/s 13.5s<17.3s
[K      35/75      8.03G     0.9755     0.7984       1.19        241        640: 44% ━━━━━─────── 31/70 2.3it/s 13.9s<16.7s
[K      35/75      8.03G     0.9741     0.7943      1.189        317        640: 45% ━━━━━─────── 32/70 2.3it/s 14.3s<16.4s
[K      35/75      8.03G     0.9777     0.7989       1.19        378        640: 47% ━━━━━╸────── 33/70 2.3it/s 14.7s<15.9s
[K      35/75      8.03G     0.9818     0.8061      1.194        330        640: 48% ━━━━━╸────── 34/70 2.3it/s 15.2s<15.6s
[K      35/75      8.03G     0.9817     0.8076      1.194        374        640: 50% ━━━━━━────── 35/70 2.3it/s 15.6s<15.0s
[K      35/75      8.03G     0.9808     0.8056      1.193        334        640: 51% ━━━━━━────── 36/70 2.3it/s 16.1s<14.8s
[K      35/75      8.03G     0.9824     0.8082      1.193        447        640: 52% ━━━━━━────── 37/70 2.3it/s 16.5s<14.3s
[K      35/75      8.03G     0.9835     0.8135      1.196        336        640: 54% ━━━━━━╸───── 38/70 2.3it/s 16.9s<14.0s
[K      35/75      8.03G     0.9837     0.8135      1.196        461        640: 55% ━━━━━━╸───── 39/70 2.3it/s 17.4s<13.4s
[K      35/75      8.03G     0.9859     0.8165      1.198        345        640: 57% ━━━━━━╸───── 40/70 2.3it/s 17.8s<13.1s
[K      35/75      8.03G     0.9837     0.8152      1.198        299        640: 58% ━━━━━━━───── 41/70 2.3it/s 18.2s<12.5s
[K      35/75      8.03G     0.9842     0.8174        1.2        355        640: 60% ━━━━━━━───── 42/70 2.3it/s 18.7s<12.2s
[K      35/75      8.03G     0.9803      0.816      1.199        213        640: 61% ━━━━━━━───── 43/70 2.3it/s 19.1s<11.6s
[K      35/75      8.03G     0.9793     0.8157        1.2        320        640: 62% ━━━━━━━╸──── 44/70 2.3it/s 19.5s<11.3s
[K      35/75      8.03G       0.98     0.8187      1.201        336        640: 64% ━━━━━━━╸──── 45/70 2.3it/s 20.0s<10.8s
[K      35/75      8.03G     0.9808     0.8176      1.201        333        640: 65% ━━━━━━━╸──── 46/70 2.3it/s 20.4s<10.4s
[K      35/75      8.03G     0.9845     0.8212      1.203        534        640: 67% ━━━━━━━━──── 47/70 2.3it/s 20.8s<10.0s
[K      35/75      8.03G     0.9858     0.8229      1.203        492        640: 68% ━━━━━━━━──── 48/70 2.3it/s 21.3s<9.7s
[K      35/75      8.03G     0.9856     0.8211      1.203        437        640: 70% ━━━━━━━━──── 49/70 2.3it/s 21.7s<9.2s
[K      35/75      8.03G     0.9855     0.8209      1.204        248        640: 71% ━━━━━━━━╸─── 50/70 2.3it/s 22.2s<8.8s
[K      35/75      8.03G     0.9854     0.8193      1.203        307        640: 72% ━━━━━━━━╸─── 51/70 2.3it/s 22.6s<8.3s
[K      35/75      8.03G     0.9845     0.8198      1.203        307        640: 74% ━━━━━━━━╸─── 52/70 2.3it/s 23.0s<7.9s
[K      35/75      8.03G     0.9833     0.8187      1.203        400        640: 75% ━━━━━━━━━─── 53/70 2.3it/s 23.5s<7.4s
[K      35/75      8.03G     0.9847     0.8198      1.203        386        640: 77% ━━━━━━━━━─── 54/70 2.3it/s 23.9s<7.0s
[K      35/75      8.03G     0.9852     0.8207      1.204        326        640: 78% ━━━━━━━━━─── 55/70 2.3it/s 24.3s<6.5s
[K      35/75      8.03G     0.9857     0.8231      1.205        339        640: 80% ━━━━━━━━━╸── 56/70 2.3it/s 24.8s<6.1s
[K      35/75      8.03G     0.9858     0.8219      1.205        452        640: 81% ━━━━━━━━━╸── 57/70 2.3it/s 25.2s<5.6s
[K      35/75      8.03G     0.9849     0.8229      1.204        355        640: 82% ━━━━━━━━━╸── 58/70 2.3it/s 25.6s<5.2s
[K      35/75      8.03G      0.985     0.8211      1.203        498        640: 84% ━━━━━━━━━━── 59/70 2.3it/s 26.1s<4.7s
[K      35/75      8.03G     0.9859     0.8212      1.203        376        640: 85% ━━━━━━━━━━── 60/70 2.3it/s 26.5s<4.4s
[K      35/75      8.03G      0.985     0.8208      1.202        375        640: 87% ━━━━━━━━━━── 61/70 2.3it/s 26.9s<3.9s
[K      35/75      8.03G     0.9831     0.8182      1.201        341        640: 88% ━━━━━━━━━━╸─ 62/70 2.3it/s 27.4s<3.5s
[K      35/75      8.03G     0.9823     0.8163        1.2        403        640: 90% ━━━━━━━━━━╸─ 63/70 2.3it/s 27.8s<3.0s
[K      35/75      8.03G     0.9807     0.8142        1.2        359        640: 91% ━━━━━━━━━━╸─ 64/70 2.3it/s 28.2s<2.6s
[K      35/75      8.03G     0.9819     0.8145      1.199        475        640: 92% ━━━━━━━━━━━─ 65/70 2.3it/s 28.7s<2.2s
[K      35/75      8.03G     0.9814     0.8155        1.2        256        640: 94% ━━━━━━━━━━━─ 66/70 2.3it/s 29.1s<1.7s
[K      35/75      8.03G     0.9821     0.8167        1.2        419        640: 95% ━━━━━━━━━━━─ 67/70 2.3it/s 29.5s<1.3s
[K      35/75      8.03G     0.9815     0.8162      1.201        332        640: 97% ━━━━━━━━━━━╸ 68/70 2.3it/s 30.0s<0.9s
[K      35/75      8.03G     0.9802     0.8152        1.2        336        640: 98% ━━━━━━━━━━━╸ 69/70 2.3it/s 30.4s<0.4s
[K      35/75      8.03G     0.9802     0.8152        1.2        336        640: 100% ━━━━━━━━━━━━ 70/70 2.3it/s 30.4s

[K                 Class     Images  Instances      Box(P          R      mAP50  mAP50-95): 20% ━━────────── 1/5 1.6s/it 0.5s<6.6s
[K                 Class     Images  Instances      Box(P          R      mAP50  mAP50-95): 40% ━━━━╸─────── 2/5 1.1it/s 0.9s<2.7s
[K                 Class     Images  Instances      Box(P          R      mAP50  mAP50-95): 60% ━━━━━━━───── 3/5 1.4it/s 1.4s<1.4s
[K                 Class     Images  Instances      Box(P          R      mAP50  mAP50-95): 80% ━━━━━━━━━╸── 4/5 1.7it/s 1.8s<0.6s
[K                 Class     Images  Instances      Box(P          R      mAP50  mAP50-95): 100% ━━━━━━━━━━━━ 5/5 2.2it/s 2.3s
                   all        280       3554      0.897      0.739      0.811      0.556

      Epoch    GPU_mem   box_loss   cls_loss   dfl_loss  Instances       Size

[K      36/75      8.05G     0.8899     0.7396      1.129        405        640: 0% ──────────── 0/70  0.4s
[K      36/75      8.05G     0.9723     0.8202      1.175        397        640: 1% ──────────── 1/70 1.4s/it 0.9s<1:36
[K      36/75      8.05G     0.9697     0.7994      1.175        281        640: 2% ──────────── 2/70 1.2it/s 1.3s<57.5s
[K      36/75      8.05G     0.9681     0.7871      1.179        338        640: 4% ╸─────────── 3/70 1.5it/s 1.7s<43.7s
[K      36/75      8.05G     0.9499     0.7625      1.174        257        640: 5% ╸─────────── 4/70 1.8it/s 2.2s<37.6s
[K      36/75      8.05G     0.9382     0.7451      1.162        356        640: 7% ╸─────────── 5/70 1.9it/s 2.6s<33.5s
[K      36/75      8.05G     0.9443     0.7636      1.165        401        640: 8% ━─────────── 6/70 2.0it/s 3.0s<31.5s
[K      36/75      8.05G     0.9525      0.775      1.174        372        640: 10% ━─────────── 7/70 2.1it/s 3.4s<29.4s
[K      36/75      8.05G     0.9584     0.7891      1.187        287        640: 11% ━─────────── 8/70 2.2it/s 3.9s<28.5s
[K      36/75      8.05G     0.9543     0.7922      1.195        229        640: 12% ━╸────────── 9/70 2.2it/s 4.3s<27.2s
[K      36/75      8.05G     0.9622     0.8015      1.202        351        640: 14% ━╸────────── 10/70 2.2it/s 4.7s<26.7s
[K      36/75      8.05G     0.9718     0.8145      1.203        408        640: 15% ━╸────────── 11/70 2.3it/s 5.2s<25.7s
[K      36/75      8.05G      0.968     0.8138      1.201        372        640: 17% ━━────────── 12/70 2.3it/s 5.6s<25.5s
[K      36/75      8.05G     0.9623      0.807      1.196        379        640: 18% ━━────────── 13/70 2.3it/s 6.0s<24.7s
[K      36/75      8.05G     0.9626     0.8093      1.193        427        640: 20% ━━────────── 14/70 2.3it/s 6.5s<24.4s
[K      36/75      8.05G     0.9709     0.8193      1.201        364        640: 21% ━━╸───────── 15/70 2.3it/s 6.9s<23.8s
[K      36/75      8.05G     0.9695     0.8131      1.196        330        640: 22% ━━╸───────── 16/70 2.3it/s 7.3s<23.5s
[K      36/75      8.05G     0.9737     0.8072      1.193        411        640: 24% ━━╸───────── 17/70 2.3it/s 7.8s<23.2s
[K      36/75      8.05G     0.9753     0.8121      1.197        371        640: 25% ━━━───────── 18/70 2.3it/s 8.2s<22.7s
[K      36/75      8.05G     0.9784     0.8168      1.198        548        640: 27% ━━━───────── 19/70 2.3it/s 8.6s<22.1s
[K      36/75      8.05G     0.9773     0.8163      1.197        288        640: 28% ━━━───────── 20/70 2.3it/s 9.1s<21.9s
[K      36/75      8.05G     0.9762     0.8122      1.194        307        640: 30% ━━━╸──────── 21/70 2.3it/s 9.5s<21.2s
[K      36/75      8.05G      0.975     0.8108      1.193        331        640: 31% ━━━╸──────── 22/70 2.3it/s 9.9s<20.9s
[K      36/75      8.05G     0.9714      0.809      1.194        311        640: 32% ━━━╸──────── 23/70 2.3it/s 10.4s<20.2s
[K      36/75      8.05G     0.9698     0.8078      1.195        228        640: 34% ━━━━──────── 24/70 2.3it/s 10.8s<19.9s
[K      36/75      8.05G     0.9705     0.8086      1.196        421        640: 35% ━━━━──────── 25/70 2.3it/s 11.2s<19.3s
[K      36/75      8.05G     0.9755     0.8158        1.2        386        640: 37% ━━━━──────── 26/70 2.3it/s 11.7s<19.1s
[K      36/75      8.05G     0.9742     0.8135        1.2        357        640: 38% ━━━━╸─────── 27/70 2.3it/s 12.1s<18.5s
[K      36/75      8.05G     0.9732     0.8108      1.199        308        640: 40% ━━━━╸─────── 28/70 2.3it/s 12.5s<18.2s
[K      36/75      8.05G     0.9676     0.8074      1.196        347        640: 41% ━━━━╸─────── 29/70 2.3it/s 13.0s<17.6s
[K      36/75      8.05G     0.9629     0.8039      1.193        364        640: 42% ━━━━━─────── 30/70 2.3it/s 13.4s<17.3s
[K      36/75      8.05G     0.9643     0.8092      1.196        365        640: 44% ━━━━━─────── 31/70 2.3it/s 13.8s<16.7s
[K      36/75      8.05G     0.9639     0.8055      1.194        337        640: 45% ━━━━━─────── 32/70 2.3it/s 14.3s<16.4s
[K      36/75      8.05G     0.9709     0.8113      1.199        438        640: 47% ━━━━━╸────── 33/70 2.3it/s 14.7s<15.8s
[K      36/75      8.05G     0.9705     0.8117      1.197        290        640: 48% ━━━━━╸────── 34/70 2.3it/s 15.1s<15.6s
[K      36/75      8.05G     0.9711     0.8127      1.197        395        640: 50% ━━━━━━────── 35/70 2.3it/s 15.5s<15.1s
[K      36/75      8.05G       0.97     0.8123      1.197        337        640: 51% ━━━━━━────── 36/70 2.3it/s 16.0s<14.8s
[K      36/75      8.05G     0.9685     0.8142      1.197        317        640: 52% ━━━━━━────── 37/70 2.3it/s 16.4s<14.2s
[K      36/75      8.05G     0.9691     0.8137      1.196        443        640: 54% ━━━━━━╸───── 38/70 2.3it/s 16.9s<13.9s
[K      36/75      8.05G     0.9692     0.8126      1.196        359        640: 55% ━━━━━━╸───── 39/70 2.3it/s 17.3s<13.4s
[K      36/75      8.05G     0.9723     0.8149      1.197        441        640: 57% ━━━━━━╸───── 40/70 2.3it/s 17.7s<13.0s
[K      36/75      8.05G     0.9754     0.8185      1.197        360        640: 58% ━━━━━━━───── 41/70 2.3it/s 18.1s<12.5s
[K      36/75      8.05G     0.9745     0.8189      1.198        299        640: 60% ━━━━━━━───── 42/70 2.3it/s 18.6s<12.1s
[K      36/75      8.05G     0.9729     0.8148      1.196        449        640: 61% ━━━━━━━───── 43/70 2.3it/s 19.0s<11.7s
[K      36/75      8.05G     0.9725     0.8135      1.195        396        640: 62% ━━━━━━━╸──── 44/70 2.3it/s 19.5s<11.3s
[K      36/75      8.05G     0.9775     0.8181      1.198        427        640: 64% ━━━━━━━╸──── 45/70 2.3it/s 19.9s<10.8s
[K      36/75      8.05G     0.9808     0.8228        1.2        400        640: 65% ━━━━━━━╸──── 46/70 2.3it/s 20.3s<10.5s
[K      36/75      8.05G     0.9798     0.8201      1.198        304        640: 67% ━━━━━━━━──── 47/70 2.3it/s 20.7s<9.9s
[K      36/75      8.05G     0.9798     0.8166      1.197        396        640: 68% ━━━━━━━━──── 48/70 2.3it/s 21.2s<9.6s
[K      36/75      8.05G     0.9771      0.814      1.195        361        640: 70% ━━━━━━━━──── 49/70 2.3it/s 21.6s<9.0s
[K      36/75      8.05G     0.9776     0.8149      1.196        341        640: 71% ━━━━━━━━╸─── 50/70 2.3it/s 22.1s<8.7s
[K      36/75      8.05G     0.9777     0.8135      1.195        328        640: 72% ━━━━━━━━╸─── 51/70 2.3it/s 22.5s<8.2s
[K      36/75      8.05G      0.979     0.8168      1.197        270        640: 74% ━━━━━━━━╸─── 52/70 2.3it/s 22.9s<7.8s
[K      36/75      8.05G      0.978     0.8166      1.196        410        640: 75% ━━━━━━━━━─── 53/70 2.3it/s 23.3s<7.3s
[K      36/75      8.05G     0.9777     0.8172      1.197        407        640: 77% ━━━━━━━━━─── 54/70 2.3it/s 23.8s<6.9s
[K      36/75      8.05G     0.9765     0.8168      1.198        279        640: 78% ━━━━━━━━━─── 55/70 2.3it/s 24.2s<6.4s
[K      36/75      8.05G     0.9784     0.8192      1.199        309        640: 80% ━━━━━━━━━╸── 56/70 2.3it/s 24.6s<6.1s
[K      36/75      8.05G     0.9808     0.8214        1.2        530        640: 81% ━━━━━━━━━╸── 57/70 2.3it/s 25.1s<5.6s
[K      36/75      8.05G     0.9788     0.8194      1.199        398        640: 82% ━━━━━━━━━╸── 58/70 2.3it/s 25.5s<5.2s
[K      36/75      8.05G     0.9779     0.8192      1.198        406        640: 84% ━━━━━━━━━━── 59/70 2.3it/s 25.9s<4.8s
[K      36/75      8.05G     0.9759     0.8165      1.197        396        640: 85% ━━━━━━━━━━── 60/70 2.3it/s 26.4s<4.4s
[K      36/75      8.05G     0.9783     0.8177      1.198        420        640: 87% ━━━━━━━━━━── 61/70 2.3it/s 26.8s<3.9s
[K      36/75      8.05G     0.9792     0.8174      1.198        376        640: 88% ━━━━━━━━━━╸─ 62/70 2.3it/s 27.3s<3.5s
[K      36/75      8.05G     0.9784     0.8187      1.198        290        640: 90% ━━━━━━━━━━╸─ 63/70 2.3it/s 27.7s<3.0s
[K      36/75      8.05G     0.9787     0.8181      1.199        443        640: 91% ━━━━━━━━━━╸─ 64/70 2.3it/s 28.1s<2.6s
[K      36/75      8.05G     0.9786     0.8182      1.199        359        640: 92% ━━━━━━━━━━━─ 65/70 2.3it/s 28.5s<2.2s
[K      36/75      8.05G     0.9781     0.8186      1.199        351        640: 94% ━━━━━━━━━━━─ 66/70 2.3it/s 29.0s<1.7s
[K      36/75      8.05G     0.9769      0.816      1.197        476        640: 95% ━━━━━━━━━━━─ 67/70 2.3it/s 29.4s<1.3s
[K      36/75      8.05G     0.9752     0.8141      1.195        377        640: 97% ━━━━━━━━━━━╸ 68/70 2.3it/s 29.9s<0.9s
[K      36/75      8.05G     0.9762     0.8153      1.196        493        640: 98% ━━━━━━━━━━━╸ 69/70 2.3it/s 30.3s<0.4s
[K      36/75      8.05G     0.9762     0.8153      1.196        493        640: 100% ━━━━━━━━━━━━ 70/70 2.3it/s 30.3s

[K                 Class     Images  Instances      Box(P          R      mAP50  mAP50-95): 20% ━━────────── 1/5 1.5s/it 0.4s<6.0s
[K                 Class     Images  Instances      Box(P          R      mAP50  mAP50-95): 40% ━━━━╸─────── 2/5 1.1it/s 0.9s<2.6s
[K                 Class     Images  Instances      Box(P          R      mAP50  mAP50-95): 60% ━━━━━━━───── 3/5 1.5it/s 1.3s<1.4s
[K                 Class     Images  Instances      Box(P          R      mAP50  mAP50-95): 80% ━━━━━━━━━╸── 4/5 1.7it/s 1.8s<0.6s
[K                 Class     Images  Instances      Box(P          R      mAP50  mAP50-95): 100% ━━━━━━━━━━━━ 5/5 2.3it/s 2.2s
                   all        280       3554      0.881       0.74      0.813      0.549

      Epoch    GPU_mem   box_loss   cls_loss   dfl_loss  Instances       Size

[K      37/75      8.11G     0.9013     0.6912      1.115        431        640: 0% ──────────── 0/70  0.4s
[K      37/75      8.11G     0.9405     0.7437      1.163        406        640: 1% ──────────── 1/70 1.4s/it 0.9s<1:36
[K      37/75      8.11G     0.9523     0.7811      1.174        325        640: 2% ──────────── 2/70 1.2it/s 1.3s<58.2s
[K      37/75      8.11G     0.9386     0.7659      1.163        343        640: 4% ╸─────────── 3/70 1.5it/s 1.7s<43.6s
[K      37/75      8.11G     0.9475     0.7675      1.164        355        640: 5% ╸─────────── 4/70 1.8it/s 2.2s<37.5s
[K      37/75      8.11G     0.9657     0.7771      1.176        452        640: 7% ╸─────────── 5/70 1.9it/s 2.6s<33.6s
[K      37/75      8.11G     0.9669     0.7856      1.186        370        640: 8% ━─────────── 6/70 2.0it/s 3.0s<31.4s
[K      37/75      8.11G     0.9586     0.7829      1.177        437        640: 10% ━─────────── 7/70 2.1it/s 3.4s<29.4s
[K      37/75      8.11G     0.9534     0.7792      1.173        396        640: 11% ━─────────── 8/70 2.2it/s 3.9s<28.6s
[K      37/75      8.11G     0.9639      0.791      1.179        427        640: 12% ━╸────────── 9/70 2.2it/s 4.3s<28.0s
[K      37/75      8.11G     0.9556     0.7894      1.181        350        640: 14% ━╸────────── 10/70 2.2it/s 4.8s<27.2s
[K      37/75      8.11G     0.9543     0.7984      1.182        306        640: 15% ━╸────────── 11/70 2.3it/s 5.2s<26.1s
[K      37/75      8.11G      0.955     0.7936       1.18        321        640: 17% ━━────────── 12/70 2.3it/s 5.6s<25.6s
[K      37/75      8.11G     0.9613     0.7922       1.18        424        640: 18% ━━────────── 13/70 2.3it/s 6.1s<24.8s
[K      37/75      8.11G     0.9636     0.7929      1.186        286        640: 20% ━━────────── 14/70 2.3it/s 6.5s<24.5s
[K      37/75      8.11G     0.9614     0.7905      1.186        242        640: 21% ━━╸───────── 15/70 2.3it/s 6.9s<23.8s
[K      37/75      8.11G     0.9559     0.7842      1.182        295        640: 22% ━━╸───────── 16/70 2.3it/s 7.4s<23.7s
[K      37/75      8.11G     0.9505     0.7794      1.178        365        640: 24% ━━╸───────── 17/70 2.3it/s 7.8s<22.9s
[K      37/75      8.11G     0.9625     0.7939      1.185        574        640: 25% ━━━───────── 18/70 2.3it/s 8.2s<22.7s
[K      37/75      8.11G     0.9607     0.7932      1.185        390        640: 27% ━━━───────── 19/70 2.3it/s 8.7s<22.0s
[K      37/75      8.11G     0.9611     0.7977      1.187        353        640: 28% ━━━───────── 20/70 2.3it/s 9.1s<21.7s
[K      37/75      8.11G     0.9661     0.8019       1.19        346        640: 30% ━━━╸──────── 21/70 2.3it/s 9.5s<21.1s
[K      37/75      8.11G     0.9657     0.7978      1.189        353        640: 31% ━━━╸──────── 22/70 2.3it/s 10.0s<20.9s
[K      37/75      8.11G     0.9694     0.7999      1.191        381        640: 32% ━━━╸──────── 23/70 2.3it/s 10.4s<20.3s
[K      37/75      8.11G     0.9713     0.7995      1.191        401        640: 34% ━━━━──────── 24/70 2.3it/s 10.9s<20.1s
[K      37/75      8.11G     0.9706     0.8001      1.191        289        640: 35% ━━━━──────── 25/70 2.3it/s 11.3s<19.4s
[K      37/75      8.11G     0.9721     0.8005      1.193        382        640: 37% ━━━━──────── 26/70 2.3it/s 11.7s<19.1s
[K      37/75      8.11G     0.9688     0.7955      1.191        296        640: 38% ━━━━╸─────── 27/70 2.3it/s 12.1s<18.5s
[K      37/75      8.11G     0.9662     0.7919       1.19        333        640: 40% ━━━━╸─────── 28/70 2.3it/s 12.6s<18.1s
[K      37/75      8.11G     0.9653     0.7919      1.188        392        640: 41% ━━━━╸─────── 29/70 2.3it/s 13.0s<17.6s
[K      37/75      8.11G     0.9668     0.7931      1.188        440        640: 42% ━━━━━─────── 30/70 2.3it/s 13.4s<17.3s
[K      37/75      8.11G     0.9689     0.7933      1.188        309        640: 44% ━━━━━─────── 31/70 2.3it/s 13.9s<16.8s
[K      37/75      8.11G      0.967     0.7902      1.186        366        640: 45% ━━━━━─────── 32/70 2.3it/s 14.3s<16.4s
[K      37/75      8.11G     0.9633     0.7875      1.186        230        640: 47% ━━━━━╸────── 33/70 2.3it/s 14.7s<15.9s
[K      37/75      8.11G     0.9629     0.7886      1.187        361        640: 48% ━━━━━╸────── 34/70 2.3it/s 15.2s<15.6s
[K      37/75      8.11G     0.9581      0.783      1.185        267        640: 50% ━━━━━━────── 35/70 2.3it/s 15.6s<15.0s
[K      37/75      8.11G     0.9571     0.7809      1.183        369        640: 51% ━━━━━━────── 36/70 2.3it/s 16.0s<14.8s
[K      37/75      8.11G     0.9591     0.7838      1.186        404        640: 52% ━━━━━━────── 37/70 2.3it/s 16.4s<14.2s
[K      37/75      8.11G     0.9619      0.786      1.189        283        640: 54% ━━━━━━╸───── 38/70 2.3it/s 16.9s<13.8s
[K      37/75      8.11G     0.9588     0.7836      1.188        362        640: 55% ━━━━━━╸───── 39/70 2.3it/s 17.3s<13.3s
[K      37/75      8.11G     0.9624      0.784      1.188        450        640: 57% ━━━━━━╸───── 40/70 2.3it/s 17.8s<13.0s
[K      37/75      8.11G     0.9616      0.783      1.186        397        640: 58% ━━━━━━━───── 41/70 2.3it/s 18.2s<12.5s
[K      37/75      8.11G      0.962     0.7853      1.187        269        640: 60% ━━━━━━━───── 42/70 2.3it/s 18.6s<12.2s
[K      37/75      8.11G     0.9604     0.7842      1.186        336        640: 61% ━━━━━━━───── 43/70 2.3it/s 19.0s<11.6s
[K      37/75      8.11G     0.9598     0.7824      1.187        379        640: 62% ━━━━━━━╸──── 44/70 2.3it/s 19.5s<11.3s
[K      37/75      8.11G     0.9566     0.7819      1.185        328        640: 64% ━━━━━━━╸──── 45/70 2.3it/s 19.9s<10.8s
[K      37/75      8.11G     0.9574     0.7811      1.186        346        640: 65% ━━━━━━━╸──── 46/70 2.3it/s 20.4s<10.4s
[K      37/75      8.11G     0.9576     0.7822      1.186        429        640: 67% ━━━━━━━━──── 47/70 2.3it/s 20.8s<9.9s
[K      37/75      8.11G     0.9593     0.7833      1.186        430        640: 68% ━━━━━━━━──── 48/70 2.3it/s 21.2s<9.6s
[K      37/75      8.11G     0.9608     0.7862      1.188        357        640: 70% ━━━━━━━━──── 49/70 2.3it/s 21.6s<9.1s
[K      37/75      8.11G     0.9585     0.7824      1.187        327        640: 71% ━━━━━━━━╸─── 50/70 2.3it/s 22.1s<8.7s
[K      37/75      8.11G     0.9575     0.7809      1.186        348        640: 72% ━━━━━━━━╸─── 51/70 2.3it/s 22.5s<8.2s
[K      37/75      8.11G     0.9577       0.78      1.185        644        640: 74% ━━━━━━━━╸─── 52/70 2.3it/s 23.0s<7.9s
[K      37/75      8.11G     0.9559     0.7797      1.185        282        640: 75% ━━━━━━━━━─── 53/70 2.3it/s 23.4s<7.3s
[K      37/75      8.11G     0.9557     0.7806      1.185        297        640: 77% ━━━━━━━━━─── 54/70 2.3it/s 23.8s<7.0s
[K      37/75      8.11G     0.9565     0.7816      1.186        392        640: 78% ━━━━━━━━━─── 55/70 2.3it/s 24.3s<6.5s
[K      37/75      8.11G     0.9566      0.782      1.185        517        640: 80% ━━━━━━━━━╸── 56/70 2.3it/s 24.7s<6.1s
[K      37/75      8.11G     0.9555     0.7809      1.185        397        640: 81% ━━━━━━━━━╸── 57/70 2.3it/s 25.1s<5.6s
[K      37/75      8.11G     0.9546     0.7818      1.185        262        640: 82% ━━━━━━━━━╸── 58/70 2.3it/s 25.6s<5.2s
[K      37/75      8.11G     0.9561     0.7831      1.186        457        640: 84% ━━━━━━━━━━── 59/70 2.3it/s 26.0s<4.7s
[K      37/75      8.11G     0.9551     0.7813      1.185        309        640: 85% ━━━━━━━━━━── 60/70 2.3it/s 26.4s<4.3s
[K      37/75      8.11G      0.956     0.7819      1.187        258        640: 87% ━━━━━━━━━━── 61/70 2.3it/s 26.8s<3.9s
[K      37/75      8.11G     0.9578     0.7834      1.187        443        640: 88% ━━━━━━━━━━╸─ 62/70 2.3it/s 27.3s<3.5s
[K      37/75      8.11G     0.9594     0.7832      1.187        487        640: 90% ━━━━━━━━━━╸─ 63/70 2.3it/s 27.7s<3.0s
[K      37/75      8.11G     0.9612     0.7843      1.187        438        640: 91% ━━━━━━━━━━╸─ 64/70 2.3it/s 28.2s<2.6s
[K      37/75      8.11G       0.96     0.7838      1.187        338        640: 92% ━━━━━━━━━━━─ 65/70 2.3it/s 28.6s<2.2s
[K      37/75      8.11G     0.9596     0.7839      1.187        313        640: 94% ━━━━━━━━━━━─ 66/70 2.3it/s 29.0s<1.7s
[K      37/75      8.11G     0.9596     0.7831      1.187        393        640: 95% ━━━━━━━━━━━─ 67/70 2.3it/s 29.5s<1.3s
[K      37/75      8.11G     0.9596     0.7831      1.187        376        640: 97% ━━━━━━━━━━━╸ 68/70 2.3it/s 29.9s<0.9s
[K      37/75      8.11G     0.9591     0.7823      1.186        395        640: 98% ━━━━━━━━━━━╸ 69/70 2.3it/s 30.3s<0.4s
[K      37/75      8.11G     0.9591     0.7823      1.186        395        640: 100% ━━━━━━━━━━━━ 70/70 2.3it/s 30.3s

[K                 Class     Images  Instances      Box(P          R      mAP50  mAP50-95): 20% ━━────────── 1/5 1.5s/it 0.4s<6.0s
[K                 Class     Images  Instances      Box(P          R      mAP50  mAP50-95): 40% ━━━━╸─────── 2/5 1.1it/s 0.9s<2.6s
[K                 Class     Images  Instances      Box(P          R      mAP50  mAP50-95): 60% ━━━━━━━───── 3/5 1.5it/s 1.3s<1.4s
[K                 Class     Images  Instances      Box(P          R      mAP50  mAP50-95): 80% ━━━━━━━━━╸── 4/5 1.7it/s 1.8s<0.6s
[K                 Class     Images  Instances      Box(P          R      mAP50  mAP50-95): 100% ━━━━━━━━━━━━ 5/5 2.3it/s 2.2s
                   all        280       3554      0.883       0.75      0.813      0.553

      Epoch    GPU_mem   box_loss   cls_loss   dfl_loss  Instances       Size

[K      38/75       8.1G      1.029     0.8095      1.176        428        640: 0% ──────────── 0/70  0.4s
[K      38/75       8.1G     0.9633     0.7697      1.173        295        640: 1% ──────────── 1/70 1.5s/it 0.9s<1:43
[K      38/75       8.1G     0.9742     0.7436      1.172        343        640: 2% ──────────── 2/70 1.2it/s 1.3s<59.1s
[K      38/75       8.1G     0.9584     0.7432       1.16        433        640: 4% ╸─────────── 3/70 1.5it/s 1.7s<43.9s
[K      38/75       8.1G     0.9432     0.7474      1.156        353        640: 5% ╸─────────── 4/70 1.8it/s 2.2s<37.6s
[K      38/75       8.1G     0.9353     0.7352      1.153        332        640: 7% ╸─────────── 5/70 1.9it/s 2.6s<33.5s
[K      38/75       8.1G     0.9434     0.7461      1.165        425        640: 8% ━─────────── 6/70 2.0it/s 3.0s<31.4s
[K      38/75       8.1G     0.9378     0.7519       1.17        313        640: 10% ━─────────── 7/70 2.1it/s 3.5s<29.5s
[K      38/75       8.1G      0.949     0.7822      1.188        344        640: 11% ━─────────── 8/70 2.2it/s 3.9s<28.5s
[K      38/75       8.1G     0.9637     0.7887      1.193        426        640: 12% ━╸────────── 9/70 2.2it/s 4.3s<27.3s
[K      38/75       8.1G      0.969     0.7949      1.198        447        640: 14% ━╸────────── 10/70 2.2it/s 4.8s<26.8s
[K      38/75       8.1G      0.956     0.7851      1.193        356        640: 15% ━╸────────── 11/70 2.3it/s 5.2s<25.9s
[K      38/75       8.1G     0.9501     0.7816       1.19        308        640: 17% ━━────────── 12/70 2.3it/s 5.6s<25.4s
[K      38/75       8.1G     0.9547     0.7834      1.193        378        640: 18% ━━────────── 13/70 2.3it/s 6.0s<24.6s
[K      38/75       8.1G      0.954     0.7856      1.192        397        640: 20% ━━────────── 14/70 2.3it/s 6.5s<24.4s
[K      38/75       8.1G      0.957      0.787      1.194        398        640: 21% ━━╸───────── 15/70 2.3it/s 6.9s<23.9s
[K      38/75       8.1G     0.9633     0.7991        1.2        321        640: 22% ━━╸───────── 16/70 2.3it/s 7.4s<23.7s
[K      38/75       8.1G     0.9664     0.8032      1.204        336        640: 24% ━━╸───────── 17/70 2.3it/s 7.8s<23.2s
[K      38/75       8.1G     0.9625      0.795      1.201        349        640: 25% ━━━───────── 18/70 2.3it/s 8.2s<22.8s
[K      38/75       8.1G     0.9609     0.7947      1.201        358        640: 27% ━━━───────── 19/70 2.3it/s 8.7s<22.2s
[K      38/75       8.1G     0.9607     0.7927        1.2        362        640: 28% ━━━───────── 20/70 2.3it/s 9.1s<21.8s
[K      38/75       8.1G     0.9638      0.794      1.201        382        640: 30% ━━━╸──────── 21/70 2.3it/s 9.5s<21.1s
[K      38/75       8.1G     0.9658     0.7978      1.202        457        640: 31% ━━━╸──────── 22/70 2.3it/s 10.0s<20.9s
[K      38/75       8.1G     0.9648     0.7962      1.201        383        640: 32% ━━━╸──────── 23/70 2.3it/s 10.4s<20.2s
[K      38/75       8.1G      0.961     0.7929      1.199        326        640: 34% ━━━━──────── 24/70 2.3it/s 10.9s<20.2s
[K      38/75       8.1G     0.9644     0.7947      1.199        490        640: 35% ━━━━──────── 25/70 2.3it/s 11.3s<19.5s
[K      38/75       8.1G     0.9626     0.7947      1.198        380        640: 37% ━━━━──────── 26/70 2.3it/s 11.7s<19.2s
[K      38/75       8.1G     0.9634     0.7973      1.201        262        640: 38% ━━━━╸─────── 27/70 2.3it/s 12.2s<18.6s
[K      38/75       8.1G     0.9633     0.7926      1.198        380        640: 40% ━━━━╸─────── 28/70 2.3it/s 12.6s<18.4s
[K      38/75       8.1G     0.9703     0.7991      1.201        379        640: 41% ━━━━╸─────── 29/70 2.3it/s 13.0s<17.8s
[K      38/75       8.1G      0.969     0.7959      1.199        350        640: 42% ━━━━━─────── 30/70 2.3it/s 13.5s<17.5s
[K      38/75       8.1G     0.9678     0.7959      1.199        325        640: 44% ━━━━━─────── 31/70 2.3it/s 13.9s<17.0s
[K      38/75       8.1G     0.9664     0.7967      1.198        344        640: 45% ━━━━━─────── 32/70 2.3it/s 14.3s<16.6s
[K      38/75       8.1G     0.9724     0.8001        1.2        589        640: 47% ━━━━━╸────── 33/70 2.3it/s 14.8s<16.1s
[K      38/75       8.1G     0.9712     0.8007      1.199        292        640: 48% ━━━━━╸────── 34/70 2.3it/s 15.2s<15.7s
[K      38/75       8.1G     0.9749     0.8029      1.202        383        640: 50% ━━━━━━────── 35/70 2.3it/s 15.6s<15.2s
[K      38/75       8.1G     0.9704     0.7984      1.199        305        640: 51% ━━━━━━────── 36/70 2.3it/s 16.1s<14.8s
[K      38/75       8.1G     0.9719      0.797      1.199        405        640: 52% ━━━━━━────── 37/70 2.3it/s 16.5s<14.3s
[K      38/75       8.1G     0.9721     0.7971      1.199        431        640: 54% ━━━━━━╸───── 38/70 2.3it/s 17.0s<14.0s
[K      38/75       8.1G     0.9695     0.7945      1.197        300        640: 55% ━━━━━━╸───── 39/70 2.3it/s 17.4s<13.4s
[K      38/75       8.1G     0.9695     0.7931      1.197        318        640: 57% ━━━━━━╸───── 40/70 2.3it/s 17.8s<13.1s
[K      38/75       8.1G     0.9685     0.7905      1.196        295        640: 58% ━━━━━━━───── 41/70 2.3it/s 18.3s<12.6s
[K      38/75       8.1G     0.9637     0.7866      1.193        300        640: 60% ━━━━━━━───── 42/70 2.3it/s 18.7s<12.2s
[K      38/75       8.1G     0.9634     0.7838      1.193        329        640: 61% ━━━━━━━───── 43/70 2.3it/s 19.1s<11.7s
[K      38/75       8.1G     0.9648     0.7853      1.193        440        640: 62% ━━━━━━━╸──── 44/70 2.3it/s 19.6s<11.4s
[K      38/75       8.1G     0.9675      0.788      1.194        488        640: 64% ━━━━━━━╸──── 45/70 2.3it/s 20.0s<10.8s
[K      38/75       8.1G     0.9659      0.787      1.194        308        640: 65% ━━━━━━━╸──── 46/70 2.3it/s 20.4s<10.4s
[K      38/75       8.1G     0.9679     0.7905      1.196        369        640: 67% ━━━━━━━━──── 47/70 2.3it/s 20.9s<10.0s
[K      38/75       8.1G     0.9684      0.795      1.199        295        640: 68% ━━━━━━━━──── 48/70 2.3it/s 21.3s<9.7s
[K      38/75       8.1G     0.9646     0.7926      1.198        244        640: 70% ━━━━━━━━──── 49/70 2.3it/s 21.7s<9.1s
[K      38/75       8.1G     0.9659     0.7946      1.199        467        640: 71% ━━━━━━━━╸─── 50/70 2.3it/s 22.2s<8.7s
[K      38/75       8.1G     0.9664     0.7937      1.198        385        640: 72% ━━━━━━━━╸─── 51/70 2.3it/s 22.6s<8.2s
[K      38/75       8.1G     0.9657     0.7928      1.199        293        640: 74% ━━━━━━━━╸─── 52/70 2.3it/s 23.0s<7.8s
[K      38/75       8.1G     0.9658     0.7947      1.199        342        640: 75% ━━━━━━━━━─── 53/70 2.3it/s 23.5s<7.3s
[K      38/75       8.1G     0.9653     0.7932      1.199        382        640: 77% ━━━━━━━━━─── 54/70 2.3it/s 23.9s<7.0s
[K      38/75       8.1G     0.9653     0.7947      1.199        329        640: 78% ━━━━━━━━━─── 55/70 2.3it/s 24.3s<6.5s
[K      38/75       8.1G     0.9642     0.7967        1.2        222        640: 80% ━━━━━━━━━╸── 56/70 2.3it/s 24.8s<6.1s
[K      38/75       8.1G     0.9649     0.7974        1.2        446        640: 81% ━━━━━━━━━╸── 57/70 2.3it/s 25.2s<5.6s
[K      38/75       8.1G     0.9641     0.7967      1.199        360        640: 82% ━━━━━━━━━╸── 58/70 2.3it/s 25.6s<5.2s
[K      38/75       8.1G     0.9644     0.7962      1.199        339        640: 84% ━━━━━━━━━━── 59/70 2.3it/s 26.0s<4.7s
[K      38/75       8.1G     0.9628     0.7952      1.199        283        640: 85% ━━━━━━━━━━── 60/70 2.3it/s 26.5s<4.3s
[K      38/75       8.1G      0.962     0.7933      1.197        414        640: 87% ━━━━━━━━━━── 61/70 2.3it/s 26.9s<3.9s
[K      38/75       8.1G     0.9618      0.793      1.197        396        640: 88% ━━━━━━━━━━╸─ 62/70 2.3it/s 27.4s<3.5s
[K      38/75       8.1G     0.9606       0.79      1.196        304        640: 90% ━━━━━━━━━━╸─ 63/70 2.3it/s 27.8s<3.0s
[K      38/75       8.1G     0.9586     0.7883      1.195        278        640: 91% ━━━━━━━━━━╸─ 64/70 2.3it/s 28.2s<2.6s
[K      38/75       8.1G     0.9576     0.7885      1.195        295        640: 92% ━━━━━━━━━━━─ 65/70 2.3it/s 28.7s<2.2s
[K      38/75       8.1G      0.957     0.7882      1.195        417        640: 94% ━━━━━━━━━━━─ 66/70 2.3it/s 29.1s<1.7s
[K      38/75       8.1G     0.9582     0.7879      1.195        443        640: 95% ━━━━━━━━━━━─ 67/70 2.3it/s 29.5s<1.3s
[K      38/75       8.1G     0.9579     0.7868      1.195        319        640: 97% ━━━━━━━━━━━╸ 68/70 2.3it/s 30.0s<0.9s
[K      38/75       8.1G     0.9578      0.787      1.195        371        640: 98% ━━━━━━━━━━━╸ 69/70 2.3it/s 30.4s<0.4s
[K      38/75       8.1G     0.9578      0.787      1.195        371        640: 100% ━━━━━━━━━━━━ 70/70 2.3it/s 30.4s

[K                 Class     Images  Instances      Box(P          R      mAP50  mAP50-95): 20% ━━────────── 1/5 1.5s/it 0.4s<5.9s
[K                 Class     Images  Instances      Box(P          R      mAP50  mAP50-95): 40% ━━━━╸─────── 2/5 1.1it/s 0.9s<2.6s
[K                 Class     Images  Instances      Box(P          R      mAP50  mAP50-95): 60% ━━━━━━━───── 3/5 1.5it/s 1.3s<1.3s
[K                 Class     Images  Instances      Box(P          R      mAP50  mAP50-95): 80% ━━━━━━━━━╸── 4/5 1.7it/s 1.8s<0.6s
[K                 Class     Images  Instances      Box(P          R      mAP50  mAP50-95): 100% ━━━━━━━━━━━━ 5/5 2.3it/s 2.2s
                   all        280       3554      0.908      0.739      0.818      0.561

      Epoch    GPU_mem   box_loss   cls_loss   dfl_loss  Instances       Size

[K      39/75      8.19G      1.086     0.8844      1.234        411        640: 0% ──────────── 0/70  0.4s
[K      39/75      8.19G     0.9886     0.7866      1.223        239        640: 1% ──────────── 1/70 1.4s/it 0.9s<1:36
[K      39/75      8.19G     0.9809     0.8086      1.212        359        640: 2% ──────────── 2/70 1.2it/s 1.3s<57.2s
[K      39/75      8.19G     0.9543     0.8026      1.214        251        640: 4% ╸─────────── 3/70 1.5it/s 1.7s<43.6s
[K      39/75      8.19G     0.9605     0.7974      1.202        419        640: 5% ╸─────────── 4/70 1.8it/s 2.2s<37.5s
[K      39/75      8.19G     0.9481     0.7929      1.195        316        640: 7% ╸─────────── 5/70 1.9it/s 2.6s<33.4s
[K      39/75      8.19G     0.9406     0.7912      1.191        379        640: 8% ━─────────── 6/70 2.0it/s 3.0s<31.2s
[K      39/75      8.19G     0.9427     0.7983      1.196        322        640: 10% ━─────────── 7/70 2.1it/s 3.4s<29.5s
[K      39/75      8.19G     0.9424     0.7949      1.191        457        640: 11% ━─────────── 8/70 2.2it/s 3.9s<28.4s
[K      39/75      8.19G     0.9474     0.7967      1.192        343        640: 12% ━╸────────── 9/70 2.2it/s 4.3s<27.1s
[K      39/75      8.19G     0.9403      0.794      1.187        393        640: 14% ━╸────────── 10/70 2.2it/s 4.7s<26.7s
[K      39/75      8.19G     0.9398     0.7974       1.19        352        640: 15% ━╸────────── 11/70 2.3it/s 5.2s<25.9s
[K      39/75      8.19G     0.9507     0.8025      1.195        421        640: 17% ━━────────── 12/70 2.3it/s 5.6s<25.5s
[K      39/75      8.19G      0.952      0.804        1.2        285        640: 18% ━━────────── 13/70 2.3it/s 6.0s<24.7s
[K      39/75      8.19G      0.949     0.8062      1.199        298        640: 20% ━━────────── 14/70 2.3it/s 6.5s<24.5s
[K      39/75      8.19G     0.9451     0.8011      1.197        341        640: 21% ━━╸───────── 15/70 2.3it/s 6.9s<23.7s
[K      39/75      8.19G     0.9498     0.8032        1.2        364        640: 22% ━━╸───────── 16/70 2.3it/s 7.3s<23.4s
[K      39/75      8.19G     0.9569     0.8072      1.203        397        640: 24% ━━╸───────── 17/70 2.3it/s 7.8s<22.9s
[K      39/75      8.19G     0.9627     0.8145      1.207        425        640: 25% ━━━───────── 18/70 2.3it/s 8.2s<22.6s
[K      39/75      8.19G      0.962     0.8136      1.205        324        640: 27% ━━━───────── 19/70 2.3it/s 8.6s<21.9s
[K      39/75      8.19G     0.9612     0.8091      1.203        366        640: 28% ━━━───────── 20/70 2.3it/s 9.1s<21.7s
[K      39/75      8.19G     0.9647     0.8135      1.205        458        640: 30% ━━━╸──────── 21/70 2.3it/s 9.5s<21.0s
[K      39/75      8.19G     0.9633     0.8128      1.204        429        640: 31% ━━━╸──────── 22/70 2.3it/s 9.9s<20.8s
[K      39/75      8.19G      0.968     0.8145      1.204        451        640: 32% ━━━╸──────── 23/70 2.3it/s 10.4s<20.3s
[K      39/75      8.19G       0.97     0.8183      1.207        414        640: 34% ━━━━──────── 24/70 2.3it/s 10.8s<20.1s
[K      39/75      8.19G     0.9631     0.8129      1.203        298        640: 35% ━━━━──────── 25/70 2.3it/s 11.2s<19.4s
[K      39/75      8.19G     0.9597     0.8123      1.201        311        640: 37% ━━━━──────── 26/70 2.3it/s 11.7s<19.1s
[K      39/75      8.19G     0.9597     0.8122      1.203        317        640: 38% ━━━━╸─────── 27/70 2.3it/s 12.1s<18.5s
[K      39/75      8.19G     0.9585     0.8104        1.2        481        640: 40% ━━━━╸─────── 28/70 2.3it/s 12.5s<18.3s
[K      39/75      8.19G       0.96     0.8136      1.201        348        640: 41% ━━━━╸─────── 29/70 2.3it/s 13.0s<17.7s
[K      39/75      8.19G     0.9606     0.8176      1.201        357        640: 42% ━━━━━─────── 30/70 2.3it/s 13.4s<17.5s
[K      39/75      8.19G     0.9633     0.8201      1.201        433        640: 44% ━━━━━─────── 31/70 2.3it/s 13.8s<16.9s
[K      39/75      8.19G     0.9578     0.8155        1.2        228        640: 45% ━━━━━─────── 32/70 2.3it/s 14.3s<16.6s
[K      39/75      8.19G     0.9567     0.8101      1.198        474        640: 47% ━━━━━╸────── 33/70 2.3it/s 14.7s<15.9s
[K      39/75      8.19G     0.9552     0.8071      1.196        420        640: 48% ━━━━━╸────── 34/70 2.3it/s 15.1s<15.6s
[K      39/75      8.19G     0.9554     0.8079      1.197        292        640: 50% ━━━━━━────── 35/70 2.3it/s 15.6s<15.0s
[K      39/75      8.19G     0.9563     0.8078      1.198        419        640: 51% ━━━━━━────── 36/70 2.3it/s 16.0s<14.8s
[K      39/75      8.19G     0.9571     0.8104      1.198        434        640: 52% ━━━━━━────── 37/70 2.3it/s 16.4s<14.2s
[K      39/75      8.19G     0.9567     0.8109      1.197        406        640: 54% ━━━━━━╸───── 38/70 2.3it/s 16.9s<13.9s
[K      39/75      8.19G     0.9567     0.8104      1.197        443        640: 55% ━━━━━━╸───── 39/70 2.3it/s 17.3s<13.3s
[K      39/75      8.19G      0.956     0.8101      1.197        303        640: 57% ━━━━━━╸───── 40/70 2.3it/s 17.7s<13.0s
[K      39/75      8.19G     0.9559     0.8087      1.196        440        640: 58% ━━━━━━━───── 41/70 2.3it/s 18.1s<12.5s
[K      39/75      8.19G     0.9567     0.8077      1.195        557        640: 60% ━━━━━━━───── 42/70 2.3it/s 18.6s<12.2s
[K      39/75      8.19G     0.9533     0.8044      1.193        300        640: 61% ━━━━━━━───── 43/70 2.3it/s 19.0s<11.7s
[K      39/75      8.19G     0.9497     0.7999      1.191        337        640: 62% ━━━━━━━╸──── 44/70 2.3it/s 19.5s<11.3s
[K      39/75      8.19G     0.9518     0.8024      1.193        395        640: 64% ━━━━━━━╸──── 45/70 2.3it/s 19.9s<10.8s
[K      39/75      8.19G     0.9529     0.7994      1.193        424        640: 65% ━━━━━━━╸──── 46/70 2.3it/s 20.3s<10.5s
[K      39/75      8.19G     0.9542     0.7989      1.194        361        640: 67% ━━━━━━━━──── 47/70 2.3it/s 20.8s<9.9s
[K      39/75      8.19G     0.9547     0.8006      1.195        317        640: 68% ━━━━━━━━──── 48/70 2.3it/s 21.2s<9.6s
[K      39/75      8.19G      0.954     0.7965      1.193        440        640: 70% ━━━━━━━━──── 49/70 2.3it/s 21.6s<9.1s
[K      39/75      8.19G     0.9543     0.7969      1.194        391        640: 71% ━━━━━━━━╸─── 50/70 2.3it/s 22.1s<8.7s
[K      39/75      8.19G     0.9528     0.7942      1.193        432        640: 72% ━━━━━━━━╸─── 51/70 2.3it/s 22.5s<8.2s
[K      39/75      8.19G     0.9518     0.7933      1.192        301        640: 74% ━━━━━━━━╸─── 52/70 2.3it/s 22.9s<7.8s
[K      39/75      8.19G     0.9518      0.792      1.191        446        640: 75% ━━━━━━━━━─── 53/70 2.3it/s 23.4s<7.4s
[K      39/75      8.19G     0.9502     0.7888       1.19        260        640: 77% ━━━━━━━━━─── 54/70 2.3it/s 23.8s<7.0s
[K      39/75      8.19G     0.9481     0.7853      1.188        375        640: 78% ━━━━━━━━━─── 55/70 2.3it/s 24.2s<6.5s
[K      39/75      8.19G     0.9464     0.7842      1.187        301        640: 80% ━━━━━━━━━╸── 56/70 2.3it/s 24.7s<6.1s
[K      39/75      8.19G     0.9466     0.7848      1.188        355        640: 81% ━━━━━━━━━╸── 57/70 2.3it/s 25.1s<5.6s
[K      39/75      8.19G     0.9449     0.7823      1.187        368        640: 82% ━━━━━━━━━╸── 58/70 2.3it/s 25.5s<5.2s
[K      39/75      8.19G     0.9442     0.7815      1.187        266        640: 84% ━━━━━━━━━━── 59/70 2.3it/s 26.0s<4.7s
[K      39/75      8.19G     0.9454     0.7823      1.188        340        640: 85% ━━━━━━━━━━── 60/70 2.3it/s 26.4s<4.3s
[K      39/75      8.19G     0.9452     0.7809      1.187        371        640: 87% ━━━━━━━━━━── 61/70 2.3it/s 26.8s<3.9s
[K      39/75      8.19G     0.9509     0.7908      1.192        473        640: 88% ━━━━━━━━━━╸─ 62/70 2.3it/s 27.3s<3.5s
[K      39/75      8.19G     0.9503     0.7899      1.191        318        640: 90% ━━━━━━━━━━╸─ 63/70 2.3it/s 27.7s<3.0s
[K      39/75      8.19G     0.9481      0.787      1.189        336        640: 91% ━━━━━━━━━━╸─ 64/70 2.3it/s 28.1s<2.6s
[K      39/75      8.19G     0.9477     0.7859      1.188        495        640: 92% ━━━━━━━━━━━─ 65/70 2.3it/s 28.6s<2.2s
[K      39/75      8.19G     0.9475     0.7851      1.187        389        640: 94% ━━━━━━━━━━━─ 66/70 2.3it/s 29.0s<1.7s
[K      39/75      8.19G     0.9479     0.7865      1.188        271        640: 95% ━━━━━━━━━━━─ 67/70 2.3it/s 29.4s<1.3s
[K      39/75      8.19G     0.9473     0.7871      1.188        393        640: 97% ━━━━━━━━━━━╸ 68/70 2.3it/s 29.9s<0.9s
[K      39/75      8.19G     0.9462     0.7854      1.187        348        640: 98% ━━━━━━━━━━━╸ 69/70 2.3it/s 30.3s<0.4s
[K      39/75      8.19G     0.9462     0.7854      1.187        348        640: 100% ━━━━━━━━━━━━ 70/70 2.3it/s 30.3s

[K                 Class     Images  Instances      Box(P          R      mAP50  mAP50-95): 20% ━━────────── 1/5 1.5s/it 0.5s<6.0s
[K                 Class     Images  Instances      Box(P          R      mAP50  mAP50-95): 40% ━━━━╸─────── 2/5 1.1it/s 0.9s<2.7s
[K                 Class     Images  Instances      Box(P          R      mAP50  mAP50-95): 60% ━━━━━━━───── 3/5 1.5it/s 1.3s<1.4s
[K                 Class     Images  Instances      Box(P          R      mAP50  mAP50-95): 80% ━━━━━━━━━╸── 4/5 1.7it/s 1.8s<0.6s
[K                 Class     Images  Instances      Box(P          R      mAP50  mAP50-95): 100% ━━━━━━━━━━━━ 5/5 2.2it/s 2.2s
                   all        280       3554      0.878       0.76      0.824      0.567

      Epoch    GPU_mem   box_loss   cls_loss   dfl_loss  Instances       Size

[K      40/75      8.04G     0.8211     0.5973      1.122        303        640: 0% ──────────── 0/70  0.4s
[K      40/75      8.04G     0.8836     0.6801      1.154        337        640: 1% ──────────── 1/70 1.4s/it 0.9s<1:37
[K      40/75      8.04G     0.9664     0.7657      1.205        349        640: 2% ──────────── 2/70 1.2it/s 1.3s<57.8s
[K      40/75      8.04G     0.9729     0.7914      1.209        366        640: 4% ╸─────────── 3/70 1.5it/s 1.7s<43.5s
[K      40/75      8.04G     0.9637     0.7735        1.2        403        640: 5% ╸─────────── 4/70 1.8it/s 2.2s<37.7s
[K      40/75      8.04G     0.9537     0.7593      1.184        441        640: 7% ╸─────────── 5/70 1.9it/s 2.6s<33.5s
[K      40/75      8.04G     0.9468     0.7555      1.181        339        640: 8% ━─────────── 6/70 2.0it/s 3.0s<31.4s
[K      40/75      8.04G     0.9451      0.756      1.183        325        640: 10% ━─────────── 7/70 2.1it/s 3.4s<29.5s
[K      40/75      8.04G     0.9403     0.7504      1.179        409        640: 11% ━─────────── 8/70 2.2it/s 3.9s<28.6s
[K      40/75      8.04G     0.9474     0.7489       1.18        376        640: 12% ━╸────────── 9/70 2.2it/s 4.3s<27.3s
[K      40/75      8.04G     0.9514     0.7463      1.177        471        640: 14% ━╸────────── 10/70 2.2it/s 4.8s<26.8s
[K      40/75      8.04G     0.9475     0.7454      1.174        329        640: 15% ━╸────────── 11/70 2.3it/s 5.2s<25.9s
[K      40/75      8.04G     0.9481     0.7531      1.175        364        640: 17% ━━────────── 12/70 2.3it/s 5.6s<25.4s
[K      40/75      8.04G     0.9486     0.7558      1.175        388        640: 18% ━━────────── 13/70 2.3it/s 6.0s<24.7s
[K      40/75      8.04G     0.9438     0.7567      1.173        303        640: 20% ━━────────── 14/70 2.3it/s 6.5s<24.5s
[K      40/75      8.04G     0.9399     0.7663      1.178        228        640: 21% ━━╸───────── 15/70 2.3it/s 6.9s<23.8s
[K      40/75      8.04G     0.9304     0.7536      1.171        323        640: 22% ━━╸───────── 16/70 2.3it/s 7.3s<23.5s
[K      40/75      8.04G     0.9311     0.7526      1.172        386        640: 24% ━━╸───────── 17/70 2.3it/s 7.8s<22.9s
[K      40/75      8.04G     0.9318     0.7521      1.173        326        640: 25% ━━━───────── 18/70 2.3it/s 8.2s<22.6s
[K      40/75      8.04G     0.9323     0.7547      1.173        439        640: 27% ━━━───────── 19/70 2.3it/s 8.6s<21.9s
[K      40/75      8.04G     0.9299     0.7531       1.17        409        640: 28% ━━━───────── 20/70 2.3it/s 9.1s<21.7s
[K      40/75      8.04G     0.9315     0.7534      1.169        312        640: 30% ━━━╸──────── 21/70 2.3it/s 9.5s<21.1s
[K      40/75      8.04G     0.9322     0.7528      1.168        324        640: 31% ━━━╸──────── 22/70 2.3it/s 9.9s<20.9s
[K      40/75      8.04G     0.9306     0.7479      1.164        389        640: 32% ━━━╸──────── 23/70 2.3it/s 10.4s<20.3s
[K      40/75      8.04G     0.9321     0.7483      1.166        317        640: 34% ━━━━──────── 24/70 2.3it/s 10.8s<20.0s
[K      40/75      8.04G     0.9363     0.7532       1.17        312        640: 35% ━━━━──────── 25/70 2.3it/s 11.2s<19.4s
[K      40/75      8.04G      0.939     0.7546       1.17        372        640: 37% ━━━━──────── 26/70 2.3it/s 11.7s<19.1s
[K      40/75      8.04G     0.9419      0.758      1.173        350        640: 38% ━━━━╸─────── 27/70 2.3it/s 12.1s<18.5s
[K      40/75      8.04G     0.9434     0.7639      1.177        297        640: 40% ━━━━╸─────── 28/70 2.3it/s 12.5s<18.3s
[K      40/75      8.04G     0.9402     0.7599      1.174        333        640: 41% ━━━━╸─────── 29/70 2.3it/s 13.0s<17.6s
[K      40/75      8.04G     0.9359     0.7552      1.172        321        640: 42% ━━━━━─────── 30/70 2.3it/s 13.4s<17.4s
[K      40/75      8.04G     0.9378     0.7573      1.173        461        640: 44% ━━━━━─────── 31/70 2.3it/s 13.8s<16.8s
[K      40/75      8.04G     0.9334     0.7547      1.172        296        640: 45% ━━━━━─────── 32/70 2.3it/s 14.3s<16.6s
[K      40/75      8.04G     0.9309     0.7517      1.171        308        640: 47% ━━━━━╸────── 33/70 2.3it/s 14.7s<15.9s
[K      40/75      8.04G     0.9322     0.7531      1.172        367        640: 48% ━━━━━╸────── 34/70 2.3it/s 15.1s<15.7s
[K      40/75      8.04G     0.9307     0.7554      1.172        258        640: 50% ━━━━━━────── 35/70 2.3it/s 15.6s<15.0s
[K      40/75      8.04G     0.9352     0.7629      1.176        404        640: 51% ━━━━━━────── 36/70 2.3it/s 16.0s<14.8s
[K      40/75      8.04G     0.9383     0.7675      1.177        479        640: 52% ━━━━━━────── 37/70 2.3it/s 16.4s<14.2s
[K      40/75      8.04G     0.9399     0.7686      1.179        359        640: 54% ━━━━━━╸───── 38/70 2.3it/s 16.9s<13.9s
[K      40/75      8.04G     0.9412     0.7711      1.181        305        640: 55% ━━━━━━╸───── 39/70 2.3it/s 17.3s<13.4s
[K      40/75      8.04G     0.9404     0.7703      1.181        287        640: 57% ━━━━━━╸───── 40/70 2.3it/s 17.7s<13.0s
[K      40/75      8.04G     0.9418     0.7734      1.183        420        640: 58% ━━━━━━━───── 41/70 2.3it/s 18.1s<12.4s
[K      40/75      8.04G     0.9402     0.7719      1.182        305        640: 60% ━━━━━━━───── 42/70 2.3it/s 18.6s<12.1s
[K      40/75      8.04G     0.9401     0.7725      1.183        291        640: 61% ━━━━━━━───── 43/70 2.3it/s 19.0s<11.6s
[K      40/75      8.04G     0.9383     0.7705      1.181        349        640: 62% ━━━━━━━╸──── 44/70 2.3it/s 19.5s<11.3s
[K      40/75      8.04G     0.9367     0.7686       1.18        278        640: 64% ━━━━━━━╸──── 45/70 2.3it/s 19.9s<10.7s
[K      40/75      8.04G     0.9354     0.7662      1.178        427        640: 65% ━━━━━━━╸──── 46/70 2.3it/s 20.3s<10.4s
[K      40/75      8.04G     0.9367     0.7678      1.178        402        640: 67% ━━━━━━━━──── 47/70 2.3it/s 20.7s<9.8s
[K      40/75      8.04G     0.9405     0.7725      1.181        419        640: 68% ━━━━━━━━──── 48/70 2.3it/s 21.2s<9.6s
[K      40/75      8.04G     0.9409     0.7742      1.181        458        640: 70% ━━━━━━━━──── 49/70 2.3it/s 21.6s<9.1s
[K      40/75      8.04G     0.9403     0.7726       1.18        456        640: 71% ━━━━━━━━╸─── 50/70 2.3it/s 22.1s<8.7s
[K      40/75      8.04G     0.9405     0.7728       1.18        376        640: 72% ━━━━━━━━╸─── 51/70 2.3it/s 22.5s<8.2s
[K      40/75      8.04G     0.9436     0.7771      1.183        345        640: 74% ━━━━━━━━╸─── 52/70 2.3it/s 22.9s<7.8s
[K      40/75      8.04G     0.9443     0.7766      1.183        424        640: 75% ━━━━━━━━━─── 53/70 2.3it/s 23.4s<7.4s
[K      40/75      8.04G      0.946     0.7774      1.183        534        640: 77% ━━━━━━━━━─── 54/70 2.3it/s 23.8s<7.1s
[K      40/75      8.04G     0.9445     0.7762      1.182        326        640: 78% ━━━━━━━━━─── 55/70 2.3it/s 24.2s<6.5s
[K      40/75      8.04G     0.9453     0.7762      1.182        425        640: 80% ━━━━━━━━━╸── 56/70 2.3it/s 24.7s<6.1s
[K      40/75      8.04G     0.9436     0.7745      1.181        392        640: 81% ━━━━━━━━━╸── 57/70 2.3it/s 25.1s<5.6s
[K      40/75      8.04G     0.9416     0.7732       1.18        363        640: 82% ━━━━━━━━━╸── 58/70 2.3it/s 25.5s<5.2s
[K      40/75      8.04G     0.9397     0.7716      1.179        279        640: 84% ━━━━━━━━━━── 59/70 2.3it/s 26.0s<4.8s
[K      40/75      8.04G     0.9389     0.7702      1.178        431        640: 85% ━━━━━━━━━━── 60/70 2.3it/s 26.4s<4.4s
[K      40/75      8.04G      0.938      0.767      1.177        319        640: 87% ━━━━━━━━━━── 61/70 2.3it/s 26.8s<3.9s
[K      40/75      8.04G     0.9399     0.7686      1.178        542        640: 88% ━━━━━━━━━━╸─ 62/70 2.3it/s 27.3s<3.5s
[K      40/75      8.04G     0.9382      0.766      1.177        275        640: 90% ━━━━━━━━━━╸─ 63/70 2.3it/s 27.7s<3.0s
[K      40/75      8.04G     0.9377     0.7658      1.176        358        640: 91% ━━━━━━━━━━╸─ 64/70 2.3it/s 28.1s<2.6s
[K      40/75      8.04G      0.938     0.7668      1.177        362        640: 92% ━━━━━━━━━━━─ 65/70 2.3it/s 28.6s<2.2s
[K      40/75      8.04G     0.9379     0.7659      1.176        395        640: 94% ━━━━━━━━━━━─ 66/70 2.3it/s 29.0s<1.7s
[K      40/75      8.04G     0.9376     0.7649      1.176        328        640: 95% ━━━━━━━━━━━─ 67/70 2.3it/s 29.4s<1.3s
[K      40/75      8.04G     0.9403     0.7667      1.178        454        640: 97% ━━━━━━━━━━━╸ 68/70 2.3it/s 29.9s<0.9s
[K      40/75      8.04G     0.9411     0.7664      1.178        414        640: 98% ━━━━━━━━━━━╸ 69/70 2.3it/s 30.3s<0.4s
[K      40/75      8.04G     0.9411     0.7664      1.178        414        640: 100% ━━━━━━━━━━━━ 70/70 2.3it/s 30.3s

[K                 Class     Images  Instances      Box(P          R      mAP50  mAP50-95): 20% ━━────────── 1/5 1.5s/it 0.4s<5.9s
[K                 Class     Images  Instances      Box(P          R      mAP50  mAP50-95): 40% ━━━━╸─────── 2/5 1.1it/s 0.9s<2.6s
[K                 Class     Images  Instances      Box(P          R      mAP50  mAP50-95): 60% ━━━━━━━───── 3/5 1.5it/s 1.3s<1.3s
[K                 Class     Images  Instances      Box(P          R      mAP50  mAP50-95): 80% ━━━━━━━━━╸── 4/5 1.7it/s 1.8s<0.6s
[K                 Class     Images  Instances      Box(P          R      mAP50  mAP50-95): 100% ━━━━━━━━━━━━ 5/5 2.3it/s 2.2s
                   all        280       3554      0.892      0.749      0.823      0.575

      Epoch    GPU_mem   box_loss   cls_loss   dfl_loss  Instances       Size

[K      41/75      8.13G     0.8986     0.6665      1.156        420        640: 0% ──────────── 0/70  0.4s
[K      41/75      8.13G      0.928     0.6999      1.176        426        640: 1% ──────────── 1/70 1.4s/it 0.9s<1:38
[K      41/75      8.13G     0.9353     0.6965      1.178        354        640: 2% ──────────── 2/70 1.2it/s 1.3s<57.8s
[K      41/75      8.13G     0.9757     0.7297      1.182        450        640: 4% ╸─────────── 3/70 1.5it/s 1.7s<44.1s
[K      41/75      8.13G      0.965     0.7453      1.184        274        640: 5% ╸─────────── 4/70 1.7it/s 2.2s<37.8s
[K      41/75      8.13G     0.9784     0.7578      1.193        443        640: 7% ╸─────────── 5/70 1.9it/s 2.6s<33.9s
[K      41/75      8.13G     0.9791     0.7752      1.199        408        640: 8% ━─────────── 6/70 2.0it/s 3.0s<31.7s
[K      41/75      8.13G     0.9761     0.7697      1.193        407        640: 10% ━─────────── 7/70 2.1it/s 3.5s<29.5s
[K      41/75      8.13G     0.9693     0.7617      1.187        392        640: 11% ━─────────── 8/70 2.2it/s 3.9s<28.4s
[K      41/75      8.13G     0.9627     0.7736      1.185        354        640: 12% ━╸────────── 9/70 2.2it/s 4.3s<27.5s
[K      41/75      8.13G     0.9573     0.7666      1.181        324        640: 14% ━╸────────── 10/70 2.2it/s 4.8s<26.9s
[K      41/75      8.13G     0.9499     0.7634      1.176        334        640: 15% ━╸────────── 11/70 2.3it/s 5.2s<26.0s
[K      41/75      8.13G     0.9552      0.765      1.177        481        640: 17% ━━────────── 12/70 2.3it/s 5.6s<25.6s
[K      41/75      8.13G     0.9583     0.7649      1.177        354        640: 18% ━━────────── 13/70 2.3it/s 6.1s<24.9s
[K      41/75      8.13G     0.9521     0.7639      1.176        378        640: 20% ━━────────── 14/70 2.3it/s 6.5s<24.6s
[K      41/75      8.13G     0.9502     0.7655      1.175        359        640: 21% ━━╸───────── 15/70 2.3it/s 6.9s<23.7s
[K      41/75      8.13G     0.9471     0.7659      1.178        261        640: 22% ━━╸───────── 16/70 2.3it/s 7.4s<23.4s
[K      41/75      8.13G     0.9449     0.7679      1.177        367        640: 24% ━━╸───────── 17/70 2.3it/s 7.8s<22.7s
[K      41/75      8.13G     0.9474     0.7728      1.181        376        640: 25% ━━━───────── 18/70 2.3it/s 8.2s<22.6s
[K      41/75      8.13G     0.9471     0.7728       1.18        366        640: 27% ━━━───────── 19/70 2.3it/s 8.6s<21.9s
[K      41/75      8.13G     0.9493      0.776      1.184        378        640: 28% ━━━───────── 20/70 2.3it/s 9.1s<21.6s
[K      41/75      8.13G     0.9442       0.77      1.182        307        640: 30% ━━━╸──────── 21/70 2.3it/s 9.5s<21.2s
[K      41/75      8.13G     0.9464      0.774      1.183        335        640: 31% ━━━╸──────── 22/70 2.3it/s 10.0s<21.0s
[K      41/75      8.13G     0.9484     0.7761      1.185        393        640: 32% ━━━╸──────── 23/70 2.3it/s 10.4s<20.3s
[K      41/75      8.13G     0.9491     0.7787      1.184        336        640: 34% ━━━━──────── 24/70 2.3it/s 10.8s<20.0s
[K      41/75      8.13G     0.9432     0.7743      1.181        409        640: 35% ━━━━──────── 25/70 2.3it/s 11.3s<19.4s
[K      41/75      8.13G      0.942     0.7741      1.179        328        640: 37% ━━━━──────── 26/70 2.3it/s 11.7s<19.2s
[K      41/75      8.13G     0.9383     0.7701      1.177        321        640: 38% ━━━━╸─────── 27/70 2.3it/s 12.1s<18.5s
[K      41/75      8.13G     0.9414     0.7698      1.176        447        640: 40% ━━━━╸─────── 28/70 2.3it/s 12.6s<18.3s
[K      41/75      8.13G     0.9368     0.7678      1.173        350        640: 41% ━━━━╸─────── 29/70 2.3it/s 13.0s<17.7s
[K      41/75      8.13G     0.9373      0.767      1.174        368        640: 42% ━━━━━─────── 30/70 2.3it/s 13.4s<17.3s
[K      41/75      8.13G     0.9356      0.764      1.173        323        640: 44% ━━━━━─────── 31/70 2.3it/s 13.8s<16.8s
[K      41/75      8.13G     0.9376      0.767      1.173        464        640: 45% ━━━━━─────── 32/70 2.3it/s 14.3s<16.5s
[K      41/75      8.13G     0.9368     0.7664      1.173        387        640: 47% ━━━━━╸────── 33/70 2.3it/s 14.7s<16.0s
[K      41/75      8.13G     0.9341     0.7643      1.171        460        640: 48% ━━━━━╸────── 34/70 2.3it/s 15.2s<15.6s
[K      41/75      8.13G     0.9338     0.7611      1.168        499        640: 50% ━━━━━━────── 35/70 2.3it/s 15.6s<15.1s
[K      41/75      8.13G     0.9345      0.762      1.169        360        640: 51% ━━━━━━────── 36/70 2.3it/s 16.0s<14.8s
[K      41/75      8.13G     0.9324     0.7582      1.167        370        640: 52% ━━━━━━────── 37/70 2.3it/s 16.5s<14.3s
[K      41/75      8.13G     0.9382     0.7661      1.171        445        640: 54% ━━━━━━╸───── 38/70 2.3it/s 16.9s<14.0s
[K      41/75      8.13G     0.9369     0.7629      1.169        397        640: 55% ━━━━━━╸───── 39/70 2.3it/s 17.3s<13.4s
[K      41/75      8.13G     0.9377     0.7638       1.17        392        640: 57% ━━━━━━╸───── 40/70 2.3it/s 17.8s<13.0s
[K      41/75      8.13G     0.9343     0.7604      1.167        330        640: 58% ━━━━━━━───── 41/70 2.3it/s 18.2s<12.5s
[K      41/75      8.13G     0.9326     0.7576      1.167        364        640: 60% ━━━━━━━───── 42/70 2.3it/s 18.6s<12.2s
[K      41/75      8.13G     0.9292     0.7549      1.165        330        640: 61% ━━━━━━━───── 43/70 2.3it/s 19.1s<11.7s
[K      41/75      8.13G     0.9304     0.7585      1.166        450        640: 62% ━━━━━━━╸──── 44/70 2.3it/s 19.5s<11.3s
[K      41/75      8.13G     0.9299     0.7581      1.167        303        640: 64% ━━━━━━━╸──── 45/70 2.3it/s 19.9s<10.9s
[K      41/75      8.13G     0.9323     0.7602      1.168        452        640: 65% ━━━━━━━╸──── 46/70 2.3it/s 20.4s<10.6s
[K      41/75      8.13G     0.9317     0.7619      1.169        280        640: 67% ━━━━━━━━──── 47/70 2.3it/s 20.8s<10.0s
[K      41/75      8.13G     0.9314     0.7582      1.167        525        640: 68% ━━━━━━━━──── 48/70 2.3it/s 21.2s<9.6s
[K      41/75      8.13G     0.9322      0.758      1.167        422        640: 70% ━━━━━━━━──── 49/70 2.3it/s 21.7s<9.1s
[K      41/75      8.13G     0.9339     0.7636       1.17        383        640: 71% ━━━━━━━━╸─── 50/70 2.3it/s 22.1s<8.7s
[K      41/75      8.13G     0.9346     0.7634       1.17        442        640: 72% ━━━━━━━━╸─── 51/70 2.3it/s 22.5s<8.2s
[K      41/75      8.13G      0.935     0.7634       1.17        341        640: 74% ━━━━━━━━╸─── 52/70 2.3it/s 23.0s<7.8s
[K      41/75      8.13G     0.9364     0.7649      1.172        308        640: 75% ━━━━━━━━━─── 53/70 2.3it/s 23.4s<7.3s
[K      41/75      8.13G     0.9371     0.7653      1.173        368        640: 77% ━━━━━━━━━─── 54/70 2.3it/s 23.8s<7.0s
[K      41/75      8.13G     0.9382     0.7662      1.173        461        640: 78% ━━━━━━━━━─── 55/70 2.3it/s 24.3s<6.5s
[K      41/75      8.13G     0.9387     0.7676      1.174        337        640: 80% ━━━━━━━━━╸── 56/70 2.3it/s 24.7s<6.1s
[K      41/75      8.13G     0.9372     0.7659      1.173        431        640: 81% ━━━━━━━━━╸── 57/70 2.3it/s 25.1s<5.6s
[K      41/75      8.13G     0.9364     0.7644      1.172        313        640: 82% ━━━━━━━━━╸── 58/70 2.3it/s 25.6s<5.2s
[K      41/75      8.13G     0.9347     0.7622      1.171        321        640: 84% ━━━━━━━━━━── 59/70 2.3it/s 26.0s<4.7s
[K      41/75      8.13G     0.9334     0.7621      1.171        276        640: 85% ━━━━━━━━━━── 60/70 2.3it/s 26.5s<4.4s
[K      41/75      8.13G     0.9334     0.7616       1.17        445        640: 87% ━━━━━━━━━━── 61/70 2.3it/s 26.9s<3.9s
[K      41/75      8.13G      0.932     0.7605      1.169        328        640: 88% ━━━━━━━━━━╸─ 62/70 2.3it/s 27.3s<3.5s
[K      41/75      8.13G     0.9306     0.7584      1.168        282        640: 90% ━━━━━━━━━━╸─ 63/70 2.3it/s 27.7s<3.0s
[K      41/75      8.13G     0.9293     0.7566      1.168        331        640: 91% ━━━━━━━━━━╸─ 64/70 2.3it/s 28.2s<2.6s
[K      41/75      8.13G     0.9272     0.7557      1.167        311        640: 92% ━━━━━━━━━━━─ 65/70 2.3it/s 28.6s<2.2s
[K      41/75      8.13G     0.9267     0.7566      1.168        328        640: 94% ━━━━━━━━━━━─ 66/70 2.3it/s 29.1s<1.7s
[K      41/75      8.13G     0.9279     0.7556      1.168        413        640: 95% ━━━━━━━━━━━─ 67/70 2.3it/s 29.5s<1.3s
[K      41/75      8.13G     0.9271     0.7556      1.168        379        640: 97% ━━━━━━━━━━━╸ 68/70 2.3it/s 29.9s<0.9s
[K      41/75      8.13G      0.926     0.7542      1.167        296        640: 98% ━━━━━━━━━━━╸ 69/70 2.3it/s 30.4s<0.4s
[K      41/75      8.13G      0.926     0.7542      1.167        296        640: 100% ━━━━━━━━━━━━ 70/70 2.3it/s 30.4s

[K                 Class     Images  Instances      Box(P          R      mAP50  mAP50-95): 20% ━━────────── 1/5 1.5s/it 0.5s<6.1s
[K                 Class     Images  Instances      Box(P          R      mAP50  mAP50-95): 40% ━━━━╸─────── 2/5 1.1it/s 0.9s<2.7s
[K                 Class     Images  Instances      Box(P          R      mAP50  mAP50-95): 60% ━━━━━━━───── 3/5 1.5it/s 1.4s<1.4s
[K                 Class     Images  Instances      Box(P          R      mAP50  mAP50-95): 80% ━━━━━━━━━╸── 4/5 1.7it/s 1.8s<0.6s
[K                 Class     Images  Instances      Box(P          R      mAP50  mAP50-95): 100% ━━━━━━━━━━━━ 5/5 2.3it/s 2.2s
                   all        280       3554      0.918      0.749      0.829      0.578

      Epoch    GPU_mem   box_loss   cls_loss   dfl_loss  Instances       Size

[K      42/75      8.05G     0.9265     0.6426      1.157        379        640: 0% ──────────── 0/70  0.4s
[K      42/75      8.05G      1.006     0.6811      1.195        466        640: 1% ──────────── 1/70 1.4s/it 0.9s<1:39
[K      42/75      8.05G      1.005     0.7107      1.188        419        640: 2% ──────────── 2/70 1.2it/s 1.3s<58.5s
[K      42/75      8.05G     0.9875      0.717      1.181        405        640: 4% ╸─────────── 3/70 1.5it/s 1.7s<44.2s
[K      42/75      8.05G     0.9825     0.7291      1.187        388        640: 5% ╸─────────── 4/70 1.7it/s 2.2s<38.1s
[K      42/75      8.05G     0.9466     0.7163      1.178        246        640: 7% ╸─────────── 5/70 1.9it/s 2.6s<33.8s
[K      42/75      8.05G     0.9378     0.7171      1.176        357        640: 8% ━─────────── 6/70 2.0it/s 3.0s<31.6s
[K      42/75      8.05G     0.9402     0.7242      1.183        286        640: 10% ━─────────── 7/70 2.1it/s 3.5s<29.5s
[K      42/75      8.05G     0.9327      0.724      1.181        353        640: 11% ━─────────── 8/70 2.2it/s 3.9s<28.5s
[K      42/75      8.05G     0.9232     0.7168      1.171        364        640: 12% ━╸────────── 9/70 2.2it/s 4.3s<27.2s
[K      42/75      8.05G     0.9139     0.7109      1.161        452        640: 14% ━╸────────── 10/70 2.2it/s 4.8s<26.8s
[K      42/75      8.05G     0.9161     0.7086       1.16        407        640: 15% ━╸────────── 11/70 2.3it/s 5.2s<26.1s
[K      42/75      8.05G     0.9127     0.7065      1.161        259        640: 17% ━━────────── 12/70 2.3it/s 5.6s<25.7s
[K      42/75      8.05G     0.9222     0.7255      1.173        332        640: 18% ━━────────── 13/70 2.3it/s 6.1s<24.8s
[K      42/75      8.05G     0.9292     0.7369      1.181        426        640: 20% ━━────────── 14/70 2.3it/s 6.5s<24.4s
[K      42/75      8.05G     0.9303     0.7372       1.18        345        640: 21% ━━╸───────── 15/70 2.3it/s 6.9s<23.7s
[K      42/75      8.05G      0.931     0.7362       1.18        324        640: 22% ━━╸───────── 16/70 2.3it/s 7.4s<23.4s
[K      42/75      8.05G      0.927     0.7341      1.177        307        640: 24% ━━╸───────── 17/70 2.3it/s 7.8s<22.8s
[K      42/75      8.05G     0.9211     0.7285      1.173        281        640: 25% ━━━───────── 18/70 2.3it/s 8.2s<22.6s
[K      42/75      8.05G     0.9197      0.727      1.171        322        640: 27% ━━━───────── 19/70 2.3it/s 8.7s<22.0s
[K      42/75      8.05G     0.9165     0.7272      1.169        344        640: 28% ━━━───────── 20/70 2.3it/s 9.1s<21.8s
[K      42/75      8.05G     0.9173      0.726      1.167        444        640: 30% ━━━╸──────── 21/70 2.3it/s 9.5s<21.0s
[K      42/75      8.05G     0.9206     0.7292      1.168        381        640: 31% ━━━╸──────── 22/70 2.3it/s 10.0s<20.7s
[K      42/75      8.05G     0.9192     0.7275      1.167        374        640: 32% ━━━╸──────── 23/70 2.3it/s 10.4s<20.3s
[K      42/75      8.05G     0.9231     0.7315      1.169        323        640: 34% ━━━━──────── 24/70 2.3it/s 10.8s<19.9s
[K      42/75      8.05G     0.9217     0.7296      1.166        424        640: 35% ━━━━──────── 25/70 2.3it/s 11.2s<19.3s
[K      42/75      8.05G     0.9207     0.7287      1.166        354        640: 37% ━━━━──────── 26/70 2.3it/s 11.7s<19.2s
[K      42/75      8.05G     0.9185      0.729      1.165        339        640: 38% ━━━━╸─────── 27/70 2.3it/s 12.1s<18.6s
[K      42/75      8.05G     0.9199     0.7307      1.167        367        640: 40% ━━━━╸─────── 28/70 2.3it/s 12.6s<18.3s
[K      42/75      8.05G     0.9162     0.7287      1.165        286        640: 41% ━━━━╸─────── 29/70 2.3it/s 13.0s<17.6s
[K      42/75      8.05G     0.9179     0.7278      1.165        389        640: 42% ━━━━━─────── 30/70 2.3it/s 13.4s<17.3s
[K      42/75      8.05G     0.9157      0.726      1.164        318        640: 44% ━━━━━─────── 31/70 2.3it/s 13.8s<16.8s
[K      42/75      8.05G     0.9147     0.7231      1.163        316        640: 45% ━━━━━─────── 32/70 2.3it/s 14.3s<16.6s
[K      42/75      8.05G     0.9143     0.7228      1.163        400        640: 47% ━━━━━╸────── 33/70 2.3it/s 14.7s<16.1s
[K      42/75      8.05G     0.9155     0.7234      1.163        384        640: 48% ━━━━━╸────── 34/70 2.3it/s 15.2s<15.8s
[K      42/75      8.05G     0.9133     0.7227      1.163        320        640: 50% ━━━━━━────── 35/70 2.3it/s 15.6s<15.2s
[K      42/75      8.05G     0.9126     0.7198      1.162        343        640: 51% ━━━━━━────── 36/70 2.3it/s 16.0s<14.8s
[K      42/75      8.05G     0.9105     0.7189       1.16        292        640: 52% ━━━━━━────── 37/70 2.3it/s 16.5s<14.3s
[K      42/75      8.05G     0.9096      0.718      1.161        289        640: 54% ━━━━━━╸───── 38/70 2.3it/s 16.9s<13.9s
[K      42/75      8.05G     0.9105     0.7179      1.161        438        640: 55% ━━━━━━╸───── 39/70 2.3it/s 17.3s<13.3s
[K      42/75      8.05G     0.9089     0.7181       1.16        387        640: 57% ━━━━━━╸───── 40/70 2.3it/s 17.8s<13.0s
[K      42/75      8.05G     0.9102     0.7212       1.16        348        640: 58% ━━━━━━━───── 41/70 2.3it/s 18.2s<12.5s
[K      42/75      8.05G     0.9098      0.723      1.161        275        640: 60% ━━━━━━━───── 42/70 2.3it/s 18.6s<12.1s
[K      42/75      8.05G     0.9087     0.7206       1.16        339        640: 61% ━━━━━━━───── 43/70 2.3it/s 19.0s<11.6s
[K      42/75      8.05G     0.9119     0.7254      1.161        495        640: 62% ━━━━━━━╸──── 44/70 2.3it/s 19.5s<11.2s
[K      42/75      8.05G     0.9123     0.7244      1.161        328        640: 64% ━━━━━━━╸──── 45/70 2.3it/s 19.9s<10.8s
[K      42/75      8.05G     0.9093     0.7227       1.16        232        640: 65% ━━━━━━━╸──── 46/70 2.3it/s 20.3s<10.4s
[K      42/75      8.05G     0.9084     0.7209      1.159        354        640: 67% ━━━━━━━━──── 47/70 2.3it/s 20.8s<9.9s
[K      42/75      8.05G     0.9089     0.7198      1.159        467        640: 68% ━━━━━━━━──── 48/70 2.3it/s 21.2s<9.6s
[K      42/75      8.05G     0.9102     0.7194      1.159        392        640: 70% ━━━━━━━━──── 49/70 2.3it/s 21.6s<9.1s
[K      42/75      8.05G     0.9107     0.7213      1.159        430        640: 71% ━━━━━━━━╸─── 50/70 2.3it/s 22.1s<8.7s
[K      42/75      8.05G     0.9108     0.7207      1.159        251        640: 72% ━━━━━━━━╸─── 51/70 2.3it/s 22.5s<8.2s
[K      42/75      8.05G     0.9124     0.7237      1.161        376        640: 74% ━━━━━━━━╸─── 52/70 2.3it/s 23.0s<7.9s
[K      42/75      8.05G     0.9128     0.7277      1.162        379        640: 75% ━━━━━━━━━─── 53/70 2.3it/s 23.4s<7.3s
[K      42/75      8.05G     0.9127     0.7282      1.162        438        640: 77% ━━━━━━━━━─── 54/70 2.3it/s 23.8s<7.0s
[K      42/75      8.05G     0.9142     0.7286      1.161        423        640: 78% ━━━━━━━━━─── 55/70 2.3it/s 24.3s<6.5s
[K      42/75      8.05G     0.9165     0.7321      1.163        490        640: 80% ━━━━━━━━━╸── 56/70 2.3it/s 24.7s<6.1s
[K      42/75      8.05G      0.915     0.7304      1.163        257        640: 81% ━━━━━━━━━╸── 57/70 2.3it/s 25.1s<5.6s
[K      42/75      8.05G     0.9129     0.7284      1.161        320        640: 82% ━━━━━━━━━╸── 58/70 2.3it/s 25.6s<5.2s
[K      42/75      8.05G     0.9124     0.7271       1.16        474        640: 84% ━━━━━━━━━━── 59/70 2.3it/s 26.0s<4.7s
[K      42/75      8.05G     0.9134     0.7275      1.159        399        640: 85% ━━━━━━━━━━── 60/70 2.3it/s 26.4s<4.4s
[K      42/75      8.05G     0.9133     0.7276       1.16        254        640: 87% ━━━━━━━━━━── 61/70 2.3it/s 26.9s<3.9s
[K      42/75      8.05G     0.9133     0.7262      1.159        373        640: 88% ━━━━━━━━━━╸─ 62/70 2.3it/s 27.3s<3.5s
[K      42/75      8.05G     0.9136     0.7269       1.16        416        640: 90% ━━━━━━━━━━╸─ 63/70 2.3it/s 27.7s<3.0s
[K      42/75      8.05G     0.9135     0.7256      1.159        329        640: 91% ━━━━━━━━━━╸─ 64/70 2.3it/s 28.2s<2.6s
[K      42/75      8.05G     0.9121     0.7238      1.158        318        640: 92% ━━━━━━━━━━━─ 65/70 2.3it/s 28.6s<2.2s
[K      42/75      8.05G     0.9125     0.7244      1.158        327        640: 94% ━━━━━━━━━━━─ 66/70 2.3it/s 29.0s<1.8s
[K      42/75      8.05G     0.9133     0.7241      1.158        359        640: 95% ━━━━━━━━━━━─ 67/70 2.3it/s 29.5s<1.3s
[K      42/75      8.05G     0.9142     0.7242      1.158        404        640: 97% ━━━━━━━━━━━╸ 68/70 2.3it/s 29.9s<0.9s
[K      42/75      8.05G      0.915     0.7235      1.158        426        640: 98% ━━━━━━━━━━━╸ 69/70 2.3it/s 30.3s<0.4s
[K      42/75      8.05G      0.915     0.7235      1.158        426        640: 100% ━━━━━━━━━━━━ 70/70 2.3it/s 30.3s

[K                 Class     Images  Instances      Box(P          R      mAP50  mAP50-95): 20% ━━────────── 1/5 1.5s/it 0.5s<6.0s
[K                 Class     Images  Instances      Box(P          R      mAP50  mAP50-95): 40% ━━━━╸─────── 2/5 1.1it/s 0.9s<2.6s
[K                 Class     Images  Instances      Box(P          R      mAP50  mAP50-95): 60% ━━━━━━━───── 3/5 1.5it/s 1.3s<1.4s
[K                 Class     Images  Instances      Box(P          R      mAP50  mAP50-95): 80% ━━━━━━━━━╸── 4/5 1.7it/s 1.8s<0.6s
[K                 Class     Images  Instances      Box(P          R      mAP50  mAP50-95): 100% ━━━━━━━━━━━━ 5/5 2.3it/s 2.2s
                   all        280       3554      0.892      0.758      0.827      0.574

      Epoch    GPU_mem   box_loss   cls_loss   dfl_loss  Instances       Size

[K      43/75      8.05G     0.8722     0.6211      1.086        361        640: 0% ──────────── 0/70  0.4s
[K      43/75      8.05G     0.9011     0.6572       1.09        399        640: 1% ──────────── 1/70 1.4s/it 0.9s<1:38
[K      43/75      8.05G     0.8865      0.724      1.125        301        640: 2% ──────────── 2/70 1.2it/s 1.3s<57.6s
[K      43/75      8.05G     0.8911     0.7283      1.139        315        640: 4% ╸─────────── 3/70 1.5it/s 1.7s<43.6s
[K      43/75      8.05G     0.8881      0.746      1.152        283        640: 5% ╸─────────── 4/70 1.8it/s 2.2s<37.6s
[K      43/75      8.05G       0.89     0.7379      1.146        359        640: 7% ╸─────────── 5/70 1.9it/s 2.6s<33.5s
[K      43/75      8.05G     0.8941     0.7406      1.145        413        640: 8% ━─────────── 6/70 2.0it/s 3.0s<31.4s
[K      43/75      8.05G     0.8893     0.7296      1.141        417        640: 10% ━─────────── 7/70 2.1it/s 3.4s<29.5s
[K      43/75      8.05G     0.8965     0.7394      1.146        245        640: 11% ━─────────── 8/70 2.2it/s 3.9s<28.4s
[K      43/75      8.05G     0.8953      0.742      1.147        336        640: 12% ━╸────────── 9/70 2.2it/s 4.3s<27.2s
[K      43/75      8.05G     0.8979     0.7335      1.142        454        640: 14% ━╸────────── 10/70 2.2it/s 4.7s<26.7s
[K      43/75      8.05G     0.9047     0.7356      1.146        374        640: 15% ━╸────────── 11/70 2.3it/s 5.2s<25.9s
[K      43/75      8.05G     0.9022     0.7283      1.148        281        640: 17% ━━────────── 12/70 2.3it/s 5.6s<25.4s
[K      43/75      8.05G     0.9176     0.7426      1.163        369        640: 18% ━━────────── 13/70 2.3it/s 6.0s<24.7s
[K      43/75      8.05G     0.9157     0.7386      1.161        373        640: 20% ━━────────── 14/70 2.3it/s 6.5s<24.5s
[K      43/75      8.05G     0.9182     0.7413      1.162        402        640: 21% ━━╸───────── 15/70 2.3it/s 6.9s<23.7s
[K      43/75      8.05G      0.924     0.7514      1.165        470        640: 22% ━━╸───────── 16/70 2.3it/s 7.3s<23.5s
[K      43/75      8.05G     0.9254     0.7505      1.164        360        640: 24% ━━╸───────── 17/70 2.3it/s 7.8s<22.8s
[K      43/75      8.05G     0.9253     0.7503      1.166        380        640: 25% ━━━───────── 18/70 2.3it/s 8.2s<22.5s
[K      43/75      8.05G     0.9231     0.7483      1.165        331        640: 27% ━━━───────── 19/70 2.3it/s 8.6s<21.9s
[K      43/75      8.05G     0.9282     0.7538      1.165        458        640: 28% ━━━───────── 20/70 2.3it/s 9.1s<21.7s
[K      43/75      8.05G      0.926     0.7478      1.162        352        640: 30% ━━━╸──────── 21/70 2.3it/s 9.5s<21.0s
[K      43/75      8.05G     0.9265     0.7509      1.164        405        640: 31% ━━━╸──────── 22/70 2.3it/s 9.9s<20.8s
[K      43/75      8.05G     0.9263     0.7469      1.164        410        640: 32% ━━━╸──────── 23/70 2.3it/s 10.3s<20.2s
[K      43/75      8.05G     0.9316     0.7526      1.167        434        640: 34% ━━━━──────── 24/70 2.3it/s 10.8s<20.0s
[K      43/75      8.05G     0.9351     0.7534      1.168        509        640: 35% ━━━━──────── 25/70 2.3it/s 11.2s<19.5s
[K      43/75      8.05G     0.9349     0.7563      1.168        423        640: 37% ━━━━──────── 26/70 2.3it/s 11.7s<19.2s
[K      43/75      8.05G     0.9386     0.7607      1.171        442        640: 38% ━━━━╸─────── 27/70 2.3it/s 12.1s<18.6s
[K      43/75      8.05G     0.9421     0.7619      1.173        350        640: 40% ━━━━╸─────── 28/70 2.3it/s 12.5s<18.4s
[K      43/75      8.05G     0.9408     0.7595      1.173        333        640: 41% ━━━━╸─────── 29/70 2.3it/s 13.0s<17.7s
[K      43/75      8.05G     0.9383     0.7578      1.172        321        640: 42% ━━━━━─────── 30/70 2.3it/s 13.4s<17.4s
[K      43/75      8.05G     0.9367     0.7549      1.171        396        640: 44% ━━━━━─────── 31/70 2.3it/s 13.8s<16.8s
[K      43/75      8.05G     0.9351     0.7537      1.169        483        640: 45% ━━━━━─────── 32/70 2.3it/s 14.3s<16.5s
[K      43/75      8.05G     0.9341     0.7533      1.169        326        640: 47% ━━━━━╸────── 33/70 2.3it/s 14.7s<15.9s
[K      43/75      8.05G      0.935     0.7533      1.169        456        640: 48% ━━━━━╸────── 34/70 2.3it/s 15.1s<15.6s
[K      43/75      8.05G     0.9371     0.7556      1.169        486        640: 50% ━━━━━━────── 35/70 2.3it/s 15.6s<15.1s
[K      43/75      8.05G     0.9361     0.7526      1.167        417        640: 51% ━━━━━━────── 36/70 2.3it/s 16.0s<14.8s
[K      43/75      8.05G     0.9344     0.7526      1.166        278        640: 52% ━━━━━━────── 37/70 2.3it/s 16.4s<14.3s
[K      43/75      8.05G     0.9323     0.7539      1.166        277        640: 54% ━━━━━━╸───── 38/70 2.3it/s 16.9s<13.9s
[K      43/75      8.05G     0.9332     0.7531      1.166        373        640: 55% ━━━━━━╸───── 39/70 2.3it/s 17.3s<13.4s
[K      43/75      8.05G     0.9337      0.754      1.167        254        640: 57% ━━━━━━╸───── 40/70 2.3it/s 17.7s<13.1s
[K      43/75      8.05G     0.9323     0.7522      1.167        313        640: 58% ━━━━━━━───── 41/70 2.3it/s 18.2s<12.5s
[K      43/75      8.05G      0.934     0.7576      1.169        309        640: 60% ━━━━━━━───── 42/70 2.3it/s 18.6s<12.2s
[K      43/75      8.05G     0.9346     0.7594      1.171        358        640: 61% ━━━━━━━───── 43/70 2.3it/s 19.0s<11.7s
[K      43/75      8.05G     0.9345     0.7608      1.172        331        640: 62% ━━━━━━━╸──── 44/70 2.3it/s 19.5s<11.3s
[K      43/75      8.05G     0.9343     0.7608      1.171        326        640: 64% ━━━━━━━╸──── 45/70 2.3it/s 19.9s<10.8s
[K      43/75      8.05G     0.9333     0.7593       1.17        384        640: 65% ━━━━━━━╸──── 46/70 2.3it/s 20.3s<10.4s
[K      43/75      8.05G     0.9321     0.7577      1.168        461        640: 67% ━━━━━━━━──── 47/70 2.3it/s 20.7s<9.9s
[K      43/75      8.05G     0.9308     0.7557      1.167        363        640: 68% ━━━━━━━━──── 48/70 2.3it/s 21.2s<9.5s
[K      43/75      8.05G       0.93      0.756      1.167        350        640: 70% ━━━━━━━━──── 49/70 2.3it/s 21.6s<9.1s
[K      43/75      8.05G     0.9304     0.7565      1.166        416        640: 71% ━━━━━━━━╸─── 50/70 2.3it/s 22.1s<8.7s
[K      43/75      8.05G      0.928     0.7548      1.165        352        640: 72% ━━━━━━━━╸─── 51/70 2.3it/s 22.5s<8.2s
[K      43/75      8.05G      0.928     0.7538      1.166        310        640: 74% ━━━━━━━━╸─── 52/70 2.3it/s 22.9s<7.9s
[K      43/75      8.05G     0.9256     0.7517      1.164        486        640: 75% ━━━━━━━━━─── 53/70 2.3it/s 23.3s<7.3s
[K      43/75      8.05G     0.9247     0.7508      1.163        335        640: 77% ━━━━━━━━━─── 54/70 2.3it/s 23.8s<6.9s
[K      43/75      8.05G     0.9252     0.7496      1.162        386        640: 78% ━━━━━━━━━─── 55/70 2.3it/s 24.2s<6.5s
[K      43/75      8.05G      0.925     0.7492      1.162        248        640: 80% ━━━━━━━━━╸── 56/70 2.3it/s 24.7s<6.1s
[K      43/75      8.05G     0.9246     0.7472      1.162        375        640: 81% ━━━━━━━━━╸── 57/70 2.3it/s 25.1s<5.6s
[K      43/75      8.05G     0.9262     0.7495      1.164        353        640: 82% ━━━━━━━━━╸── 58/70 2.3it/s 25.5s<5.2s
[K      43/75      8.05G      0.927     0.7505      1.165        344        640: 84% ━━━━━━━━━━── 59/70 2.3it/s 25.9s<4.7s
[K      43/75      8.05G     0.9278     0.7509      1.166        310        640: 85% ━━━━━━━━━━── 60/70 2.3it/s 26.4s<4.3s
[K      43/75      8.05G     0.9284     0.7501      1.166        367        640: 87% ━━━━━━━━━━── 61/70 2.3it/s 26.8s<3.9s
[K      43/75      8.05G     0.9264     0.7476      1.165        292        640: 88% ━━━━━━━━━━╸─ 62/70 2.3it/s 27.2s<3.5s
[K      43/75      8.05G     0.9248      0.746      1.165        235        640: 90% ━━━━━━━━━━╸─ 63/70 2.3it/s 27.7s<3.0s
[K      43/75      8.05G     0.9239     0.7432      1.163        387        640: 91% ━━━━━━━━━━╸─ 64/70 2.3it/s 28.1s<2.6s
[K      43/75      8.05G     0.9239      0.744      1.164        326        640: 92% ━━━━━━━━━━━─ 65/70 2.3it/s 28.5s<2.1s
[K      43/75      8.05G     0.9236     0.7437      1.164        341        640: 94% ━━━━━━━━━━━─ 66/70 2.3it/s 29.0s<1.7s
[K      43/75      8.05G     0.9238     0.7444      1.164        337        640: 95% ━━━━━━━━━━━─ 67/70 2.3it/s 29.4s<1.3s
[K      43/75      8.05G     0.9245     0.7474      1.166        373        640: 97% ━━━━━━━━━━━╸ 68/70 2.3it/s 29.8s<0.9s
[K      43/75      8.05G     0.9234     0.7458      1.165        358        640: 98% ━━━━━━━━━━━╸ 69/70 2.3it/s 30.3s<0.4s
[K      43/75      8.05G     0.9234     0.7458      1.165        358        640: 100% ━━━━━━━━━━━━ 70/70 2.3it/s 30.3s

[K                 Class     Images  Instances      Box(P          R      mAP50  mAP50-95): 20% ━━────────── 1/5 1.5s/it 0.5s<6.1s
[K                 Class     Images  Instances      Box(P          R      mAP50  mAP50-95): 40% ━━━━╸─────── 2/5 1.1it/s 0.9s<2.6s
[K                 Class     Images  Instances      Box(P          R      mAP50  mAP50-95): 60% ━━━━━━━───── 3/5 1.5it/s 1.3s<1.4s
[K                 Class     Images  Instances      Box(P          R      mAP50  mAP50-95): 80% ━━━━━━━━━╸── 4/5 1.7it/s 1.8s<0.6s
[K                 Class     Images  Instances      Box(P          R      mAP50  mAP50-95): 100% ━━━━━━━━━━━━ 5/5 2.2it/s 2.3s
                   all        280       3554      0.921      0.748      0.832      0.581

      Epoch    GPU_mem   box_loss   cls_loss   dfl_loss  Instances       Size

[K      44/75      8.03G     0.8719      0.643      1.161        333        640: 0% ──────────── 0/70  0.4s
[K      44/75      8.03G     0.9178     0.6893      1.193        323        640: 1% ──────────── 1/70 1.4s/it 0.8s<1:36
[K      44/75      8.03G     0.8995     0.6757      1.158        424        640: 2% ──────────── 2/70 1.2it/s 1.3s<57.7s
[K      44/75      8.03G     0.8717      0.652      1.132        378        640: 4% ╸─────────── 3/70 1.5it/s 1.7s<43.6s
[K      44/75      8.03G     0.8715      0.683      1.144        268        640: 5% ╸─────────── 4/70 1.8it/s 2.2s<37.6s
[K      44/75      8.03G     0.8843     0.6744      1.143        295        640: 7% ╸─────────── 5/70 2.0it/s 2.6s<33.3s
[K      44/75      8.03G     0.8746     0.6684       1.14        310        640: 8% ━─────────── 6/70 2.0it/s 3.0s<31.3s
[K      44/75      8.03G     0.8702     0.6749      1.145        301        640: 10% ━─────────── 7/70 2.2it/s 3.4s<29.2s
[K      44/75      8.03G      0.876     0.6795      1.145        514        640: 11% ━─────────── 8/70 2.2it/s 3.9s<28.5s
[K      44/75      8.03G      0.871     0.6787      1.143        301        640: 12% ━╸────────── 9/70 2.2it/s 4.3s<27.2s
[K      44/75      8.03G     0.8797     0.6914       1.15        368        640: 14% ━╸────────── 10/70 2.3it/s 4.7s<26.7s
[K      44/75      8.03G     0.8806     0.6973      1.151        337        640: 15% ━╸────────── 11/70 2.3it/s 5.2s<25.7s
[K      44/75      8.03G     0.8756     0.6878      1.145        312        640: 17% ━━────────── 12/70 2.3it/s 5.6s<25.5s
[K      44/75      8.03G     0.8833     0.6886      1.146        392        640: 18% ━━────────── 13/70 2.3it/s 6.0s<24.7s
[K      44/75      8.03G     0.8853     0.6934      1.146        397        640: 20% ━━────────── 14/70 2.3it/s 6.5s<24.5s
[K      44/75      8.03G     0.8848     0.6958      1.147        316        640: 21% ━━╸───────── 15/70 2.3it/s 6.9s<23.7s
[K      44/75      8.03G     0.8905      0.702       1.15        411        640: 22% ━━╸───────── 16/70 2.3it/s 7.3s<23.6s
[K      44/75      8.03G     0.8896     0.6982      1.148        385        640: 24% ━━╸───────── 17/70 2.3it/s 7.8s<22.9s
[K      44/75      8.03G     0.8943     0.7066      1.152        392        640: 25% ━━━───────── 18/70 2.3it/s 8.2s<22.6s
[K      44/75      8.03G     0.8999     0.7125      1.157        297        640: 27% ━━━───────── 19/70 2.3it/s 8.6s<22.0s
[K      44/75      8.03G     0.8991     0.7093      1.153        436        640: 28% ━━━───────── 20/70 2.3it/s 9.1s<21.7s
[K      44/75      8.03G     0.9007     0.7122      1.153        397        640: 30% ━━━╸──────── 21/70 2.3it/s 9.5s<21.1s
[K      44/75      8.03G     0.9009     0.7121      1.152        351        640: 31% ━━━╸──────── 22/70 2.3it/s 9.9s<20.8s
[K      44/75      8.03G      0.896     0.7087       1.15        276        640: 32% ━━━╸──────── 23/70 2.3it/s 10.3s<20.2s
[K      44/75      8.03G     0.8925     0.7076      1.149        297        640: 34% ━━━━──────── 24/70 2.3it/s 10.8s<20.1s
[K      44/75      8.03G     0.8908     0.7071       1.15        260        640: 35% ━━━━──────── 25/70 2.3it/s 11.2s<19.3s
[K      44/75      8.03G     0.8873     0.7053      1.148        298        640: 37% ━━━━──────── 26/70 2.3it/s 11.6s<19.0s
[K      44/75      8.03G     0.8897     0.7058      1.146        415        640: 38% ━━━━╸─────── 27/70 2.3it/s 12.1s<18.4s
[K      44/75      8.03G     0.8894     0.7039      1.147        246        640: 40% ━━━━╸─────── 28/70 2.3it/s 12.5s<18.2s
[K      44/75      8.03G     0.8888     0.7026      1.147        331        640: 41% ━━━━╸─────── 29/70 2.3it/s 12.9s<17.6s
[K      44/75      8.03G       0.89     0.7053      1.148        414        640: 42% ━━━━━─────── 30/70 2.3it/s 13.4s<17.4s
[K      44/75      8.03G     0.8898     0.7059      1.149        339        640: 44% ━━━━━─────── 31/70 2.3it/s 13.8s<16.8s
[K      44/75      8.03G     0.8872     0.7034      1.147        324        640: 45% ━━━━━─────── 32/70 2.3it/s 14.2s<16.4s
[K      44/75      8.03G     0.8897     0.7036      1.147        354        640: 47% ━━━━━╸────── 33/70 2.3it/s 14.7s<15.9s
[K      44/75      8.03G     0.8891     0.7038      1.147        309        640: 48% ━━━━━╸────── 34/70 2.3it/s 15.1s<15.6s
[K      44/75      8.03G      0.895     0.7085       1.15        458        640: 50% ━━━━━━────── 35/70 2.3it/s 15.5s<15.1s
[K      44/75      8.03G     0.8976     0.7091       1.15        409        640: 51% ━━━━━━────── 36/70 2.3it/s 16.0s<14.8s
[K      44/75      8.03G     0.8973     0.7122      1.151        346        640: 52% ━━━━━━────── 37/70 2.3it/s 16.4s<14.2s
[K      44/75      8.03G     0.8971     0.7121      1.152        353        640: 54% ━━━━━━╸───── 38/70 2.3it/s 16.8s<13.8s
[K      44/75      8.03G     0.9004      0.716      1.154        376        640: 55% ━━━━━━╸───── 39/70 2.3it/s 17.3s<13.3s
[K      44/75      8.03G     0.9049     0.7241      1.159        418        640: 57% ━━━━━━╸───── 40/70 2.3it/s 17.7s<13.0s
[K      44/75      8.03G     0.9059     0.7244      1.158        375        640: 58% ━━━━━━━───── 41/70 2.3it/s 18.1s<12.4s
[K      44/75      8.03G     0.9058     0.7215      1.157        407        640: 60% ━━━━━━━───── 42/70 2.3it/s 18.6s<12.1s
[K      44/75      8.03G     0.9054     0.7217      1.158        319        640: 61% ━━━━━━━───── 43/70 2.3it/s 19.0s<11.6s
[K      44/75      8.03G     0.9055     0.7236      1.158        312        640: 62% ━━━━━━━╸──── 44/70 2.3it/s 19.4s<11.3s
[K      44/75      8.03G     0.9035     0.7209      1.157        311        640: 64% ━━━━━━━╸──── 45/70 2.3it/s 19.8s<10.7s
[K      44/75      8.03G     0.9038     0.7227      1.158        318        640: 65% ━━━━━━━╸──── 46/70 2.3it/s 20.3s<10.4s
[K      44/75      8.03G     0.9069     0.7262      1.159        326        640: 67% ━━━━━━━━──── 47/70 2.3it/s 20.7s<9.8s
[K      44/75      8.03G     0.9051      0.725      1.158        234        640: 68% ━━━━━━━━──── 48/70 2.3it/s 21.2s<9.5s
[K      44/75      8.03G     0.9062     0.7265      1.158        535        640: 70% ━━━━━━━━──── 49/70 2.3it/s 21.6s<9.0s
[K      44/75      8.03G      0.907     0.7271      1.158        382        640: 71% ━━━━━━━━╸─── 50/70 2.3it/s 22.0s<8.6s
[K      44/75      8.03G     0.9062     0.7263      1.157        381        640: 72% ━━━━━━━━╸─── 51/70 2.3it/s 22.4s<8.1s
[K      44/75      8.03G     0.9054     0.7235      1.156        314        640: 74% ━━━━━━━━╸─── 52/70 2.3it/s 22.9s<7.8s
[K      44/75      8.03G     0.9043     0.7232      1.157        346        640: 75% ━━━━━━━━━─── 53/70 2.3it/s 23.3s<7.3s
[K      44/75      8.03G     0.9033     0.7224      1.156        389        640: 77% ━━━━━━━━━─── 54/70 2.3it/s 23.7s<7.0s
[K      44/75      8.03G     0.9043     0.7244      1.157        404        640: 78% ━━━━━━━━━─── 55/70 2.3it/s 24.2s<6.4s
[K      44/75      8.03G     0.9038     0.7224      1.156        311        640: 80% ━━━━━━━━━╸── 56/70 2.3it/s 24.6s<6.1s
[K      44/75      8.03G     0.9044     0.7251      1.157        400        640: 81% ━━━━━━━━━╸── 57/70 2.3it/s 25.0s<5.6s
[K      44/75      8.03G     0.9066      0.729      1.159        302        640: 82% ━━━━━━━━━╸── 58/70 2.3it/s 25.5s<5.2s
[K      44/75      8.03G     0.9046     0.7263      1.158        344        640: 84% ━━━━━━━━━━── 59/70 2.3it/s 25.9s<4.7s
[K      44/75      8.03G     0.9028     0.7233      1.155        438        640: 85% ━━━━━━━━━━── 60/70 2.3it/s 26.3s<4.4s
[K      44/75      8.03G     0.9025      0.723      1.156        300        640: 87% ━━━━━━━━━━── 61/70 2.3it/s 26.8s<3.9s
[K      44/75      8.03G     0.9025     0.7224      1.155        383        640: 88% ━━━━━━━━━━╸─ 62/70 2.3it/s 27.2s<3.5s
[K      44/75      8.03G     0.9032     0.7233      1.155        350        640: 90% ━━━━━━━━━━╸─ 63/70 2.3it/s 27.6s<3.0s
[K      44/75      8.03G      0.903     0.7245      1.155        366        640: 91% ━━━━━━━━━━╸─ 64/70 2.3it/s 28.1s<2.6s
[K      44/75      8.03G     0.9013     0.7229      1.153        369        640: 92% ━━━━━━━━━━━─ 65/70 2.3it/s 28.5s<2.2s
[K      44/75      8.03G     0.9016     0.7232      1.154        363        640: 94% ━━━━━━━━━━━─ 66/70 2.3it/s 28.9s<1.7s
[K      44/75      8.03G     0.9026     0.7247      1.153        521        640: 95% ━━━━━━━━━━━─ 67/70 2.3it/s 29.4s<1.3s
[K      44/75      8.03G     0.9023      0.724      1.153        443        640: 97% ━━━━━━━━━━━╸ 68/70 2.3it/s 29.8s<0.9s
[K      44/75      8.03G     0.9033      0.725      1.153        452        640: 98% ━━━━━━━━━━━╸ 69/70 2.3it/s 30.3s<0.4s
[K      44/75      8.03G     0.9033      0.725      1.153        452        640: 100% ━━━━━━━━━━━━ 70/70 2.3it/s 30.3s

[K                 Class     Images  Instances      Box(P          R      mAP50  mAP50-95): 20% ━━────────── 1/5 1.5s/it 0.4s<6.0s
[K                 Class     Images  Instances      Box(P          R      mAP50  mAP50-95): 40% ━━━━╸─────── 2/5 1.1it/s 0.9s<2.6s
[K                 Class     Images  Instances      Box(P          R      mAP50  mAP50-95): 60% ━━━━━━━───── 3/5 1.5it/s 1.3s<1.4s
[K                 Class     Images  Instances      Box(P          R      mAP50  mAP50-95): 80% ━━━━━━━━━╸── 4/5 1.7it/s 1.8s<0.6s
[K                 Class     Images  Instances      Box(P          R      mAP50  mAP50-95): 100% ━━━━━━━━━━━━ 5/5 2.3it/s 2.2s
                   all        280       3554      0.908      0.766      0.841      0.585

      Epoch    GPU_mem   box_loss   cls_loss   dfl_loss  Instances       Size

[K      45/75      8.06G      0.786     0.5369      1.031        344        640: 0% ──────────── 0/70  0.4s
[K      45/75      8.06G     0.7929     0.5501      1.045        361        640: 1% ──────────── 1/70 1.4s/it 0.8s<1:36
[K      45/75      8.06G     0.8404     0.6207      1.091        332        640: 2% ──────────── 2/70 1.2it/s 1.3s<57.7s
[K      45/75      8.06G     0.8578      0.648      1.108        351        640: 4% ╸─────────── 3/70 1.5it/s 1.7s<43.6s
[K      45/75      8.06G     0.8829     0.6693      1.123        441        640: 5% ╸─────────── 4/70 1.7it/s 2.2s<38.0s
[K      45/75      8.06G      0.867      0.674      1.125        291        640: 7% ╸─────────── 5/70 1.9it/s 2.6s<33.6s
[K      45/75      8.06G     0.8578     0.6682      1.119        361        640: 8% ━─────────── 6/70 2.0it/s 3.0s<31.5s
[K      45/75      8.06G     0.8783     0.6894      1.133        439        640: 10% ━─────────── 7/70 2.1it/s 3.5s<29.6s
[K      45/75      8.06G     0.8909     0.7053      1.148        416        640: 11% ━─────────── 8/70 2.2it/s 3.9s<28.5s
[K      45/75      8.06G     0.8938     0.7131      1.151        364        640: 12% ━╸────────── 9/70 2.2it/s 4.3s<27.3s
[K      45/75      8.06G     0.8937     0.7019      1.142        558        640: 14% ━╸────────── 10/70 2.2it/s 4.8s<26.7s
[K      45/75      8.06G     0.9005     0.7082      1.142        430        640: 15% ━╸────────── 11/70 2.3it/s 5.2s<25.9s
[K      45/75      8.06G     0.9081     0.7138      1.147        401        640: 17% ━━────────── 12/70 2.2it/s 5.6s<25.8s
[K      45/75      8.06G     0.9085     0.7067      1.145        335        640: 18% ━━────────── 13/70 2.3it/s 6.1s<24.8s
[K      45/75      8.06G     0.9102     0.7063      1.143        466        640: 20% ━━────────── 14/70 2.3it/s 6.5s<24.7s
[K      45/75      8.06G     0.8994      0.694      1.138        295        640: 21% ━━╸───────── 15/70 2.3it/s 6.9s<23.8s
[K      45/75      8.06G     0.8987     0.6924      1.136        469        640: 22% ━━╸───────── 16/70 2.3it/s 7.4s<23.6s
[K      45/75      8.06G     0.8884     0.6833       1.13        288        640: 24% ━━╸───────── 17/70 2.3it/s 7.8s<22.9s
[K      45/75      8.06G      0.884     0.6798      1.129        339        640: 25% ━━━───────── 18/70 2.3it/s 8.2s<22.6s
[K      45/75      8.06G     0.8795     0.6764      1.127        325        640: 27% ━━━───────── 19/70 2.3it/s 8.6s<21.9s
[K      45/75      8.06G     0.8793     0.6751      1.126        401        640: 28% ━━━───────── 20/70 2.3it/s 9.1s<21.6s
[K      45/75      8.06G     0.8781     0.6746      1.126        304        640: 30% ━━━╸──────── 21/70 2.3it/s 9.5s<21.1s
[K      45/75      8.06G     0.8805      0.675      1.128        259        640: 31% ━━━╸──────── 22/70 2.3it/s 10.0s<20.8s
[K      45/75      8.06G     0.8812     0.6774       1.13        282        640: 32% ━━━╸──────── 23/70 2.3it/s 10.4s<20.2s
[K      45/75      8.06G     0.8816     0.6747      1.128        457        640: 34% ━━━━──────── 24/70 2.3it/s 10.8s<20.0s
[K      45/75      8.06G     0.8865     0.6812      1.132        497        640: 35% ━━━━──────── 25/70 2.3it/s 11.3s<19.5s
[K      45/75      8.06G     0.8867     0.6832      1.134        329        640: 37% ━━━━──────── 26/70 2.3it/s 11.7s<19.3s
[K      45/75      8.06G     0.8863      0.682      1.132        461        640: 38% ━━━━╸─────── 27/70 2.3it/s 12.1s<18.7s
[K      45/75      8.06G     0.8844     0.6819      1.133        320        640: 40% ━━━━╸─────── 28/70 2.3it/s 12.6s<18.3s
[K      45/75      8.06G     0.8873     0.6843      1.135        297        640: 41% ━━━━╸─────── 29/70 2.3it/s 13.0s<17.7s
[K      45/75      8.06G     0.8889     0.6875      1.136        394        640: 42% ━━━━━─────── 30/70 2.3it/s 13.4s<17.5s
[K      45/75      8.06G     0.8907     0.6909      1.138        409        640: 44% ━━━━━─────── 31/70 2.3it/s 13.9s<16.9s
[K      45/75      8.06G     0.8916     0.6927      1.139        374        640: 45% ━━━━━─────── 32/70 2.3it/s 14.3s<16.6s
[K      45/75      8.06G     0.8919     0.6948       1.14        394        640: 47% ━━━━━╸────── 33/70 2.3it/s 14.7s<16.0s
[K      45/75      8.06G     0.8938     0.6973      1.141        397        640: 48% ━━━━━╸────── 34/70 2.3it/s 15.2s<15.7s
[K      45/75      8.06G     0.8961     0.6984       1.14        409        640: 50% ━━━━━━────── 35/70 2.3it/s 15.6s<15.3s
[K      45/75      8.06G     0.8983     0.6993      1.142        370        640: 51% ━━━━━━────── 36/70 2.3it/s 16.1s<15.0s
[K      45/75      8.06G     0.8976     0.6959       1.14        449        640: 52% ━━━━━━────── 37/70 2.3it/s 16.5s<14.3s
[K      45/75      8.06G     0.8983     0.6974      1.142        328        640: 54% ━━━━━━╸───── 38/70 2.3it/s 16.9s<14.0s
[K      45/75      8.06G     0.8969     0.6982      1.143        281        640: 55% ━━━━━━╸───── 39/70 2.3it/s 17.4s<13.5s
[K      45/75      8.06G     0.9015     0.7067      1.146        331        640: 57% ━━━━━━╸───── 40/70 2.3it/s 17.8s<13.2s
[K      45/75      8.06G     0.8996     0.7045      1.145        317        640: 58% ━━━━━━━───── 41/70 2.3it/s 18.2s<12.6s
[K      45/75      8.06G     0.8987     0.7046      1.145        288        640: 60% ━━━━━━━───── 42/70 2.3it/s 18.7s<12.3s
[K      45/75      8.06G     0.8983     0.7042      1.146        416        640: 61% ━━━━━━━───── 43/70 2.3it/s 19.1s<11.7s
[K      45/75      8.06G     0.8974     0.7029      1.145        417        640: 62% ━━━━━━━╸──── 44/70 2.3it/s 19.6s<11.4s
[K      45/75      8.06G     0.8976     0.7026      1.145        365        640: 64% ━━━━━━━╸──── 45/70 2.3it/s 20.0s<10.8s
[K      45/75      8.06G     0.8979     0.7039      1.145        402        640: 65% ━━━━━━━╸──── 46/70 2.3it/s 20.4s<10.5s
[K      45/75      8.06G     0.8956     0.7038      1.145        334        640: 67% ━━━━━━━━──── 47/70 2.3it/s 20.8s<9.9s
[K      45/75      8.06G     0.8965     0.7055      1.146        453        640: 68% ━━━━━━━━──── 48/70 2.3it/s 21.3s<9.6s
[K      45/75      8.06G     0.8964     0.7047      1.145        363        640: 70% ━━━━━━━━──── 49/70 2.3it/s 21.7s<9.1s
[K      45/75      8.06G     0.8943     0.7027      1.144        303        640: 71% ━━━━━━━━╸─── 50/70 2.3it/s 22.2s<8.7s
[K      45/75      8.06G     0.8924     0.7007      1.142        425        640: 72% ━━━━━━━━╸─── 51/70 2.3it/s 22.6s<8.2s
[K      45/75      8.06G     0.8912     0.6989      1.141        522        640: 74% ━━━━━━━━╸─── 52/70 2.3it/s 23.0s<7.9s
[K      45/75      8.06G     0.8905     0.6987       1.14        396        640: 75% ━━━━━━━━━─── 53/70 2.3it/s 23.5s<7.4s
[K      45/75      8.06G     0.8895      0.698       1.14        409        640: 77% ━━━━━━━━━─── 54/70 2.3it/s 23.9s<7.0s
[K      45/75      8.06G     0.8886     0.6982       1.14        266        640: 78% ━━━━━━━━━─── 55/70 2.3it/s 24.3s<6.5s
[K      45/75      8.06G     0.8894     0.7018      1.141        373        640: 80% ━━━━━━━━━╸── 56/70 2.3it/s 24.8s<6.1s
[K      45/75      8.06G     0.8878     0.6999       1.14        279        640: 81% ━━━━━━━━━╸── 57/70 2.3it/s 25.2s<5.7s
[K      45/75      8.06G     0.8891     0.6993       1.14        479        640: 82% ━━━━━━━━━╸── 58/70 2.2it/s 25.7s<5.4s
[K      45/75      8.06G     0.8913     0.7031      1.142        414        640: 84% ━━━━━━━━━━── 59/70 2.3it/s 26.1s<4.8s
[K      45/75      8.06G     0.8903     0.7022      1.141        288        640: 85% ━━━━━━━━━━── 60/70 2.3it/s 26.5s<4.4s
[K      45/75      8.06G     0.8897     0.7032      1.141        277        640: 87% ━━━━━━━━━━── 61/70 2.3it/s 27.0s<3.9s
[K      45/75      8.06G     0.8875     0.7024       1.14        239        640: 88% ━━━━━━━━━━╸─ 62/70 2.3it/s 27.4s<3.5s
[K      45/75      8.06G     0.8876     0.7027       1.14        441        640: 90% ━━━━━━━━━━╸─ 63/70 2.3it/s 27.8s<3.1s
[K      45/75      8.06G      0.888     0.7033      1.141        250        640: 91% ━━━━━━━━━━╸─ 64/70 2.3it/s 28.3s<2.6s
[K      45/75      8.06G     0.8859     0.7015       1.14        354        640: 92% ━━━━━━━━━━━─ 65/70 2.3it/s 28.7s<2.2s
[K      45/75      8.06G     0.8861     0.6997      1.139        363        640: 94% ━━━━━━━━━━━─ 66/70 2.3it/s 29.2s<1.8s
[K      45/75      8.06G     0.8835     0.6972      1.138        383        640: 95% ━━━━━━━━━━━─ 67/70 2.3it/s 29.6s<1.3s
[K      45/75      8.06G     0.8823     0.6976      1.138        252        640: 97% ━━━━━━━━━━━╸ 68/70 2.3it/s 30.0s<0.9s
[K      45/75      8.06G     0.8815     0.6973      1.137        394        640: 98% ━━━━━━━━━━━╸ 69/70 2.3it/s 30.4s<0.4s
[K      45/75      8.06G     0.8815     0.6973      1.137        394        640: 100% ━━━━━━━━━━━━ 70/70 2.3it/s 30.4s

[K                 Class     Images  Instances      Box(P          R      mAP50  mAP50-95): 20% ━━────────── 1/5 1.5s/it 0.4s<5.9s
[K                 Class     Images  Instances      Box(P          R      mAP50  mAP50-95): 40% ━━━━╸─────── 2/5 1.1it/s 0.9s<2.6s
[K                 Class     Images  Instances      Box(P          R      mAP50  mAP50-95): 60% ━━━━━━━───── 3/5 1.5it/s 1.3s<1.3s
[K                 Class     Images  Instances      Box(P          R      mAP50  mAP50-95): 80% ━━━━━━━━━╸── 4/5 1.7it/s 1.8s<0.6s
[K                 Class     Images  Instances      Box(P          R      mAP50  mAP50-95): 100% ━━━━━━━━━━━━ 5/5 2.3it/s 2.2s
                   all        280       3554      0.895      0.768      0.838      0.587

      Epoch    GPU_mem   box_loss   cls_loss   dfl_loss  Instances       Size

[K      46/75      8.03G     0.8047     0.6731      1.129        293        640: 0% ──────────── 0/70  0.4s
[K      46/75      8.03G      0.832     0.6481      1.127        344        640: 1% ──────────── 1/70 1.4s/it 0.9s<1:37
[K      46/75      8.03G     0.8544     0.6576      1.146        283        640: 2% ──────────── 2/70 1.2it/s 1.3s<57.3s
[K      46/75      8.03G     0.8775     0.6914      1.162        361        640: 4% ╸─────────── 3/70 1.5it/s 1.7s<43.3s
[K      46/75      8.03G     0.8711     0.6775      1.149        317        640: 5% ╸─────────── 4/70 1.8it/s 2.2s<37.5s
[K      46/75      8.03G     0.8715     0.6807      1.146        391        640: 7% ╸─────────── 5/70 1.9it/s 2.6s<33.4s
[K      46/75      8.03G     0.8622     0.6674       1.14        364        640: 8% ━─────────── 6/70 2.0it/s 3.0s<31.4s
[K      46/75      8.03G     0.8676     0.6779      1.145        312        640: 10% ━─────────── 7/70 2.1it/s 3.4s<29.4s
[K      46/75      8.03G     0.8576     0.6685      1.138        301        640: 11% ━─────────── 8/70 2.2it/s 3.9s<28.6s
[K      46/75      8.03G     0.8517     0.6595      1.132        430        640: 12% ━╸────────── 9/70 2.2it/s 4.3s<27.3s
[K      46/75      8.03G     0.8496     0.6631      1.133        287        640: 14% ━╸────────── 10/70 2.2it/s 4.7s<26.8s
[K      46/75      8.03G     0.8535     0.6699      1.133        358        640: 15% ━╸────────── 11/70 2.3it/s 5.2s<25.9s
[K      46/75      8.03G     0.8523     0.6605      1.126        422        640: 17% ━━────────── 12/70 2.3it/s 5.6s<25.6s
[K      46/75      8.03G     0.8564     0.6645       1.13        307        640: 18% ━━────────── 13/70 2.3it/s 6.0s<24.8s
[K      46/75      8.03G      0.849      0.659      1.123        380        640: 20% ━━────────── 14/70 2.3it/s 6.5s<24.6s
[K      46/75      8.03G     0.8543     0.6615      1.124        378        640: 21% ━━╸───────── 15/70 2.3it/s 6.9s<23.8s
[K      46/75      8.03G     0.8497      0.656      1.121        331        640: 22% ━━╸───────── 16/70 2.3it/s 7.3s<23.6s
[K      46/75      8.03G     0.8585     0.6618      1.124        415        640: 24% ━━╸───────── 17/70 2.3it/s 7.8s<22.9s
[K      46/75      8.03G     0.8563     0.6631      1.124        368        640: 25% ━━━───────── 18/70 2.3it/s 8.2s<22.5s
[K      46/75      8.03G     0.8565     0.6608      1.123        373        640: 27% ━━━───────── 19/70 2.3it/s 8.6s<21.9s
[K      46/75      8.03G     0.8561     0.6628      1.122        331        640: 28% ━━━───────── 20/70 2.3it/s 9.1s<21.6s
[K      46/75      8.03G     0.8643     0.6672      1.124        407        640: 30% ━━━╸──────── 21/70 2.3it/s 9.5s<21.0s
[K      46/75      8.03G     0.8623     0.6678      1.123        363        640: 31% ━━━╸──────── 22/70 2.3it/s 9.9s<20.6s
[K      46/75      8.03G     0.8606     0.6638      1.122        449        640: 32% ━━━╸──────── 23/70 2.3it/s 10.3s<20.1s
[K      46/75      8.03G     0.8648     0.6724      1.124        442        640: 34% ━━━━──────── 24/70 2.3it/s 10.8s<19.9s
[K      46/75      8.03G       0.87     0.6799      1.128        429        640: 35% ━━━━──────── 25/70 2.3it/s 11.2s<19.3s
[K      46/75      8.03G     0.8717     0.6847      1.131        277        640: 37% ━━━━──────── 26/70 2.3it/s 11.7s<19.2s
[K      46/75      8.03G     0.8737     0.6868      1.133        413        640: 38% ━━━━╸─────── 27/70 2.3it/s 12.1s<18.5s
[K      46/75      8.03G     0.8761     0.6883      1.133        484        640: 40% ━━━━╸─────── 28/70 2.3it/s 12.5s<18.1s
[K      46/75      8.03G     0.8772     0.6883      1.134        311        640: 41% ━━━━╸─────── 29/70 2.3it/s 12.9s<17.6s
[K      46/75      8.03G     0.8798     0.6891      1.133        536        640: 42% ━━━━━─────── 30/70 2.3it/s 13.4s<17.3s
[K      46/75      8.03G     0.8798     0.6895      1.133        367        640: 44% ━━━━━─────── 31/70 2.3it/s 13.8s<16.8s
[K      46/75      8.03G       0.88     0.6905      1.132        317        640: 45% ━━━━━─────── 32/70 2.3it/s 14.3s<16.6s
[K      46/75      8.03G     0.8789     0.6908      1.133        305        640: 47% ━━━━━╸────── 33/70 2.3it/s 14.7s<15.9s
[K      46/75      8.03G     0.8779     0.6893      1.134        263        640: 48% ━━━━━╸────── 34/70 2.3it/s 15.1s<15.6s
[K      46/75      8.03G     0.8739     0.6848      1.131        334        640: 50% ━━━━━━────── 35/70 2.3it/s 15.5s<15.0s
[K      46/75      8.03G     0.8752     0.6853      1.132        456        640: 51% ━━━━━━────── 36/70 2.3it/s 16.0s<14.7s
[K      46/75      8.03G     0.8772     0.6867      1.132        500        640: 52% ━━━━━━────── 37/70 2.3it/s 16.4s<14.2s
[K      46/75      8.03G     0.8738     0.6847      1.131        333        640: 54% ━━━━━━╸───── 38/70 2.3it/s 16.8s<13.9s
[K      46/75      8.03G     0.8736     0.6837      1.131        357        640: 55% ━━━━━━╸───── 39/70 2.3it/s 17.3s<13.4s
[K      46/75      8.03G     0.8742     0.6842       1.13        450        640: 57% ━━━━━━╸───── 40/70 2.3it/s 17.7s<13.0s
[K      46/75      8.03G     0.8743      0.686       1.13        396        640: 58% ━━━━━━━───── 41/70 2.3it/s 18.1s<12.5s
[K      46/75      8.03G     0.8727     0.6829      1.129        334        640: 60% ━━━━━━━───── 42/70 2.3it/s 18.6s<12.1s
[K      46/75      8.03G     0.8705     0.6793      1.127        375        640: 61% ━━━━━━━───── 43/70 2.3it/s 19.0s<11.6s
[K      46/75      8.03G     0.8689     0.6777      1.127        319        640: 62% ━━━━━━━╸──── 44/70 2.3it/s 19.4s<11.3s
[K      46/75      8.03G     0.8687     0.6774      1.127        368        640: 64% ━━━━━━━╸──── 45/70 2.3it/s 19.8s<10.7s
[K      46/75      8.03G      0.867     0.6744      1.125        479        640: 65% ━━━━━━━╸──── 46/70 2.3it/s 20.3s<10.4s
[K      46/75      8.03G     0.8679     0.6759      1.125        363        640: 67% ━━━━━━━━──── 47/70 2.3it/s 20.7s<9.9s
[K      46/75      8.03G     0.8687     0.6752      1.124        491        640: 68% ━━━━━━━━──── 48/70 2.3it/s 21.1s<9.5s
[K      46/75      8.03G     0.8657     0.6722      1.123        256        640: 70% ━━━━━━━━──── 49/70 2.3it/s 21.6s<9.0s
[K      46/75      8.03G     0.8658     0.6711      1.123        375        640: 71% ━━━━━━━━╸─── 50/70 2.3it/s 22.0s<8.6s
[K      46/75      8.03G     0.8683     0.6749      1.124        410        640: 72% ━━━━━━━━╸─── 51/70 2.3it/s 22.4s<8.2s
[K      46/75      8.03G      0.867     0.6745      1.123        319        640: 74% ━━━━━━━━╸─── 52/70 2.3it/s 22.9s<7.8s
[K      46/75      8.03G     0.8649     0.6719      1.122        293        640: 75% ━━━━━━━━━─── 53/70 2.3it/s 23.3s<7.3s
[K      46/75      8.03G     0.8677     0.6747      1.123        449        640: 77% ━━━━━━━━━─── 54/70 2.3it/s 23.7s<7.0s
[K      46/75      8.03G     0.8672     0.6738      1.122        363        640: 78% ━━━━━━━━━─── 55/70 2.3it/s 24.2s<6.4s
[K      46/75      8.03G     0.8666     0.6725      1.121        557        640: 80% ━━━━━━━━━╸── 56/70 2.3it/s 24.6s<6.1s
[K      46/75      8.03G     0.8656     0.6709      1.119        421        640: 81% ━━━━━━━━━╸── 57/70 2.3it/s 25.0s<5.6s
[K      46/75      8.03G     0.8653       0.67      1.119        346        640: 82% ━━━━━━━━━╸── 58/70 2.3it/s 25.5s<5.2s
[K      46/75      8.03G     0.8659     0.6706       1.12        481        640: 84% ━━━━━━━━━━── 59/70 2.3it/s 25.9s<4.7s
[K      46/75      8.03G     0.8669     0.6716       1.12        381        640: 85% ━━━━━━━━━━── 60/70 2.3it/s 26.3s<4.3s
[K      46/75      8.03G     0.8697     0.6757      1.122        402        640: 87% ━━━━━━━━━━── 61/70 2.3it/s 26.8s<3.9s
[K      46/75      8.03G      0.869     0.6752      1.121        328        640: 88% ━━━━━━━━━━╸─ 62/70 2.3it/s 27.2s<3.5s
[K      46/75      8.03G     0.8706     0.6772      1.122        462        640: 90% ━━━━━━━━━━╸─ 63/70 2.3it/s 27.6s<3.0s
[K      46/75      8.03G     0.8707     0.6754      1.121        538        640: 91% ━━━━━━━━━━╸─ 64/70 2.3it/s 28.1s<2.6s
[K      46/75      8.03G     0.8701     0.6743       1.12        495        640: 92% ━━━━━━━━━━━─ 65/70 2.3it/s 28.5s<2.1s
[K      46/75      8.03G     0.8721     0.6775      1.122        319        640: 94% ━━━━━━━━━━━─ 66/70 2.3it/s 28.9s<1.7s
[K      46/75      8.03G     0.8724      0.678      1.122        376        640: 95% ━━━━━━━━━━━─ 67/70 2.3it/s 29.3s<1.3s
[K      46/75      8.03G     0.8728     0.6787      1.122        392        640: 97% ━━━━━━━━━━━╸ 68/70 2.3it/s 29.8s<0.9s
[K      46/75      8.03G     0.8725     0.6781      1.122        404        640: 98% ━━━━━━━━━━━╸ 69/70 2.3it/s 30.2s<0.4s
[K      46/75      8.03G     0.8725     0.6781      1.122        404        640: 100% ━━━━━━━━━━━━ 70/70 2.3it/s 30.2s

[K                 Class     Images  Instances      Box(P          R      mAP50  mAP50-95): 20% ━━────────── 1/5 1.5s/it 0.4s<5.9s
[K                 Class     Images  Instances      Box(P          R      mAP50  mAP50-95): 40% ━━━━╸─────── 2/5 1.2it/s 0.9s<2.6s
[K                 Class     Images  Instances      Box(P          R      mAP50  mAP50-95): 60% ━━━━━━━───── 3/5 1.5it/s 1.3s<1.3s
[K                 Class     Images  Instances      Box(P          R      mAP50  mAP50-95): 80% ━━━━━━━━━╸── 4/5 1.7it/s 1.8s<0.6s
[K                 Class     Images  Instances      Box(P          R      mAP50  mAP50-95): 100% ━━━━━━━━━━━━ 5/5 2.3it/s 2.2s
                   all        280       3554      0.916      0.765      0.841      0.593

      Epoch    GPU_mem   box_loss   cls_loss   dfl_loss  Instances       Size

[K      47/75      8.06G     0.8027     0.5925      1.129        296        640: 0% ──────────── 0/70  0.4s
[K      47/75      8.06G      0.862     0.6316      1.139        395        640: 1% ──────────── 1/70 1.4s/it 0.8s<1:35
[K      47/75      8.06G     0.8637     0.6545      1.147        254        640: 2% ──────────── 2/70 1.2it/s 1.3s<57.1s
[K      47/75      8.06G     0.8778     0.6987      1.147        406        640: 4% ╸─────────── 3/70 1.6it/s 1.7s<43.0s
[K      47/75      8.06G     0.8654     0.6678      1.124        486        640: 5% ╸─────────── 4/70 1.8it/s 2.1s<37.4s
[K      47/75      8.06G      0.868     0.6853      1.134        396        640: 7% ╸─────────── 5/70 1.9it/s 2.6s<33.3s
[K      47/75      8.06G     0.8663     0.6784      1.129        317        640: 8% ━─────────── 6/70 2.0it/s 3.0s<31.3s
[K      47/75      8.06G     0.8608     0.6765      1.138        246        640: 10% ━─────────── 7/70 2.2it/s 3.4s<29.2s
[K      47/75      8.06G     0.8812     0.7009      1.145        481        640: 11% ━─────────── 8/70 2.2it/s 3.9s<28.3s
[K      47/75      8.06G     0.8708     0.6828      1.132        426        640: 12% ━╸────────── 9/70 2.3it/s 4.3s<27.1s
[K      47/75      8.06G     0.8767        0.7      1.143        267        640: 14% ━╸────────── 10/70 2.3it/s 4.7s<26.5s
[K      47/75      8.06G     0.8637     0.6844      1.134        363        640: 15% ━╸────────── 11/70 2.3it/s 5.1s<25.7s
[K      47/75      8.06G     0.8573     0.6845      1.132        305        640: 17% ━━────────── 12/70 2.3it/s 5.6s<25.3s
[K      47/75      8.06G     0.8571      0.679      1.131        389        640: 18% ━━────────── 13/70 2.3it/s 6.0s<24.6s
[K      47/75      8.06G     0.8566     0.6705      1.123        476        640: 20% ━━────────── 14/70 2.3it/s 6.4s<24.3s
[K      47/75      8.06G     0.8587     0.6743      1.123        423        640: 21% ━━╸───────── 15/70 2.3it/s 6.8s<23.5s
[K      47/75      8.06G     0.8633     0.6823      1.127        336        640: 22% ━━╸───────── 16/70 2.3it/s 7.3s<23.2s
[K      47/75      8.06G     0.8641     0.6837      1.127        472        640: 24% ━━╸───────── 17/70 2.3it/s 7.7s<22.8s
[K      47/75      8.06G     0.8656     0.6888      1.129        331        640: 25% ━━━───────── 18/70 2.3it/s 8.2s<22.5s
[K      47/75      8.06G     0.8666     0.6925       1.13        295        640: 27% ━━━───────── 19/70 2.3it/s 8.6s<21.8s
[K      47/75      8.06G     0.8666     0.6909      1.127        366        640: 28% ━━━───────── 20/70 2.3it/s 9.0s<21.6s
[K      47/75      8.06G     0.8684     0.6958      1.129        380        640: 30% ━━━╸──────── 21/70 2.3it/s 9.4s<21.0s
[K      47/75      8.06G     0.8718     0.7037      1.134        312        640: 31% ━━━╸──────── 22/70 2.3it/s 9.9s<20.8s
[K      47/75      8.06G     0.8716     0.7006      1.132        426        640: 32% ━━━╸──────── 23/70 2.3it/s 10.3s<20.3s
[K      47/75      8.06G     0.8698     0.6975      1.131        277        640: 34% ━━━━──────── 24/70 2.3it/s 10.7s<20.0s
[K      47/75      8.06G     0.8652     0.6913      1.129        358        640: 35% ━━━━──────── 25/70 2.3it/s 11.2s<19.3s
[K      47/75      8.06G     0.8684       0.69      1.127        439        640: 37% ━━━━──────── 26/70 2.3it/s 11.6s<19.0s
[K      47/75      8.06G     0.8694     0.6947      1.129        403        640: 38% ━━━━╸─────── 27/70 2.3it/s 12.0s<18.5s
[K      47/75      8.06G     0.8712     0.6941       1.13        368        640: 40% ━━━━╸─────── 28/70 2.3it/s 12.5s<18.2s
[K      47/75      8.06G     0.8737     0.6952       1.13        446        640: 41% ━━━━╸─────── 29/70 2.3it/s 12.9s<17.5s
[K      47/75      8.06G     0.8785     0.6975      1.133        373        640: 42% ━━━━━─────── 30/70 2.3it/s 13.3s<17.3s
[K      47/75      8.06G     0.8772     0.6969      1.134        323        640: 44% ━━━━━─────── 31/70 2.3it/s 13.8s<16.8s
[K      47/75      8.06G     0.8778     0.6999      1.136        289        640: 45% ━━━━━─────── 32/70 2.3it/s 14.2s<16.5s
[K      47/75      8.06G      0.886     0.7076      1.141        486        640: 47% ━━━━━╸────── 33/70 2.3it/s 14.6s<16.0s
[K      47/75      8.06G     0.8854     0.7072      1.141        335        640: 48% ━━━━━╸────── 34/70 2.3it/s 15.1s<15.7s
[K      47/75      8.06G     0.8842      0.705      1.139        308        640: 50% ━━━━━━────── 35/70 2.3it/s 15.5s<15.0s
[K      47/75      8.06G     0.8833      0.705       1.14        363        640: 51% ━━━━━━────── 36/70 2.3it/s 15.9s<14.7s
[K      47/75      8.06G      0.882     0.7025      1.139        383        640: 52% ━━━━━━────── 37/70 2.3it/s 16.3s<14.2s
[K      47/75      8.06G     0.8845     0.7047      1.139        376        640: 54% ━━━━━━╸───── 38/70 2.3it/s 16.8s<13.9s
[K      47/75      8.06G     0.8808     0.7014      1.138        352        640: 55% ━━━━━━╸───── 39/70 2.3it/s 17.2s<13.3s
[K      47/75      8.06G     0.8828     0.6998       1.14        310        640: 57% ━━━━━━╸───── 40/70 2.3it/s 17.6s<12.9s
[K      47/75      8.06G     0.8842        0.7       1.14        478        640: 58% ━━━━━━━───── 41/70 2.3it/s 18.1s<12.6s
[K      47/75      8.06G     0.8833     0.7018      1.139        308        640: 60% ━━━━━━━───── 42/70 2.3it/s 18.5s<12.3s
[K      47/75      8.06G     0.8844        0.7      1.138        364        640: 61% ━━━━━━━───── 43/70 2.3it/s 19.0s<11.7s
[K      47/75      8.06G     0.8845     0.7009      1.139        305        640: 62% ━━━━━━━╸──── 44/70 2.3it/s 19.4s<11.3s
[K      47/75      8.06G     0.8857     0.7016       1.14        391        640: 64% ━━━━━━━╸──── 45/70 2.3it/s 19.8s<10.8s
[K      47/75      8.06G     0.8829     0.6997      1.139        354        640: 65% ━━━━━━━╸──── 46/70 2.3it/s 20.3s<10.4s
[K      47/75      8.06G     0.8829     0.6991      1.138        371        640: 67% ━━━━━━━━──── 47/70 2.3it/s 20.7s<9.8s
[K      47/75      8.06G     0.8818     0.6979      1.138        315        640: 68% ━━━━━━━━──── 48/70 2.3it/s 21.1s<9.5s
[K      47/75      8.06G     0.8801     0.6967      1.137        328        640: 70% ━━━━━━━━──── 49/70 2.3it/s 21.5s<8.9s
[K      47/75      8.06G      0.879     0.6952      1.136        370        640: 71% ━━━━━━━━╸─── 50/70 2.3it/s 22.0s<8.6s
[K      47/75      8.06G     0.8832     0.7026       1.14        405        640: 72% ━━━━━━━━╸─── 51/70 2.3it/s 22.4s<8.1s
[K      47/75      8.06G     0.8822     0.7016      1.139        271        640: 74% ━━━━━━━━╸─── 52/70 2.3it/s 22.8s<7.8s
[K      47/75      8.06G     0.8819     0.6999      1.139        418        640: 75% ━━━━━━━━━─── 53/70 2.3it/s 23.2s<7.3s
[K      47/75      8.06G     0.8804     0.6983      1.137        359        640: 77% ━━━━━━━━━─── 54/70 2.3it/s 23.7s<6.9s
[K      47/75      8.06G     0.8803     0.6992      1.138        319        640: 78% ━━━━━━━━━─── 55/70 2.3it/s 24.1s<6.4s
[K      47/75      8.06G     0.8801     0.6984      1.138        355        640: 80% ━━━━━━━━━╸── 56/70 2.3it/s 24.6s<6.1s
[K      47/75      8.06G     0.8784     0.6981      1.138        327        640: 81% ━━━━━━━━━╸── 57/70 2.3it/s 25.0s<5.6s
[K      47/75      8.06G     0.8776     0.6964      1.138        312        640: 82% ━━━━━━━━━╸── 58/70 2.3it/s 25.4s<5.2s
[K      47/75      8.06G     0.8771     0.6954      1.137        270        640: 84% ━━━━━━━━━━── 59/70 2.3it/s 25.8s<4.7s
[K      47/75      8.06G     0.8743     0.6935      1.136        276        640: 85% ━━━━━━━━━━── 60/70 2.3it/s 26.3s<4.3s
[K      47/75      8.06G     0.8738     0.6935      1.135        299        640: 87% ━━━━━━━━━━── 61/70 2.3it/s 26.7s<3.9s
[K      47/75      8.06G     0.8735     0.6935      1.136        287        640: 88% ━━━━━━━━━━╸─ 62/70 2.3it/s 27.1s<3.5s
[K      47/75      8.06G     0.8744     0.6945      1.137        336        640: 90% ━━━━━━━━━━╸─ 63/70 2.3it/s 27.6s<3.0s
[K      47/75      8.06G     0.8746     0.6953      1.137        320        640: 91% ━━━━━━━━━━╸─ 64/70 2.3it/s 28.0s<2.6s
[K      47/75      8.06G     0.8748     0.6959      1.138        398        640: 92% ━━━━━━━━━━━─ 65/70 2.3it/s 28.4s<2.2s
[K      47/75      8.06G     0.8751     0.6972      1.138        429        640: 94% ━━━━━━━━━━━─ 66/70 2.3it/s 28.9s<1.7s
[K      47/75      8.06G     0.8739     0.6954      1.137        350        640: 95% ━━━━━━━━━━━─ 67/70 2.3it/s 29.3s<1.3s
[K      47/75      8.06G     0.8752     0.6967      1.137        527        640: 97% ━━━━━━━━━━━╸ 68/70 2.3it/s 29.8s<0.9s
[K      47/75      8.06G     0.8747     0.6969      1.137        332        640: 98% ━━━━━━━━━━━╸ 69/70 2.3it/s 30.2s<0.4s
[K      47/75      8.06G     0.8747     0.6969      1.137        332        640: 100% ━━━━━━━━━━━━ 70/70 2.3it/s 30.2s

[K                 Class     Images  Instances      Box(P          R      mAP50  mAP50-95): 20% ━━────────── 1/5 1.5s/it 0.5s<6.0s
[K                 Class     Images  Instances      Box(P          R      mAP50  mAP50-95): 40% ━━━━╸─────── 2/5 1.1it/s 0.9s<2.6s
[K                 Class     Images  Instances      Box(P          R      mAP50  mAP50-95): 60% ━━━━━━━───── 3/5 1.5it/s 1.3s<1.4s
[K                 Class     Images  Instances      Box(P          R      mAP50  mAP50-95): 80% ━━━━━━━━━╸── 4/5 1.7it/s 1.8s<0.6s
[K                 Class     Images  Instances      Box(P          R      mAP50  mAP50-95): 100% ━━━━━━━━━━━━ 5/5 2.3it/s 2.2s
                   all        280       3554      0.928      0.764      0.845      0.598

      Epoch    GPU_mem   box_loss   cls_loss   dfl_loss  Instances       Size

[K      48/75      8.08G     0.8457     0.7094      1.155        338        640: 0% ──────────── 0/70  0.4s
[K      48/75      8.08G     0.8619     0.7206      1.176        243        640: 1% ──────────── 1/70 1.4s/it 0.9s<1:36
[K      48/75      8.08G     0.8529     0.7053       1.16        337        640: 2% ──────────── 2/70 1.2it/s 1.3s<57.8s
[K      48/75      8.08G     0.8549      0.695      1.155        357        640: 4% ╸─────────── 3/70 1.5it/s 1.7s<43.8s
[K      48/75      8.08G     0.8736     0.7089      1.152        434        640: 5% ╸─────────── 4/70 1.7it/s 2.2s<37.7s
[K      48/75      8.08G     0.8558     0.6927      1.144        353        640: 7% ╸─────────── 5/70 1.9it/s 2.6s<33.5s
[K      48/75      8.08G      0.861     0.6985      1.153        324        640: 8% ━─────────── 6/70 2.0it/s 3.0s<31.4s
[K      48/75      8.08G     0.8638     0.6913      1.146        368        640: 10% ━─────────── 7/70 2.1it/s 3.4s<29.4s
[K      48/75      8.08G     0.8563     0.6804      1.137        387        640: 11% ━─────────── 8/70 2.2it/s 3.9s<28.6s
[K      48/75      8.08G     0.8587     0.6726      1.131        407        640: 12% ━╸────────── 9/70 2.2it/s 4.3s<27.3s
[K      48/75      8.08G     0.8606     0.6792      1.135        372        640: 14% ━╸────────── 10/70 2.3it/s 4.7s<26.6s
[K      48/75      8.08G     0.8624     0.6781      1.136        333        640: 15% ━╸────────── 11/70 2.3it/s 5.2s<25.9s
[K      48/75      8.08G     0.8637     0.6726      1.133        365        640: 17% ━━────────── 12/70 2.3it/s 5.6s<25.6s
[K      48/75      8.08G     0.8695     0.6836      1.145        301        640: 18% ━━────────── 13/70 2.3it/s 6.0s<24.8s
[K      48/75      8.08G     0.8675     0.6784      1.142        418        640: 20% ━━────────── 14/70 2.3it/s 6.5s<24.5s
[K      48/75      8.08G     0.8707      0.685      1.145        382        640: 21% ━━╸───────── 15/70 2.3it/s 6.9s<23.8s
[K      48/75      8.08G     0.8747     0.6826      1.143        549        640: 22% ━━╸───────── 16/70 2.3it/s 7.4s<23.7s
[K      48/75      8.08G     0.8747     0.6799       1.14        259        640: 24% ━━╸───────── 17/70 2.3it/s 7.8s<22.9s
[K      48/75      8.08G     0.8786     0.6864      1.142        290        640: 25% ━━━───────── 18/70 2.3it/s 8.2s<22.7s
[K      48/75      8.08G     0.8743     0.6825      1.139        365        640: 27% ━━━───────── 19/70 2.3it/s 8.6s<22.1s
[K      48/75      8.08G     0.8729     0.6798      1.139        292        640: 28% ━━━───────── 20/70 2.3it/s 9.1s<21.8s
[K      48/75      8.08G     0.8717     0.6767      1.138        333        640: 30% ━━━╸──────── 21/70 2.3it/s 9.5s<21.2s
[K      48/75      8.08G     0.8667     0.6734      1.137        216        640: 31% ━━━╸──────── 22/70 2.3it/s 10.0s<20.9s
[K      48/75      8.08G     0.8724     0.6834      1.141        381        640: 32% ━━━╸──────── 23/70 2.3it/s 10.4s<20.3s
[K      48/75      8.08G     0.8779     0.6844      1.141        530        640: 34% ━━━━──────── 24/70 2.3it/s 10.8s<20.1s
[K      48/75      8.08G     0.8765     0.6848       1.14        449        640: 35% ━━━━──────── 25/70 2.3it/s 11.3s<19.6s
[K      48/75      8.08G     0.8764     0.6849      1.141        288        640: 37% ━━━━──────── 26/70 2.3it/s 11.7s<19.2s
[K      48/75      8.08G     0.8747     0.6808      1.142        171        640: 38% ━━━━╸─────── 27/70 2.3it/s 12.1s<18.5s
[K      48/75      8.08G     0.8762     0.6817      1.142        443        640: 40% ━━━━╸─────── 28/70 2.3it/s 12.6s<18.3s
[K      48/75      8.08G     0.8799     0.6851      1.144        525        640: 41% ━━━━╸─────── 29/70 2.3it/s 13.0s<17.6s
[K      48/75      8.08G      0.881     0.6877      1.145        312        640: 42% ━━━━━─────── 30/70 2.3it/s 13.4s<17.4s
[K      48/75      8.08G     0.8815     0.6871      1.144        445        640: 44% ━━━━━─────── 31/70 2.3it/s 13.9s<16.8s
[K      48/75      8.08G     0.8794     0.6849      1.143        345        640: 45% ━━━━━─────── 32/70 2.3it/s 14.3s<16.5s
[K      48/75      8.08G     0.8767     0.6846      1.143        314        640: 47% ━━━━━╸────── 33/70 2.3it/s 14.7s<16.0s
[K      48/75      8.08G     0.8736     0.6803       1.14        393        640: 48% ━━━━━╸────── 34/70 2.3it/s 15.2s<15.7s
[K      48/75      8.08G     0.8738     0.6818      1.141        385        640: 50% ━━━━━━────── 35/70 2.3it/s 15.6s<15.2s
[K      48/75      8.08G     0.8755     0.6832      1.142        290        640: 51% ━━━━━━────── 36/70 2.3it/s 16.0s<14.9s
[K      48/75      8.08G     0.8778     0.6835      1.142        391        640: 52% ━━━━━━────── 37/70 2.3it/s 16.5s<14.4s
[K      48/75      8.08G     0.8778      0.684      1.141        410        640: 54% ━━━━━━╸───── 38/70 2.3it/s 16.9s<14.1s
[K      48/75      8.08G     0.8795     0.6843      1.141        310        640: 55% ━━━━━━╸───── 39/70 2.3it/s 17.3s<13.4s
[K      48/75      8.08G     0.8785     0.6815       1.14        336        640: 57% ━━━━━━╸───── 40/70 2.3it/s 17.8s<13.0s
[K      48/75      8.08G     0.8756     0.6783      1.137        331        640: 58% ━━━━━━━───── 41/70 2.3it/s 18.2s<12.6s
[K      48/75      8.08G     0.8733     0.6754      1.136        294        640: 60% ━━━━━━━───── 42/70 2.3it/s 18.7s<12.2s
[K      48/75      8.08G     0.8741     0.6777      1.136        323        640: 61% ━━━━━━━───── 43/70 2.3it/s 19.1s<11.7s
[K      48/75      8.08G     0.8762     0.6809      1.138        398        640: 62% ━━━━━━━╸──── 44/70 2.3it/s 19.5s<11.4s
[K      48/75      8.08G     0.8767     0.6821      1.137        327        640: 64% ━━━━━━━╸──── 45/70 2.3it/s 19.9s<10.8s
[K      48/75      8.08G      0.876     0.6793      1.136        403        640: 65% ━━━━━━━╸──── 46/70 2.3it/s 20.4s<10.5s
[K      48/75      8.08G     0.8786     0.6822      1.137        456        640: 67% ━━━━━━━━──── 47/70 2.3it/s 20.8s<10.0s
[K      48/75      8.08G     0.8766     0.6821      1.137        302        640: 68% ━━━━━━━━──── 48/70 2.3it/s 21.3s<9.6s
[K      48/75      8.08G      0.875     0.6798      1.135        352        640: 70% ━━━━━━━━──── 49/70 2.3it/s 21.7s<9.0s
[K      48/75      8.08G     0.8737     0.6784      1.134        325        640: 71% ━━━━━━━━╸─── 50/70 2.3it/s 22.1s<8.7s
[K      48/75      8.08G     0.8727      0.677      1.134        361        640: 72% ━━━━━━━━╸─── 51/70 2.3it/s 22.5s<8.2s
[K      48/75      8.08G     0.8718     0.6783      1.134        285        640: 74% ━━━━━━━━╸─── 52/70 2.3it/s 23.0s<7.8s
[K      48/75      8.08G     0.8722     0.6784      1.133        379        640: 75% ━━━━━━━━━─── 53/70 2.3it/s 23.4s<7.3s
[K      48/75      8.08G      0.871     0.6767      1.133        325        640: 77% ━━━━━━━━━─── 54/70 2.3it/s 23.9s<6.9s
[K      48/75      8.08G     0.8718     0.6766      1.134        393        640: 78% ━━━━━━━━━─── 55/70 2.3it/s 24.3s<6.5s
[K      48/75      8.08G     0.8717     0.6773      1.134        387        640: 80% ━━━━━━━━━╸── 56/70 2.3it/s 24.7s<6.1s
[K      48/75      8.08G     0.8701     0.6765      1.133        236        640: 81% ━━━━━━━━━╸── 57/70 2.3it/s 25.1s<5.6s
[K      48/75      8.08G     0.8695     0.6768      1.133        376        640: 82% ━━━━━━━━━╸── 58/70 2.3it/s 25.6s<5.2s
[K      48/75      8.08G     0.8683     0.6755      1.133        368        640: 84% ━━━━━━━━━━── 59/70 2.3it/s 26.0s<4.7s
[K      48/75      8.08G     0.8695     0.6774      1.133        350        640: 85% ━━━━━━━━━━── 60/70 2.3it/s 26.5s<4.4s
[K      48/75      8.08G     0.8685      0.676      1.132        330        640: 87% ━━━━━━━━━━── 61/70 2.3it/s 26.9s<3.9s
[K      48/75      8.08G     0.8684     0.6755      1.132        486        640: 88% ━━━━━━━━━━╸─ 62/70 2.3it/s 27.3s<3.5s
[K      48/75      8.08G     0.8662     0.6729       1.13        335        640: 90% ━━━━━━━━━━╸─ 63/70 2.3it/s 27.7s<3.0s
[K      48/75      8.08G     0.8663     0.6737       1.13        391        640: 91% ━━━━━━━━━━╸─ 64/70 2.3it/s 28.2s<2.6s
[K      48/75      8.08G     0.8661     0.6722      1.129        445        640: 92% ━━━━━━━━━━━─ 65/70 2.3it/s 28.6s<2.2s
[K      48/75      8.08G     0.8649     0.6706      1.128        351        640: 94% ━━━━━━━━━━━─ 66/70 2.3it/s 29.1s<1.7s
[K      48/75      8.08G     0.8655     0.6714      1.128        472        640: 95% ━━━━━━━━━━━─ 67/70 2.3it/s 29.5s<1.3s
[K      48/75      8.08G     0.8649     0.6702      1.127        398        640: 97% ━━━━━━━━━━━╸ 68/70 2.3it/s 29.9s<0.9s
[K      48/75      8.08G     0.8667     0.6717      1.127        460        640: 98% ━━━━━━━━━━━╸ 69/70 2.3it/s 30.3s<0.4s
[K      48/75      8.08G     0.8667     0.6717      1.127        460        640: 100% ━━━━━━━━━━━━ 70/70 2.3it/s 30.3s

[K                 Class     Images  Instances      Box(P          R      mAP50  mAP50-95): 20% ━━────────── 1/5 1.5s/it 0.4s<5.9s
[K                 Class     Images  Instances      Box(P          R      mAP50  mAP50-95): 40% ━━━━╸─────── 2/5 1.2it/s 0.9s<2.6s
[K                 Class     Images  Instances      Box(P          R      mAP50  mAP50-95): 60% ━━━━━━━───── 3/5 1.5it/s 1.3s<1.3s
[K                 Class     Images  Instances      Box(P          R      mAP50  mAP50-95): 80% ━━━━━━━━━╸── 4/5 1.7it/s 1.8s<0.6s
[K                 Class     Images  Instances      Box(P          R      mAP50  mAP50-95): 100% ━━━━━━━━━━━━ 5/5 2.3it/s 2.2s
                   all        280       3554      0.913      0.773      0.846        0.6

      Epoch    GPU_mem   box_loss   cls_loss   dfl_loss  Instances       Size

[K      49/75      8.03G     0.9547     0.7823       1.19        423        640: 0% ──────────── 0/70  0.4s
[K      49/75      8.03G       0.92     0.7641      1.157        419        640: 1% ──────────── 1/70 1.4s/it 0.9s<1:37
[K      49/75      8.03G     0.8794     0.7252       1.16        228        640: 2% ──────────── 2/70 1.2it/s 1.3s<58.0s
[K      49/75      8.03G      0.879     0.7121      1.152        300        640: 4% ╸─────────── 3/70 1.5it/s 1.7s<43.8s
[K      49/75      8.03G     0.8709      0.706      1.148        372        640: 5% ╸─────────── 4/70 1.8it/s 2.2s<37.4s
[K      49/75      8.03G     0.8571      0.699      1.142        351        640: 7% ╸─────────── 5/70 2.0it/s 2.6s<33.2s
[K      49/75      8.03G     0.8519     0.6881      1.134        356        640: 8% ━─────────── 6/70 2.1it/s 3.0s<31.1s
[K      49/75      8.03G     0.8618     0.6823      1.132        406        640: 10% ━─────────── 7/70 2.1it/s 3.4s<29.4s
[K      49/75      8.03G     0.8706     0.6881      1.136        334        640: 11% ━─────────── 8/70 2.2it/s 3.9s<28.5s
[K      49/75      8.03G     0.8655     0.6833      1.133        295        640: 12% ━╸────────── 9/70 2.2it/s 4.3s<27.3s
[K      49/75      8.03G     0.8637     0.6741      1.129        400        640: 14% ━╸────────── 10/70 2.3it/s 4.7s<26.6s
[K      49/75      8.03G     0.8587      0.662      1.125        368        640: 15% ━╸────────── 11/70 2.3it/s 5.1s<25.7s
[K      49/75      8.03G      0.859     0.6651      1.125        361        640: 17% ━━────────── 12/70 2.3it/s 5.6s<25.4s
[K      49/75      8.03G      0.866     0.6774      1.129        354        640: 18% ━━────────── 13/70 2.3it/s 6.0s<24.7s
[K      49/75      8.03G     0.8632     0.6841      1.132        289        640: 20% ━━────────── 14/70 2.3it/s 6.5s<24.4s
[K      49/75      8.03G     0.8641     0.6832       1.13        371        640: 21% ━━╸───────── 15/70 2.3it/s 6.9s<23.7s
[K      49/75      8.03G     0.8692     0.6876      1.132        379        640: 22% ━━╸───────── 16/70 2.3it/s 7.3s<23.4s
[K      49/75      8.03G     0.8676     0.6856      1.131        399        640: 24% ━━╸───────── 17/70 2.3it/s 7.7s<22.7s
[K      49/75      8.03G     0.8698     0.6882      1.132        463        640: 25% ━━━───────── 18/70 2.3it/s 8.2s<22.5s
[K      49/75      8.03G     0.8734     0.6944      1.135        431        640: 27% ━━━───────── 19/70 2.3it/s 8.6s<21.9s
[K      49/75      8.03G     0.8801     0.7026      1.139        370        640: 28% ━━━───────── 20/70 2.3it/s 9.0s<21.6s
[K      49/75      8.03G     0.8763     0.7025      1.138        303        640: 30% ━━━╸──────── 21/70 2.3it/s 9.5s<21.0s
[K      49/75      8.03G     0.8715     0.6958      1.134        333        640: 31% ━━━╸──────── 22/70 2.3it/s 9.9s<20.8s
[K      49/75      8.03G     0.8681     0.6912      1.133        331        640: 32% ━━━╸──────── 23/70 2.3it/s 10.3s<20.1s
[K      49/75      8.03G      0.872     0.6954      1.134        408        640: 34% ━━━━──────── 24/70 2.3it/s 10.8s<19.9s
[K      49/75      8.03G     0.8701     0.6948      1.133        299        640: 35% ━━━━──────── 25/70 2.3it/s 11.2s<19.3s
[K      49/75      8.03G     0.8726     0.7009      1.136        390        640: 37% ━━━━──────── 26/70 2.3it/s 11.6s<19.1s
[K      49/75      8.03G     0.8723     0.7019      1.136        289        640: 38% ━━━━╸─────── 27/70 2.3it/s 12.0s<18.5s
[K      49/75      8.03G     0.8727     0.6989      1.134        435        640: 40% ━━━━╸─────── 28/70 2.3it/s 12.5s<18.3s
[K      49/75      8.03G     0.8701     0.6934      1.132        339        640: 41% ━━━━╸─────── 29/70 2.3it/s 12.9s<17.7s
[K      49/75      8.03G     0.8678     0.6909       1.13        323        640: 42% ━━━━━─────── 30/70 2.3it/s 13.4s<17.4s
[K      49/75      8.03G     0.8689     0.6927       1.13        405        640: 44% ━━━━━─────── 31/70 2.3it/s 13.8s<16.8s
[K      49/75      8.03G     0.8666     0.6883      1.126        401        640: 45% ━━━━━─────── 32/70 2.3it/s 14.2s<16.5s
[K      49/75      8.03G     0.8661     0.6885      1.125        394        640: 47% ━━━━━╸────── 33/70 2.3it/s 14.6s<15.9s
[K      49/75      8.03G     0.8643     0.6874      1.125        245        640: 48% ━━━━━╸────── 34/70 2.3it/s 15.1s<15.6s
[K      49/75      8.03G     0.8627     0.6857      1.124        392        640: 50% ━━━━━━────── 35/70 2.3it/s 15.5s<15.0s
[K      49/75      8.03G     0.8608     0.6846      1.125        262        640: 51% ━━━━━━────── 36/70 2.3it/s 16.0s<14.8s
[K      49/75      8.03G     0.8637     0.6865      1.128        332        640: 52% ━━━━━━────── 37/70 2.3it/s 16.4s<14.2s
[K      49/75      8.03G     0.8627     0.6836      1.126        345        640: 54% ━━━━━━╸───── 38/70 2.3it/s 16.8s<13.9s
[K      49/75      8.03G     0.8627     0.6828      1.127        360        640: 55% ━━━━━━╸───── 39/70 2.3it/s 17.2s<13.3s
[K      49/75      8.03G     0.8624     0.6808      1.127        318        640: 57% ━━━━━━╸───── 40/70 2.3it/s 17.7s<13.0s
[K      49/75      8.03G     0.8638     0.6823      1.127        430        640: 58% ━━━━━━━───── 41/70 2.3it/s 18.1s<12.4s
[K      49/75      8.03G     0.8646     0.6821      1.128        433        640: 60% ━━━━━━━───── 42/70 2.3it/s 18.5s<12.1s
[K      49/75      8.03G     0.8658     0.6849      1.129        429        640: 61% ━━━━━━━───── 43/70 2.3it/s 19.0s<11.6s
[K      49/75      8.03G     0.8649     0.6832      1.128        331        640: 62% ━━━━━━━╸──── 44/70 2.3it/s 19.4s<11.3s
[K      49/75      8.03G     0.8632     0.6817      1.127        385        640: 64% ━━━━━━━╸──── 45/70 2.3it/s 19.8s<10.8s
[K      49/75      8.03G     0.8618     0.6815      1.128        295        640: 65% ━━━━━━━╸──── 46/70 2.3it/s 20.3s<10.4s
[K      49/75      8.03G     0.8638      0.682      1.128        412        640: 67% ━━━━━━━━──── 47/70 2.3it/s 20.7s<9.8s
[K      49/75      8.03G     0.8653     0.6826      1.128        458        640: 68% ━━━━━━━━──── 48/70 2.3it/s 21.1s<9.5s
[K      49/75      8.03G     0.8642     0.6818      1.128        418        640: 70% ━━━━━━━━──── 49/70 2.3it/s 21.5s<9.0s
[K      49/75      8.03G     0.8633     0.6788      1.126        348        640: 71% ━━━━━━━━╸─── 50/70 2.3it/s 22.0s<8.7s
[K      49/75      8.03G     0.8637      0.679      1.127        283        640: 72% ━━━━━━━━╸─── 51/70 2.3it/s 22.4s<8.1s
[K      49/75      8.03G     0.8627     0.6801      1.128        334        640: 74% ━━━━━━━━╸─── 52/70 2.3it/s 22.9s<7.8s
[K      49/75      8.03G     0.8628     0.6788      1.127        413        640: 75% ━━━━━━━━━─── 53/70 2.3it/s 23.3s<7.3s
[K      49/75      8.03G      0.861      0.677      1.126        290        640: 77% ━━━━━━━━━─── 54/70 2.3it/s 23.7s<6.9s
[K      49/75      8.03G     0.8609     0.6774      1.126        300        640: 78% ━━━━━━━━━─── 55/70 2.3it/s 24.1s<6.4s
[K      49/75      8.03G     0.8602     0.6765      1.126        321        640: 80% ━━━━━━━━━╸── 56/70 2.3it/s 24.6s<6.0s
[K      49/75      8.03G     0.8601     0.6753      1.125        457        640: 81% ━━━━━━━━━╸── 57/70 2.3it/s 25.0s<5.6s
[K      49/75      8.03G       0.86     0.6743      1.124        471        640: 82% ━━━━━━━━━╸── 58/70 2.3it/s 25.4s<5.2s
[K      49/75      8.03G     0.8583      0.674      1.124        241        640: 84% ━━━━━━━━━━── 59/70 2.3it/s 25.9s<4.7s
[K      49/75      8.03G     0.8579     0.6726      1.123        440        640: 85% ━━━━━━━━━━── 60/70 2.3it/s 26.3s<4.3s
[K      49/75      8.03G     0.8564     0.6724      1.123        274        640: 87% ━━━━━━━━━━── 61/70 2.3it/s 26.7s<3.9s
[K      49/75      8.03G     0.8575     0.6731      1.124        345        640: 88% ━━━━━━━━━━╸─ 62/70 2.3it/s 27.2s<3.4s
[K      49/75      8.03G     0.8587     0.6745      1.124        437        640: 90% ━━━━━━━━━━╸─ 63/70 2.3it/s 27.6s<3.0s
[K      49/75      8.03G     0.8583     0.6742      1.124        290        640: 91% ━━━━━━━━━━╸─ 64/70 2.3it/s 28.0s<2.6s
[K      49/75      8.03G     0.8577     0.6735      1.124        407        640: 92% ━━━━━━━━━━━─ 65/70 2.3it/s 28.4s<2.1s
[K      49/75      8.03G     0.8571     0.6715      1.123        318        640: 94% ━━━━━━━━━━━─ 66/70 2.3it/s 28.9s<1.7s
[K      49/75      8.03G     0.8559     0.6702      1.122        299        640: 95% ━━━━━━━━━━━─ 67/70 2.3it/s 29.3s<1.3s
[K      49/75      8.03G     0.8563     0.6705      1.123        308        640: 97% ━━━━━━━━━━━╸ 68/70 2.3it/s 29.7s<0.9s
[K      49/75      8.03G     0.8569     0.6723      1.124        358        640: 98% ━━━━━━━━━━━╸ 69/70 2.3it/s 30.2s<0.4s
[K      49/75      8.03G     0.8569     0.6723      1.124        358        640: 100% ━━━━━━━━━━━━ 70/70 2.3it/s 30.2s

[K                 Class     Images  Instances      Box(P          R      mAP50  mAP50-95): 20% ━━────────── 1/5 1.5s/it 0.4s<5.9s
[K                 Class     Images  Instances      Box(P          R      mAP50  mAP50-95): 40% ━━━━╸─────── 2/5 1.1it/s 0.9s<2.6s
[K                 Class     Images  Instances      Box(P          R      mAP50  mAP50-95): 60% ━━━━━━━───── 3/5 1.5it/s 1.3s<1.3s
[K                 Class     Images  Instances      Box(P          R      mAP50  mAP50-95): 80% ━━━━━━━━━╸── 4/5 1.7it/s 1.8s<0.6s
[K                 Class     Images  Instances      Box(P          R      mAP50  mAP50-95): 100% ━━━━━━━━━━━━ 5/5 2.3it/s 2.2s
                   all        280       3554      0.904      0.776      0.841      0.594

      Epoch    GPU_mem   box_loss   cls_loss   dfl_loss  Instances       Size

[K      50/75       8.1G     0.8985     0.6686      1.078        398        640: 0% ──────────── 0/70  0.4s
[K      50/75       8.1G      0.869     0.6755       1.11        400        640: 1% ──────────── 1/70 1.4s/it 0.9s<1:37
[K      50/75       8.1G     0.8507     0.6541      1.113        360        640: 2% ──────────── 2/70 1.2it/s 1.3s<58.0s
[K      50/75       8.1G     0.8653     0.6603      1.114        445        640: 4% ╸─────────── 3/70 1.5it/s 1.7s<43.5s
[K      50/75       8.1G     0.8548     0.6548      1.111        346        640: 5% ╸─────────── 4/70 1.8it/s 2.2s<37.5s
[K      50/75       8.1G     0.8456     0.6676      1.114        248        640: 7% ╸─────────── 5/70 2.0it/s 2.6s<33.3s
[K      50/75       8.1G     0.8399     0.6497      1.104        387        640: 8% ━─────────── 6/70 2.1it/s 3.0s<31.2s
[K      50/75       8.1G     0.8479      0.662      1.113        349        640: 10% ━─────────── 7/70 2.2it/s 3.4s<29.1s
[K      50/75       8.1G     0.8447     0.6585      1.109        487        640: 11% ━─────────── 8/70 2.2it/s 3.9s<28.2s
[K      50/75       8.1G     0.8587     0.6731       1.12        382        640: 12% ━╸────────── 9/70 2.3it/s 4.3s<27.1s
[K      50/75       8.1G     0.8549     0.6714      1.121        310        640: 14% ━╸────────── 10/70 2.3it/s 4.7s<26.5s
[K      50/75       8.1G     0.8467     0.6603      1.117        341        640: 15% ━╸────────── 11/70 2.3it/s 5.1s<25.7s
[K      50/75       8.1G       0.84     0.6574      1.115        330        640: 17% ━━────────── 12/70 2.3it/s 5.6s<25.4s
[K      50/75       8.1G     0.8425     0.6609      1.113        391        640: 18% ━━────────── 13/70 2.3it/s 6.0s<24.6s
[K      50/75       8.1G      0.838      0.658      1.113        291        640: 20% ━━────────── 14/70 2.3it/s 6.4s<24.3s
[K      50/75       8.1G     0.8397     0.6602      1.117        326        640: 21% ━━╸───────── 15/70 2.3it/s 6.9s<23.7s
[K      50/75       8.1G     0.8508     0.6715      1.124        449        640: 22% ━━╸───────── 16/70 2.3it/s 7.3s<23.4s
[K      50/75       8.1G     0.8492     0.6711      1.127        272        640: 24% ━━╸───────── 17/70 2.3it/s 7.7s<22.8s
[K      50/75       8.1G     0.8564     0.6796      1.129        567        640: 25% ━━━───────── 18/70 2.3it/s 8.2s<22.5s
[K      50/75       8.1G     0.8603      0.682      1.129        403        640: 27% ━━━───────── 19/70 2.3it/s 8.6s<22.0s
[K      50/75       8.1G     0.8652     0.6878      1.134        409        640: 28% ━━━───────── 20/70 2.3it/s 9.0s<21.8s
[K      50/75       8.1G     0.8611     0.6833      1.132        319        640: 30% ━━━╸──────── 21/70 2.3it/s 9.5s<21.0s
[K      50/75       8.1G     0.8613     0.6848      1.135        303        640: 31% ━━━╸──────── 22/70 2.3it/s 9.9s<20.7s
[K      50/75       8.1G     0.8647     0.6903      1.139        372        640: 32% ━━━╸──────── 23/70 2.3it/s 10.3s<20.2s
[K      50/75       8.1G     0.8572     0.6841      1.134        305        640: 34% ━━━━──────── 24/70 2.3it/s 10.8s<19.9s
[K      50/75       8.1G      0.855     0.6836      1.132        408        640: 35% ━━━━──────── 25/70 2.3it/s 11.2s<19.3s
[K      50/75       8.1G     0.8565     0.6887      1.134        346        640: 37% ━━━━──────── 26/70 2.3it/s 11.6s<19.1s
[K      50/75       8.1G     0.8519     0.6859      1.132        279        640: 38% ━━━━╸─────── 27/70 2.3it/s 12.0s<18.5s
[K      50/75       8.1G     0.8506     0.6825      1.129        366        640: 40% ━━━━╸─────── 28/70 2.3it/s 12.5s<18.1s
[K      50/75       8.1G     0.8502     0.6818      1.129        328        640: 41% ━━━━╸─────── 29/70 2.3it/s 12.9s<17.5s
[K      50/75       8.1G     0.8489      0.682      1.129        299        640: 42% ━━━━━─────── 30/70 2.3it/s 13.3s<17.2s
[K      50/75       8.1G     0.8504      0.683      1.129        386        640: 44% ━━━━━─────── 31/70 2.3it/s 13.8s<16.6s
[K      50/75       8.1G     0.8523     0.6866       1.13        350        640: 45% ━━━━━─────── 32/70 2.3it/s 14.2s<16.4s
[K      50/75       8.1G     0.8519     0.6845       1.13        444        640: 47% ━━━━━╸────── 33/70 2.3it/s 14.6s<15.9s
[K      50/75       8.1G      0.851     0.6826      1.128        336        640: 48% ━━━━━╸────── 34/70 2.3it/s 15.1s<15.6s
[K      50/75       8.1G     0.8488     0.6784      1.126        292        640: 50% ━━━━━━────── 35/70 2.3it/s 15.5s<14.9s
[K      50/75       8.1G     0.8519     0.6807      1.127        510        640: 51% ━━━━━━────── 36/70 2.3it/s 15.9s<14.7s
[K      50/75       8.1G     0.8528     0.6812      1.127        424        640: 52% ━━━━━━────── 37/70 2.3it/s 16.3s<14.1s
[K      50/75       8.1G     0.8494     0.6773      1.125        242        640: 54% ━━━━━━╸───── 38/70 2.3it/s 16.8s<13.8s
[K      50/75       8.1G     0.8496     0.6806      1.127        355        640: 55% ━━━━━━╸───── 39/70 2.3it/s 17.2s<13.2s
[K      50/75       8.1G     0.8503     0.6814      1.128        390        640: 57% ━━━━━━╸───── 40/70 2.3it/s 17.6s<13.0s
[K      50/75       8.1G     0.8495      0.678      1.127        334        640: 58% ━━━━━━━───── 41/70 2.3it/s 18.1s<12.5s
[K      50/75       8.1G     0.8486      0.676      1.126        371        640: 60% ━━━━━━━───── 42/70 2.3it/s 18.5s<12.2s
[K      50/75       8.1G     0.8488     0.6755      1.125        361        640: 61% ━━━━━━━───── 43/70 2.3it/s 18.9s<11.6s
[K      50/75       8.1G     0.8485     0.6753      1.125        431        640: 62% ━━━━━━━╸──── 44/70 2.3it/s 19.4s<11.2s
[K      50/75       8.1G     0.8475     0.6739      1.124        330        640: 64% ━━━━━━━╸──── 45/70 2.3it/s 19.8s<10.8s
[K      50/75       8.1G     0.8463     0.6726      1.124        204        640: 65% ━━━━━━━╸──── 46/70 2.3it/s 20.2s<10.4s
[K      50/75       8.1G     0.8454     0.6704      1.123        418        640: 67% ━━━━━━━━──── 47/70 2.3it/s 20.7s<9.9s
[K      50/75       8.1G     0.8438     0.6686      1.122        374        640: 68% ━━━━━━━━──── 48/70 2.3it/s 21.1s<9.5s
[K      50/75       8.1G     0.8434     0.6674      1.121        360        640: 70% ━━━━━━━━──── 49/70 2.3it/s 21.5s<9.0s
[K      50/75       8.1G     0.8428      0.668       1.12        367        640: 71% ━━━━━━━━╸─── 50/70 2.3it/s 22.0s<8.7s
[K      50/75       8.1G     0.8441     0.6699       1.12        472        640: 72% ━━━━━━━━╸─── 51/70 2.3it/s 22.4s<8.1s
[K      50/75       8.1G     0.8424     0.6683       1.12        281        640: 74% ━━━━━━━━╸─── 52/70 2.3it/s 22.8s<7.8s
[K      50/75       8.1G     0.8409     0.6657      1.119        381        640: 75% ━━━━━━━━━─── 53/70 2.3it/s 23.2s<7.3s
[K      50/75       8.1G     0.8401     0.6642      1.118        315        640: 77% ━━━━━━━━━─── 54/70 2.3it/s 23.7s<6.9s
[K      50/75       8.1G     0.8403     0.6639      1.119        372        640: 78% ━━━━━━━━━─── 55/70 2.3it/s 24.1s<6.5s
[K      50/75       8.1G     0.8399     0.6631      1.119        265        640: 80% ━━━━━━━━━╸── 56/70 2.3it/s 24.6s<6.1s
[K      50/75       8.1G     0.8374     0.6608      1.118        324        640: 81% ━━━━━━━━━╸── 57/70 2.3it/s 25.0s<5.6s
[K      50/75       8.1G     0.8351     0.6579      1.116        293        640: 82% ━━━━━━━━━╸── 58/70 2.3it/s 25.4s<5.2s
[K      50/75       8.1G     0.8353     0.6577      1.117        265        640: 84% ━━━━━━━━━━── 59/70 2.3it/s 25.8s<4.7s
[K      50/75       8.1G     0.8353     0.6575      1.117        290        640: 85% ━━━━━━━━━━── 60/70 2.3it/s 26.3s<4.3s
[K      50/75       8.1G     0.8344      0.655      1.116        436        640: 87% ━━━━━━━━━━── 61/70 2.3it/s 26.7s<3.9s
[K      50/75       8.1G     0.8346     0.6552      1.115        479        640: 88% ━━━━━━━━━━╸─ 62/70 2.3it/s 27.1s<3.4s
[K      50/75       8.1G     0.8344     0.6561      1.115        460        640: 90% ━━━━━━━━━━╸─ 63/70 2.3it/s 27.6s<3.0s
[K      50/75       8.1G     0.8359     0.6566      1.116        522        640: 91% ━━━━━━━━━━╸─ 64/70 2.3it/s 28.0s<2.6s
[K      50/75       8.1G     0.8347     0.6555      1.116        311        640: 92% ━━━━━━━━━━━─ 65/70 2.3it/s 28.4s<2.2s
[K      50/75       8.1G     0.8345     0.6559      1.116        358        640: 94% ━━━━━━━━━━━─ 66/70 2.3it/s 28.9s<1.7s
[K      50/75       8.1G      0.833     0.6545      1.115        314        640: 95% ━━━━━━━━━━━─ 67/70 2.3it/s 29.3s<1.3s
[K      50/75       8.1G     0.8333     0.6543      1.115        470        640: 97% ━━━━━━━━━━━╸ 68/70 2.3it/s 29.7s<0.9s
[K      50/75       8.1G     0.8332     0.6541      1.115        373        640: 98% ━━━━━━━━━━━╸ 69/70 2.3it/s 30.2s<0.4s
[K      50/75       8.1G     0.8332     0.6541      1.115        373        640: 100% ━━━━━━━━━━━━ 70/70 2.3it/s 30.2s

[K                 Class     Images  Instances      Box(P          R      mAP50  mAP50-95): 20% ━━────────── 1/5 1.5s/it 0.4s<5.9s
[K                 Class     Images  Instances      Box(P          R      mAP50  mAP50-95): 40% ━━━━╸─────── 2/5 1.2it/s 0.9s<2.6s
[K                 Class     Images  Instances      Box(P          R      mAP50  mAP50-95): 60% ━━━━━━━───── 3/5 1.5it/s 1.3s<1.3s
[K                 Class     Images  Instances      Box(P          R      mAP50  mAP50-95): 80% ━━━━━━━━━╸── 4/5 1.7it/s 1.8s<0.6s
[K                 Class     Images  Instances      Box(P          R      mAP50  mAP50-95): 100% ━━━━━━━━━━━━ 5/5 2.3it/s 2.2s
                   all        280       3554      0.904      0.778      0.844      0.595

      Epoch    GPU_mem   box_loss   cls_loss   dfl_loss  Instances       Size

[K      51/75      8.06G     0.7112     0.5687      1.024        320        640: 0% ──────────── 0/70  0.4s
[K      51/75      8.06G     0.7284     0.5935      1.067        304        640: 1% ──────────── 1/70 1.4s/it 0.9s<1:36
[K      51/75      8.06G      0.747     0.5761      1.062        339        640: 2% ──────────── 2/70 1.2it/s 1.3s<57.5s
[K      51/75      8.06G     0.7736     0.5921      1.076        335        640: 4% ╸─────────── 3/70 1.5it/s 1.7s<43.6s
[K      51/75      8.06G     0.7844     0.5825      1.079        378        640: 5% ╸─────────── 4/70 1.8it/s 2.2s<37.4s
[K      51/75      8.06G     0.7913     0.5943      1.077        358        640: 7% ╸─────────── 5/70 1.9it/s 2.6s<33.4s
[K      51/75      8.06G     0.7969     0.6051      1.079        381        640: 8% ━─────────── 6/70 2.0it/s 3.0s<31.4s
[K      51/75      8.06G     0.8136     0.6107      1.083        466        640: 10% ━─────────── 7/70 2.1it/s 3.4s<29.5s
[K      51/75      8.06G     0.8204      0.619      1.086        400        640: 11% ━─────────── 8/70 2.2it/s 3.9s<28.5s
[K      51/75      8.06G     0.8231      0.629      1.088        394        640: 12% ━╸────────── 9/70 2.2it/s 4.3s<27.4s
[K      51/75      8.06G     0.8191     0.6265      1.086        355        640: 14% ━╸────────── 10/70 2.2it/s 4.8s<27.2s
[K      51/75      8.06G     0.8123     0.6194      1.081        343        640: 15% ━╸────────── 11/70 2.3it/s 5.2s<26.2s
[K      51/75      8.06G     0.8183     0.6224      1.083        482        640: 17% ━━────────── 12/70 2.3it/s 5.6s<25.8s
[K      51/75      8.06G     0.8154     0.6217      1.084        403        640: 18% ━━────────── 13/70 2.3it/s 6.1s<24.9s
[K      51/75      8.06G     0.8212      0.621      1.084        464        640: 20% ━━────────── 14/70 2.3it/s 6.5s<24.6s
[K      51/75      8.06G     0.8278     0.6279      1.087        365        640: 21% ━━╸───────── 15/70 2.3it/s 6.9s<23.8s
[K      51/75      8.06G     0.8307     0.6315       1.09        427        640: 22% ━━╸───────── 16/70 2.3it/s 7.4s<23.5s
[K      51/75      8.06G     0.8441      0.643      1.099        383        640: 24% ━━╸───────── 17/70 2.3it/s 7.8s<22.9s
[K      51/75      8.06G     0.8422     0.6401      1.096        418        640: 25% ━━━───────── 18/70 2.3it/s 8.2s<22.6s
[K      51/75      8.06G     0.8414     0.6391      1.095        439        640: 27% ━━━───────── 19/70 2.3it/s 8.7s<21.9s
[K      51/75      8.06G     0.8424     0.6431      1.097        362        640: 28% ━━━───────── 20/70 2.3it/s 9.1s<21.7s
[K      51/75      8.06G     0.8395     0.6458      1.099        289        640: 30% ━━━╸──────── 21/70 2.3it/s 9.5s<21.0s
[K      51/75      8.06G     0.8391     0.6446      1.099        317        640: 31% ━━━╸──────── 22/70 2.3it/s 10.0s<20.8s
[K      51/75      8.06G     0.8431     0.6462      1.101        408        640: 32% ━━━╸──────── 23/70 2.3it/s 10.4s<20.1s
[K      51/75      8.06G     0.8488     0.6483      1.103        423        640: 34% ━━━━──────── 24/70 2.3it/s 10.8s<20.0s
[K      51/75      8.06G     0.8426     0.6421      1.101        273        640: 35% ━━━━──────── 25/70 2.3it/s 11.2s<19.4s
[K      51/75      8.06G     0.8451     0.6426      1.104        265        640: 37% ━━━━──────── 26/70 2.3it/s 11.7s<19.1s
[K      51/75      8.06G     0.8467     0.6461      1.106        351        640: 38% ━━━━╸─────── 27/70 2.3it/s 12.1s<18.5s
[K      51/75      8.06G     0.8478     0.6491      1.106        447        640: 40% ━━━━╸─────── 28/70 2.3it/s 12.5s<18.2s
[K      51/75      8.06G     0.8449     0.6467      1.105        288        640: 41% ━━━━╸─────── 29/70 2.3it/s 13.0s<17.7s
[K      51/75      8.06G     0.8403      0.643      1.104        224        640: 42% ━━━━━─────── 30/70 2.3it/s 13.4s<17.4s
[K      51/75      8.06G     0.8446     0.6474      1.106        462        640: 44% ━━━━━─────── 31/70 2.3it/s 13.8s<16.9s
[K      51/75      8.06G      0.845     0.6457      1.108        345        640: 45% ━━━━━─────── 32/70 2.3it/s 14.3s<16.6s
[K      51/75      8.06G     0.8458     0.6474       1.11        313        640: 47% ━━━━━╸────── 33/70 2.3it/s 14.7s<16.0s
[K      51/75      8.06G     0.8485     0.6481       1.11        355        640: 48% ━━━━━╸────── 34/70 2.3it/s 15.2s<15.8s
[K      51/75      8.06G     0.8472     0.6481       1.11        329        640: 50% ━━━━━━────── 35/70 2.3it/s 15.6s<15.2s
[K      51/75      8.06G     0.8524     0.6529      1.113        458        640: 51% ━━━━━━────── 36/70 2.3it/s 16.0s<14.8s
[K      51/75      8.06G     0.8519     0.6513      1.111        484        640: 52% ━━━━━━────── 37/70 2.3it/s 16.5s<14.2s
[K      51/75      8.06G     0.8496     0.6504      1.109        336        640: 54% ━━━━━━╸───── 38/70 2.3it/s 16.9s<14.0s
[K      51/75      8.06G     0.8506     0.6518       1.11        416        640: 55% ━━━━━━╸───── 39/70 2.3it/s 17.3s<13.4s
[K      51/75      8.06G     0.8503     0.6537      1.111        375        640: 57% ━━━━━━╸───── 40/70 2.3it/s 17.8s<13.1s
[K      51/75      8.06G     0.8506     0.6556      1.111        435        640: 58% ━━━━━━━───── 41/70 2.3it/s 18.2s<12.5s
[K      51/75      8.06G     0.8489     0.6521       1.11        321        640: 60% ━━━━━━━───── 42/70 2.3it/s 18.6s<12.2s
[K      51/75      8.06G     0.8476     0.6507      1.109        323        640: 61% ━━━━━━━───── 43/70 2.3it/s 19.1s<11.7s
[K      51/75      8.06G     0.8466     0.6491      1.108        475        640: 62% ━━━━━━━╸──── 44/70 2.3it/s 19.5s<11.3s
[K      51/75      8.06G      0.843     0.6461      1.106        265        640: 64% ━━━━━━━╸──── 45/70 2.3it/s 19.9s<10.8s
[K      51/75      8.06G     0.8447     0.6475      1.107        494        640: 65% ━━━━━━━╸──── 46/70 2.3it/s 20.4s<10.4s
[K      51/75      8.06G     0.8453     0.6483      1.108        330        640: 67% ━━━━━━━━──── 47/70 2.3it/s 20.8s<9.9s
[K      51/75      8.06G     0.8469     0.6502      1.108        414        640: 68% ━━━━━━━━──── 48/70 2.3it/s 21.3s<9.6s
[K      51/75      8.06G      0.845     0.6483      1.108        268        640: 70% ━━━━━━━━──── 49/70 2.3it/s 21.7s<9.1s
[K      51/75      8.06G     0.8446     0.6472      1.106        366        640: 71% ━━━━━━━━╸─── 50/70 2.3it/s 22.1s<8.7s
[K      51/75      8.06G     0.8438     0.6475      1.106        366        640: 72% ━━━━━━━━╸─── 51/70 2.3it/s 22.5s<8.2s
[K      51/75      8.06G     0.8439     0.6478      1.106        302        640: 74% ━━━━━━━━╸─── 52/70 2.3it/s 23.0s<7.9s
[K      51/75      8.06G     0.8432     0.6458      1.105        404        640: 75% ━━━━━━━━━─── 53/70 2.3it/s 23.4s<7.3s
[K      51/75      8.06G     0.8463     0.6494      1.107        528        640: 77% ━━━━━━━━━─── 54/70 2.3it/s 23.9s<7.0s
[K      51/75      8.06G     0.8463     0.6487      1.107        313        640: 78% ━━━━━━━━━─── 55/70 2.3it/s 24.3s<6.5s
[K      51/75      8.06G     0.8441     0.6486      1.107        346        640: 80% ━━━━━━━━━╸── 56/70 2.3it/s 24.7s<6.1s
[K      51/75      8.06G     0.8432      0.648      1.106        325        640: 81% ━━━━━━━━━╸── 57/70 2.3it/s 25.2s<5.6s
[K      51/75      8.06G     0.8429     0.6476      1.106        350        640: 82% ━━━━━━━━━╸── 58/70 2.3it/s 25.6s<5.2s
[K      51/75      8.06G     0.8427     0.6466      1.106        383        640: 84% ━━━━━━━━━━── 59/70 2.3it/s 26.0s<4.8s
[K      51/75      8.06G     0.8418     0.6463      1.106        404        640: 85% ━━━━━━━━━━── 60/70 2.3it/s 26.5s<4.3s
[K      51/75      8.06G     0.8426     0.6458      1.106        464        640: 87% ━━━━━━━━━━── 61/70 2.3it/s 26.9s<3.9s
[K      51/75      8.06G     0.8414     0.6457      1.106        353        640: 88% ━━━━━━━━━━╸─ 62/70 2.3it/s 27.3s<3.5s
[K      51/75      8.06G     0.8404      0.645      1.105        302        640: 90% ━━━━━━━━━━╸─ 63/70 2.3it/s 27.8s<3.0s
[K      51/75      8.06G     0.8404     0.6446      1.105        346        640: 91% ━━━━━━━━━━╸─ 64/70 2.3it/s 28.2s<2.6s
[K      51/75      8.06G     0.8391     0.6432      1.104        327        640: 92% ━━━━━━━━━━━─ 65/70 2.3it/s 28.6s<2.2s
[K      51/75      8.06G     0.8399     0.6438      1.105        554        640: 94% ━━━━━━━━━━━─ 66/70 2.3it/s 29.1s<1.8s
[K      51/75      8.06G     0.8402     0.6446      1.104        372        640: 95% ━━━━━━━━━━━─ 67/70 2.3it/s 29.5s<1.3s
[K      51/75      8.06G     0.8391     0.6431      1.103        406        640: 97% ━━━━━━━━━━━╸ 68/70 2.3it/s 29.9s<0.9s
[K      51/75      8.06G     0.8374     0.6429      1.103        230        640: 98% ━━━━━━━━━━━╸ 69/70 2.3it/s 30.4s<0.4s
[K      51/75      8.06G     0.8374     0.6429      1.103        230        640: 100% ━━━━━━━━━━━━ 70/70 2.3it/s 30.4s

[K                 Class     Images  Instances      Box(P          R      mAP50  mAP50-95): 20% ━━────────── 1/5 1.5s/it 0.4s<5.9s
[K                 Class     Images  Instances      Box(P          R      mAP50  mAP50-95): 40% ━━━━╸─────── 2/5 1.1it/s 0.9s<2.6s
[K                 Class     Images  Instances      Box(P          R      mAP50  mAP50-95): 60% ━━━━━━━───── 3/5 1.5it/s 1.3s<1.3s
[K                 Class     Images  Instances      Box(P          R      mAP50  mAP50-95): 80% ━━━━━━━━━╸── 4/5 1.7it/s 1.8s<0.6s
[K                 Class     Images  Instances      Box(P          R      mAP50  mAP50-95): 100% ━━━━━━━━━━━━ 5/5 2.3it/s 2.2s
                   all        280       3554      0.919      0.779      0.853       0.61

      Epoch    GPU_mem   box_loss   cls_loss   dfl_loss  Instances       Size

[K      52/75      8.05G     0.8722     0.6613       1.15        322        640: 0% ──────────── 0/70  0.4s
[K      52/75      8.05G     0.7984     0.6137      1.114        330        640: 1% ──────────── 1/70 1.4s/it 0.9s<1:37
[K      52/75      8.05G     0.8615     0.6936      1.153        400        640: 2% ──────────── 2/70 1.2it/s 1.3s<58.1s
[K      52/75      8.05G     0.8503     0.6732      1.133        403        640: 4% ╸─────────── 3/70 1.5it/s 1.7s<43.5s
[K      52/75      8.05G     0.8447     0.6741      1.131        312        640: 5% ╸─────────── 4/70 1.8it/s 2.2s<37.5s
[K      52/75      8.05G     0.8579     0.6688      1.123        423        640: 7% ╸─────────── 5/70 1.9it/s 2.6s<33.5s
[K      52/75      8.05G     0.8601     0.6601      1.114        438        640: 8% ━─────────── 6/70 2.0it/s 3.0s<31.5s
[K      52/75      8.05G     0.8689     0.6732      1.124        455        640: 10% ━─────────── 7/70 2.1it/s 3.4s<29.4s
[K      52/75      8.05G     0.8624     0.6728       1.12        373        640: 11% ━─────────── 8/70 2.2it/s 3.9s<28.7s
[K      52/75      8.05G     0.8548     0.6724       1.12        327        640: 12% ━╸────────── 9/70 2.2it/s 4.3s<27.4s
[K      52/75      8.05G     0.8505     0.6664      1.117        319        640: 14% ━╸────────── 10/70 2.3it/s 4.7s<26.7s
[K      52/75      8.05G     0.8439     0.6585      1.113        362        640: 15% ━╸────────── 11/70 2.3it/s 5.2s<25.7s
[K      52/75      8.05G     0.8403     0.6531      1.111        362        640: 17% ━━────────── 12/70 2.3it/s 5.6s<25.3s
[K      52/75      8.05G     0.8421     0.6589      1.117        331        640: 18% ━━────────── 13/70 2.3it/s 6.0s<24.7s
[K      52/75      8.05G     0.8414     0.6643       1.12        333        640: 20% ━━────────── 14/70 2.3it/s 6.5s<24.4s
[K      52/75      8.05G     0.8372     0.6605      1.118        395        640: 21% ━━╸───────── 15/70 2.3it/s 6.9s<23.6s
[K      52/75      8.05G     0.8388     0.6593      1.116        397        640: 22% ━━╸───────── 16/70 2.3it/s 7.3s<23.3s
[K      52/75      8.05G      0.845     0.6663      1.119        388        640: 24% ━━╸───────── 17/70 2.3it/s 7.8s<22.8s
[K      52/75      8.05G     0.8405     0.6599      1.117        281        640: 25% ━━━───────── 18/70 2.3it/s 8.2s<22.5s
[K      52/75      8.05G     0.8422     0.6595      1.118        421        640: 27% ━━━───────── 19/70 2.3it/s 8.6s<21.9s
[K      52/75      8.05G      0.843     0.6589      1.117        295        640: 28% ━━━───────── 20/70 2.3it/s 9.1s<21.7s
[K      52/75      8.05G     0.8496     0.6647       1.12        397        640: 30% ━━━╸──────── 21/70 2.3it/s 9.5s<21.1s
[K      52/75      8.05G     0.8437     0.6601      1.116        295        640: 31% ━━━╸──────── 22/70 2.3it/s 9.9s<20.8s
[K      52/75      8.05G      0.845      0.657      1.114        420        640: 32% ━━━╸──────── 23/70 2.3it/s 10.3s<20.3s
[K      52/75      8.05G     0.8464      0.658      1.115        339        640: 34% ━━━━──────── 24/70 2.3it/s 10.8s<20.1s
[K      52/75      8.05G     0.8445     0.6562      1.113        406        640: 35% ━━━━──────── 25/70 2.3it/s 11.2s<19.5s
[K      52/75      8.05G     0.8399     0.6535       1.11        367        640: 37% ━━━━──────── 26/70 2.3it/s 11.7s<19.2s
[K      52/75      8.05G     0.8411     0.6542       1.11        464        640: 38% ━━━━╸─────── 27/70 2.3it/s 12.1s<18.6s
[K      52/75      8.05G     0.8397     0.6553      1.111        328        640: 40% ━━━━╸─────── 28/70 2.3it/s 12.5s<18.3s
[K      52/75      8.05G     0.8367     0.6513      1.108        359        640: 41% ━━━━╸─────── 29/70 2.3it/s 13.0s<17.6s
[K      52/75      8.05G     0.8329     0.6472      1.107        288        640: 42% ━━━━━─────── 30/70 2.3it/s 13.4s<17.3s
[K      52/75      8.05G     0.8351     0.6527       1.11        370        640: 44% ━━━━━─────── 31/70 2.3it/s 13.8s<16.8s
[K      52/75      8.05G     0.8374     0.6568      1.112        310        640: 45% ━━━━━─────── 32/70 2.3it/s 14.3s<16.5s
[K      52/75      8.05G      0.838     0.6577      1.113        388        640: 47% ━━━━━╸────── 33/70 2.3it/s 14.7s<15.9s
[K      52/75      8.05G     0.8361     0.6547      1.111        420        640: 48% ━━━━━╸────── 34/70 2.3it/s 15.1s<15.6s
[K      52/75      8.05G     0.8368     0.6545      1.111        325        640: 50% ━━━━━━────── 35/70 2.3it/s 15.5s<15.1s
[K      52/75      8.05G     0.8376     0.6533      1.112        320        640: 51% ━━━━━━────── 36/70 2.3it/s 16.0s<14.8s
[K      52/75      8.05G     0.8367     0.6555      1.113        300        640: 52% ━━━━━━────── 37/70 2.3it/s 16.4s<14.3s
[K      52/75      8.05G      0.838      0.656      1.115        305        640: 54% ━━━━━━╸───── 38/70 2.3it/s 16.9s<13.9s
[K      52/75      8.05G     0.8386     0.6562      1.115        386        640: 55% ━━━━━━╸───── 39/70 2.3it/s 17.3s<13.4s
[K      52/75      8.05G     0.8398     0.6571      1.116        375        640: 57% ━━━━━━╸───── 40/70 2.3it/s 17.7s<13.0s
[K      52/75      8.05G     0.8386     0.6565      1.114        338        640: 58% ━━━━━━━───── 41/70 2.3it/s 18.2s<12.5s
[K      52/75      8.05G     0.8392     0.6575      1.115        304        640: 60% ━━━━━━━───── 42/70 2.3it/s 18.6s<12.1s
[K      52/75      8.05G     0.8386     0.6581      1.116        366        640: 61% ━━━━━━━───── 43/70 2.3it/s 19.0s<11.6s
[K      52/75      8.05G     0.8363     0.6548      1.114        298        640: 62% ━━━━━━━╸──── 44/70 2.3it/s 19.5s<11.3s
[K      52/75      8.05G     0.8381     0.6573      1.116        385        640: 64% ━━━━━━━╸──── 45/70 2.3it/s 19.9s<10.8s
[K      52/75      8.05G     0.8375      0.658      1.117        262        640: 65% ━━━━━━━╸──── 46/70 2.3it/s 20.3s<10.5s
[K      52/75      8.05G     0.8376     0.6568      1.116        446        640: 67% ━━━━━━━━──── 47/70 2.3it/s 20.8s<10.0s
[K      52/75      8.05G     0.8366     0.6545      1.116        244        640: 68% ━━━━━━━━──── 48/70 2.3it/s 21.2s<9.7s
[K      52/75      8.05G     0.8375     0.6553      1.118        290        640: 70% ━━━━━━━━──── 49/70 2.3it/s 21.6s<9.1s
[K      52/75      8.05G     0.8372     0.6546      1.117        295        640: 71% ━━━━━━━━╸─── 50/70 2.3it/s 22.1s<8.7s
[K      52/75      8.05G     0.8383     0.6564      1.118        374        640: 72% ━━━━━━━━╸─── 51/70 2.3it/s 22.5s<8.2s
[K      52/75      8.05G     0.8385     0.6557      1.118        393        640: 74% ━━━━━━━━╸─── 52/70 2.3it/s 22.9s<7.8s
[K      52/75      8.05G     0.8385     0.6551      1.118        286        640: 75% ━━━━━━━━━─── 53/70 2.3it/s 23.4s<7.4s
[K      52/75      8.05G     0.8391     0.6569      1.118        380        640: 77% ━━━━━━━━━─── 54/70 2.3it/s 23.8s<7.0s
[K      52/75      8.05G     0.8381     0.6557      1.118        342        640: 78% ━━━━━━━━━─── 55/70 2.3it/s 24.2s<6.5s
[K      52/75      8.05G     0.8389     0.6558      1.118        421        640: 80% ━━━━━━━━━╸── 56/70 2.3it/s 24.7s<6.1s
[K      52/75      8.05G     0.8408     0.6576      1.119        426        640: 81% ━━━━━━━━━╸── 57/70 2.3it/s 25.1s<5.6s
[K      52/75      8.05G     0.8404     0.6573      1.118        460        640: 82% ━━━━━━━━━╸── 58/70 2.3it/s 25.6s<5.2s
[K      52/75      8.05G     0.8406      0.657      1.117        408        640: 84% ━━━━━━━━━━── 59/70 2.3it/s 26.0s<4.8s
[K      52/75      8.05G     0.8391     0.6551      1.116        326        640: 85% ━━━━━━━━━━── 60/70 2.3it/s 26.4s<4.4s
[K      52/75      8.05G     0.8388     0.6546      1.116        288        640: 87% ━━━━━━━━━━── 61/70 2.3it/s 26.8s<3.9s
[K      52/75      8.05G     0.8389     0.6562      1.117        296        640: 88% ━━━━━━━━━━╸─ 62/70 2.3it/s 27.3s<3.5s
[K      52/75      8.05G     0.8368     0.6539      1.115        370        640: 90% ━━━━━━━━━━╸─ 63/70 2.3it/s 27.7s<3.0s
[K      52/75      8.05G     0.8377     0.6552      1.115        463        640: 91% ━━━━━━━━━━╸─ 64/70 2.3it/s 28.1s<2.6s
[K      52/75      8.05G     0.8375     0.6558      1.116        347        640: 92% ━━━━━━━━━━━─ 65/70 2.3it/s 28.6s<2.2s
[K      52/75      8.05G     0.8373      0.656      1.116        366        640: 94% ━━━━━━━━━━━─ 66/70 2.3it/s 29.0s<1.7s
[K      52/75      8.05G     0.8369     0.6555      1.114        414        640: 95% ━━━━━━━━━━━─ 67/70 2.3it/s 29.4s<1.3s
[K      52/75      8.05G     0.8372     0.6553      1.114        388        640: 97% ━━━━━━━━━━━╸ 68/70 2.3it/s 29.9s<0.9s
[K      52/75      8.05G     0.8392     0.6556      1.114        449        640: 98% ━━━━━━━━━━━╸ 69/70 2.3it/s 30.3s<0.4s
[K      52/75      8.05G     0.8392     0.6556      1.114        449        640: 100% ━━━━━━━━━━━━ 70/70 2.3it/s 30.3s

[K                 Class     Images  Instances      Box(P          R      mAP50  mAP50-95): 20% ━━────────── 1/5 1.5s/it 0.4s<5.9s
[K                 Class     Images  Instances      Box(P          R      mAP50  mAP50-95): 40% ━━━━╸─────── 2/5 1.2it/s 0.9s<2.6s
[K                 Class     Images  Instances      Box(P          R      mAP50  mAP50-95): 60% ━━━━━━━───── 3/5 1.5it/s 1.3s<1.3s
[K                 Class     Images  Instances      Box(P          R      mAP50  mAP50-95): 80% ━━━━━━━━━╸── 4/5 1.7it/s 1.8s<0.6s
[K                 Class     Images  Instances      Box(P          R      mAP50  mAP50-95): 100% ━━━━━━━━━━━━ 5/5 2.3it/s 2.2s
                   all        280       3554      0.914      0.787      0.854       0.61

      Epoch    GPU_mem   box_loss   cls_loss   dfl_loss  Instances       Size

[K      53/75      8.07G     0.8772     0.5989      1.086        405        640: 0% ──────────── 0/70  0.4s
[K      53/75      8.07G     0.8701     0.6256      1.075        441        640: 1% ──────────── 1/70 1.4s/it 0.9s<1:37
[K      53/75      8.07G     0.8529     0.6132      1.061        437        640: 2% ──────────── 2/70 1.2it/s 1.3s<57.6s
[K      53/75      8.07G     0.8858     0.6811      1.106        318        640: 4% ╸─────────── 3/70 1.5it/s 1.7s<43.6s
[K      53/75      8.07G     0.8773     0.6628      1.111        283        640: 5% ╸─────────── 4/70 1.8it/s 2.2s<37.6s
[K      53/75      8.07G     0.8781     0.6679      1.116        418        640: 7% ╸─────────── 5/70 1.9it/s 2.6s<33.5s
[K      53/75      8.07G     0.8827     0.6819      1.124        415        640: 8% ━─────────── 6/70 2.0it/s 3.0s<31.3s
[K      53/75      8.07G     0.8653     0.6651      1.116        281        640: 10% ━─────────── 7/70 2.2it/s 3.4s<29.3s
[K      53/75      8.07G     0.8712     0.6857      1.125        426        640: 11% ━─────────── 8/70 2.2it/s 3.9s<28.2s
[K      53/75      8.07G     0.8652     0.6703      1.116        408        640: 12% ━╸────────── 9/70 2.2it/s 4.3s<27.3s
[K      53/75      8.07G     0.8628     0.6681      1.119        295        640: 14% ━╸────────── 10/70 2.2it/s 4.7s<26.7s
[K      53/75      8.07G     0.8548     0.6656      1.118        330        640: 15% ━╸────────── 11/70 2.3it/s 5.2s<26.0s
[K      53/75      8.07G     0.8467     0.6537      1.113        371        640: 17% ━━────────── 12/70 2.3it/s 5.6s<25.6s
[K      53/75      8.07G     0.8491     0.6549      1.115        344        640: 18% ━━────────── 13/70 2.3it/s 6.0s<24.9s
[K      53/75      8.07G     0.8409     0.6451      1.112        258        640: 20% ━━────────── 14/70 2.3it/s 6.5s<24.5s
[K      53/75      8.07G     0.8369     0.6429      1.108        417        640: 21% ━━╸───────── 15/70 2.3it/s 6.9s<23.8s
[K      53/75      8.07G     0.8383     0.6418      1.106        377        640: 22% ━━╸───────── 16/70 2.3it/s 7.3s<23.5s
[K      53/75      8.07G      0.838     0.6434      1.105        421        640: 24% ━━╸───────── 17/70 2.3it/s 7.8s<22.9s
[K      53/75      8.07G     0.8373     0.6453      1.105        409        640: 25% ━━━───────── 18/70 2.3it/s 8.2s<22.7s
[K      53/75      8.07G     0.8391     0.6454      1.104        416        640: 27% ━━━───────── 19/70 2.3it/s 8.6s<22.0s
[K      53/75      8.07G     0.8371     0.6451      1.105        352        640: 28% ━━━───────── 20/70 2.3it/s 9.1s<21.8s
[K      53/75      8.07G      0.836     0.6445      1.103        324        640: 30% ━━━╸──────── 21/70 2.3it/s 9.5s<21.3s
[K      53/75      8.07G     0.8331     0.6399        1.1        383        640: 31% ━━━╸──────── 22/70 2.3it/s 9.9s<20.9s
[K      53/75      8.07G     0.8323     0.6386        1.1        371        640: 32% ━━━╸──────── 23/70 2.3it/s 10.4s<20.2s
[K      53/75      8.07G     0.8323     0.6394      1.101        358        640: 34% ━━━━──────── 24/70 2.3it/s 10.8s<20.1s
[K      53/75      8.07G     0.8326     0.6439      1.102        340        640: 35% ━━━━──────── 25/70 2.3it/s 11.2s<19.4s
[K      53/75      8.07G     0.8306     0.6427      1.102        427        640: 37% ━━━━──────── 26/70 2.3it/s 11.7s<19.0s
[K      53/75      8.07G     0.8325     0.6416      1.102        376        640: 38% ━━━━╸─────── 27/70 2.3it/s 12.1s<18.4s
[K      53/75      8.07G     0.8371     0.6436      1.104        454        640: 40% ━━━━╸─────── 28/70 2.3it/s 12.5s<18.3s
[K      53/75      8.07G     0.8365     0.6435      1.103        292        640: 41% ━━━━╸─────── 29/70 2.3it/s 13.0s<17.6s
[K      53/75      8.07G     0.8354     0.6467      1.106        257        640: 42% ━━━━━─────── 30/70 2.3it/s 13.4s<17.3s
[K      53/75      8.07G     0.8358     0.6502      1.107        433        640: 44% ━━━━━─────── 31/70 2.3it/s 13.8s<16.8s
[K      53/75      8.07G     0.8358     0.6508      1.108        431        640: 45% ━━━━━─────── 32/70 2.3it/s 14.3s<16.4s
[K      53/75      8.07G     0.8357     0.6516      1.109        449        640: 47% ━━━━━╸────── 33/70 2.3it/s 14.7s<16.0s
[K      53/75      8.07G     0.8311     0.6477      1.107        225        640: 48% ━━━━━╸────── 34/70 2.3it/s 15.1s<15.7s
[K      53/75      8.07G       0.83     0.6448      1.106        360        640: 50% ━━━━━━────── 35/70 2.3it/s 15.6s<15.1s
[K      53/75      8.07G     0.8271      0.643      1.105        292        640: 51% ━━━━━━────── 36/70 2.3it/s 16.0s<14.8s
[K      53/75      8.07G     0.8263     0.6415      1.104        328        640: 52% ━━━━━━────── 37/70 2.3it/s 16.4s<14.4s
[K      53/75      8.07G     0.8249     0.6402      1.103        361        640: 54% ━━━━━━╸───── 38/70 2.3it/s 16.9s<14.0s
[K      53/75      8.07G     0.8246     0.6404      1.102        254        640: 55% ━━━━━━╸───── 39/70 2.3it/s 17.3s<13.4s
[K      53/75      8.07G     0.8231     0.6376      1.101        346        640: 57% ━━━━━━╸───── 40/70 2.3it/s 17.8s<13.2s
[K      53/75      8.07G     0.8203     0.6349      1.101        310        640: 58% ━━━━━━━───── 41/70 2.3it/s 18.2s<12.6s
[K      53/75      8.07G     0.8181     0.6327        1.1        284        640: 60% ━━━━━━━───── 42/70 2.3it/s 18.6s<12.2s
[K      53/75      8.07G     0.8189     0.6317        1.1        404        640: 61% ━━━━━━━───── 43/70 2.3it/s 19.0s<11.6s
[K      53/75      8.07G     0.8203      0.635      1.103        315        640: 62% ━━━━━━━╸──── 44/70 2.3it/s 19.5s<11.2s
[K      53/75      8.07G     0.8226     0.6377      1.105        318        640: 64% ━━━━━━━╸──── 45/70 2.3it/s 19.9s<10.8s
[K      53/75      8.07G     0.8247     0.6401      1.107        383        640: 65% ━━━━━━━╸──── 46/70 2.3it/s 20.3s<10.4s
[K      53/75      8.07G      0.824     0.6379      1.107        369        640: 67% ━━━━━━━━──── 47/70 2.3it/s 20.8s<9.9s
[K      53/75      8.07G     0.8249      0.639      1.107        444        640: 68% ━━━━━━━━──── 48/70 2.3it/s 21.2s<9.6s
[K      53/75      8.07G     0.8244     0.6368      1.106        390        640: 70% ━━━━━━━━──── 49/70 2.3it/s 21.6s<9.0s
[K      53/75      8.07G     0.8242     0.6372      1.106        280        640: 71% ━━━━━━━━╸─── 50/70 2.3it/s 22.1s<8.6s
[K      53/75      8.07G     0.8237     0.6365      1.106        358        640: 72% ━━━━━━━━╸─── 51/70 2.3it/s 22.5s<8.2s
[K      53/75      8.07G     0.8222     0.6343      1.104        398        640: 74% ━━━━━━━━╸─── 52/70 2.3it/s 22.9s<7.8s
[K      53/75      8.07G     0.8215     0.6339      1.104        379        640: 75% ━━━━━━━━━─── 53/70 2.3it/s 23.4s<7.4s
[K      53/75      8.07G     0.8203     0.6339      1.104        331        640: 77% ━━━━━━━━━─── 54/70 2.3it/s 23.8s<6.9s
[K      53/75      8.07G     0.8207     0.6356      1.104        284        640: 78% ━━━━━━━━━─── 55/70 2.3it/s 24.2s<6.5s
[K      53/75      8.07G     0.8201     0.6346      1.104        358        640: 80% ━━━━━━━━━╸── 56/70 2.3it/s 24.7s<6.1s
[K      53/75      8.07G      0.822     0.6363      1.105        342        640: 81% ━━━━━━━━━╸── 57/70 2.3it/s 25.1s<5.6s
[K      53/75      8.07G     0.8208      0.634      1.104        335        640: 82% ━━━━━━━━━╸── 58/70 2.3it/s 25.5s<5.2s
[K      53/75      8.07G     0.8189     0.6326      1.102        313        640: 84% ━━━━━━━━━━── 59/70 2.3it/s 26.0s<4.8s
[K      53/75      8.07G     0.8199     0.6324      1.102        359        640: 85% ━━━━━━━━━━── 60/70 2.3it/s 26.4s<4.4s
[K      53/75      8.07G     0.8213     0.6334      1.103        401        640: 87% ━━━━━━━━━━── 61/70 2.3it/s 26.9s<3.9s
[K      53/75      8.07G     0.8224     0.6336      1.102        374        640: 88% ━━━━━━━━━━╸─ 62/70 2.3it/s 27.3s<3.5s
[K      53/75      8.07G     0.8226     0.6327      1.102        470        640: 90% ━━━━━━━━━━╸─ 63/70 2.3it/s 27.7s<3.0s
[K      53/75      8.07G      0.821       0.63      1.101        358        640: 91% ━━━━━━━━━━╸─ 64/70 2.3it/s 28.2s<2.6s
[K      53/75      8.07G     0.8197     0.6297      1.101        230        640: 92% ━━━━━━━━━━━─ 65/70 2.3it/s 28.6s<2.2s
[K      53/75      8.07G     0.8192     0.6303      1.101        336        640: 94% ━━━━━━━━━━━─ 66/70 2.3it/s 29.0s<1.8s
[K      53/75      8.07G      0.818     0.6288        1.1        385        640: 95% ━━━━━━━━━━━─ 67/70 2.3it/s 29.5s<1.3s
[K      53/75      8.07G     0.8188     0.6297        1.1        453        640: 97% ━━━━━━━━━━━╸ 68/70 2.3it/s 29.9s<0.9s
[K      53/75      8.07G     0.8202       0.63        1.1        529        640: 98% ━━━━━━━━━━━╸ 69/70 2.3it/s 30.3s<0.4s
[K      53/75      8.07G     0.8202       0.63        1.1        529        640: 100% ━━━━━━━━━━━━ 70/70 2.3it/s 30.3s

[K                 Class     Images  Instances      Box(P          R      mAP50  mAP50-95): 20% ━━────────── 1/5 1.5s/it 0.4s<5.9s
[K                 Class     Images  Instances      Box(P          R      mAP50  mAP50-95): 40% ━━━━╸─────── 2/5 1.1it/s 0.9s<2.6s
[K                 Class     Images  Instances      Box(P          R      mAP50  mAP50-95): 60% ━━━━━━━───── 3/5 1.5it/s 1.3s<1.4s
[K                 Class     Images  Instances      Box(P          R      mAP50  mAP50-95): 80% ━━━━━━━━━╸── 4/5 1.7it/s 1.8s<0.6s
[K                 Class     Images  Instances      Box(P          R      mAP50  mAP50-95): 100% ━━━━━━━━━━━━ 5/5 2.3it/s 2.2s
                   all        280       3554      0.922       0.78       0.85      0.603

      Epoch    GPU_mem   box_loss   cls_loss   dfl_loss  Instances       Size

[K      54/75       8.2G     0.9159     0.6146       1.08        382        640: 0% ──────────── 0/70  0.4s
[K      54/75       8.2G     0.8819     0.6091      1.105        330        640: 1% ──────────── 1/70 1.4s/it 0.9s<1:38
[K      54/75       8.2G     0.8731     0.5915      1.094        476        640: 2% ──────────── 2/70 1.2it/s 1.3s<58.1s
[K      54/75       8.2G      0.874     0.6185      1.107        464        640: 4% ╸─────────── 3/70 1.5it/s 1.7s<43.8s
[K      54/75       8.2G     0.8468      0.619      1.109        324        640: 5% ╸─────────── 4/70 1.8it/s 2.2s<37.7s
[K      54/75       8.2G     0.8449      0.616      1.107        384        640: 7% ╸─────────── 5/70 1.9it/s 2.6s<33.6s
[K      54/75       8.2G     0.8728     0.6536      1.122        429        640: 8% ━─────────── 6/70 2.0it/s 3.0s<31.4s
[K      54/75       8.2G     0.8781     0.6627      1.126        490        640: 10% ━─────────── 7/70 2.1it/s 3.5s<29.5s
[K      54/75       8.2G     0.8645     0.6527      1.116        309        640: 11% ━─────────── 8/70 2.2it/s 3.9s<28.5s
[K      54/75       8.2G      0.859     0.6404      1.108        337        640: 12% ━╸────────── 9/70 2.2it/s 4.3s<27.3s
[K      54/75       8.2G     0.8525      0.642       1.11        401        640: 14% ━╸────────── 10/70 2.2it/s 4.8s<26.8s
[K      54/75       8.2G     0.8559     0.6446       1.11        396        640: 15% ━╸────────── 11/70 2.3it/s 5.2s<26.0s
[K      54/75       8.2G     0.8545     0.6476       1.11        462        640: 17% ━━────────── 12/70 2.3it/s 5.6s<25.6s
[K      54/75       8.2G     0.8528     0.6453      1.107        415        640: 18% ━━────────── 13/70 2.3it/s 6.1s<24.9s
[K      54/75       8.2G     0.8497     0.6502      1.109        327        640: 20% ━━────────── 14/70 2.3it/s 6.5s<24.6s
[K      54/75       8.2G     0.8474     0.6482      1.107        468        640: 21% ━━╸───────── 15/70 2.3it/s 6.9s<24.0s
[K      54/75       8.2G     0.8471     0.6469      1.105        353        640: 22% ━━╸───────── 16/70 2.3it/s 7.4s<23.6s
[K      54/75       8.2G      0.845     0.6469      1.105        288        640: 24% ━━╸───────── 17/70 2.3it/s 7.8s<22.9s
[K      54/75       8.2G     0.8404      0.646      1.103        347        640: 25% ━━━───────── 18/70 2.3it/s 8.2s<22.6s
[K      54/75       8.2G     0.8418     0.6458      1.102        489        640: 27% ━━━───────── 19/70 2.3it/s 8.7s<22.0s
[K      54/75       8.2G     0.8476     0.6563      1.108        447        640: 28% ━━━───────── 20/70 2.3it/s 9.1s<21.8s
[K      54/75       8.2G     0.8458     0.6557      1.109        332        640: 30% ━━━╸──────── 21/70 2.3it/s 9.5s<21.2s
[K      54/75       8.2G     0.8413     0.6536      1.108        274        640: 31% ━━━╸──────── 22/70 2.3it/s 10.0s<21.0s
[K      54/75       8.2G     0.8375     0.6503      1.106        299        640: 32% ━━━╸──────── 23/70 2.3it/s 10.4s<20.4s
[K      54/75       8.2G     0.8402     0.6525       1.11        359        640: 34% ━━━━──────── 24/70 2.3it/s 10.9s<20.1s
[K      54/75       8.2G     0.8395     0.6531      1.109        353        640: 35% ━━━━──────── 25/70 2.3it/s 11.3s<19.5s
[K      54/75       8.2G     0.8413     0.6538       1.11        370        640: 37% ━━━━──────── 26/70 2.3it/s 11.7s<19.1s
[K      54/75       8.2G     0.8447     0.6575       1.11        324        640: 38% ━━━━╸─────── 27/70 2.3it/s 12.1s<18.6s
[K      54/75       8.2G     0.8463     0.6617      1.111        505        640: 40% ━━━━╸─────── 28/70 2.3it/s 12.6s<18.3s
[K      54/75       8.2G     0.8452     0.6585      1.109        422        640: 41% ━━━━╸─────── 29/70 2.3it/s 13.0s<17.6s
[K      54/75       8.2G       0.85     0.6665      1.113        434        640: 42% ━━━━━─────── 30/70 2.3it/s 13.4s<17.3s
[K      54/75       8.2G     0.8499     0.6655      1.112        511        640: 44% ━━━━━─────── 31/70 2.3it/s 13.9s<16.8s
[K      54/75       8.2G     0.8515     0.6698      1.113        417        640: 45% ━━━━━─────── 32/70 2.3it/s 14.3s<16.5s
[K      54/75       8.2G     0.8499     0.6693      1.113        319        640: 47% ━━━━━╸────── 33/70 2.3it/s 14.7s<16.0s
[K      54/75       8.2G     0.8485     0.6671      1.112        359        640: 48% ━━━━━╸────── 34/70 2.3it/s 15.2s<15.7s
[K      54/75       8.2G     0.8484     0.6675      1.112        444        640: 50% ━━━━━━────── 35/70 2.3it/s 15.6s<15.1s
[K      54/75       8.2G     0.8503     0.6699      1.114        420        640: 51% ━━━━━━────── 36/70 2.3it/s 16.1s<14.8s
[K      54/75       8.2G     0.8527     0.6723      1.116        389        640: 52% ━━━━━━────── 37/70 2.3it/s 16.5s<14.3s
[K      54/75       8.2G      0.852     0.6726      1.114        355        640: 54% ━━━━━━╸───── 38/70 2.3it/s 16.9s<14.0s
[K      54/75       8.2G      0.853     0.6726      1.115        382        640: 55% ━━━━━━╸───── 39/70 2.3it/s 17.3s<13.4s
[K      54/75       8.2G     0.8528     0.6756      1.115        429        640: 57% ━━━━━━╸───── 40/70 2.3it/s 17.8s<13.1s
[K      54/75       8.2G     0.8533     0.6764      1.116        411        640: 58% ━━━━━━━───── 41/70 2.3it/s 18.2s<12.5s
[K      54/75       8.2G     0.8558     0.6779      1.117        397        640: 60% ━━━━━━━───── 42/70 2.3it/s 18.7s<12.2s
[K      54/75       8.2G     0.8546     0.6764      1.116        319        640: 61% ━━━━━━━───── 43/70 2.3it/s 19.1s<11.7s
[K      54/75       8.2G     0.8542     0.6757      1.116        350        640: 62% ━━━━━━━╸──── 44/70 2.3it/s 19.5s<11.3s
[K      54/75       8.2G     0.8525     0.6739      1.114        328        640: 64% ━━━━━━━╸──── 45/70 2.3it/s 20.0s<10.8s
[K      54/75       8.2G     0.8507     0.6731      1.114        265        640: 65% ━━━━━━━╸──── 46/70 2.3it/s 20.4s<10.4s
[K      54/75       8.2G     0.8506     0.6721      1.114        370        640: 67% ━━━━━━━━──── 47/70 2.3it/s 20.8s<9.9s
[K      54/75       8.2G     0.8471      0.668      1.112        282        640: 68% ━━━━━━━━──── 48/70 2.3it/s 21.2s<9.5s
[K      54/75       8.2G     0.8476     0.6674      1.112        378        640: 70% ━━━━━━━━──── 49/70 2.3it/s 21.7s<9.1s
[K      54/75       8.2G     0.8467     0.6653      1.111        338        640: 71% ━━━━━━━━╸─── 50/70 2.3it/s 22.1s<8.7s
[K      54/75       8.2G     0.8476     0.6673      1.112        347        640: 72% ━━━━━━━━╸─── 51/70 2.3it/s 22.5s<8.2s
[K      54/75       8.2G     0.8476     0.6659      1.111        385        640: 74% ━━━━━━━━╸─── 52/70 2.3it/s 23.0s<7.8s
[K      54/75       8.2G     0.8458     0.6638       1.11        290        640: 75% ━━━━━━━━━─── 53/70 2.3it/s 23.4s<7.4s
[K      54/75       8.2G      0.847     0.6647      1.111        452        640: 77% ━━━━━━━━━─── 54/70 2.3it/s 23.9s<7.0s
[K      54/75       8.2G     0.8465     0.6634      1.111        323        640: 78% ━━━━━━━━━─── 55/70 2.3it/s 24.3s<6.5s
[K      54/75       8.2G     0.8452      0.662      1.111        268        640: 80% ━━━━━━━━━╸── 56/70 2.3it/s 24.7s<6.1s
[K      54/75       8.2G     0.8478     0.6631      1.111        487        640: 81% ━━━━━━━━━╸── 57/70 2.3it/s 25.2s<5.6s
[K      54/75       8.2G      0.851      0.665      1.112        431        640: 82% ━━━━━━━━━╸── 58/70 2.3it/s 25.6s<5.2s
[K      54/75       8.2G     0.8509     0.6644      1.112        452        640: 84% ━━━━━━━━━━── 59/70 2.3it/s 26.0s<4.8s
[K      54/75       8.2G     0.8541      0.668      1.113        572        640: 85% ━━━━━━━━━━── 60/70 2.3it/s 26.5s<4.4s
[K      54/75       8.2G      0.853     0.6668      1.112        434        640: 87% ━━━━━━━━━━── 61/70 2.3it/s 26.9s<3.9s
[K      54/75       8.2G     0.8529     0.6677      1.113        328        640: 88% ━━━━━━━━━━╸─ 62/70 2.3it/s 27.3s<3.5s
[K      54/75       8.2G     0.8542     0.6685      1.113        442        640: 90% ━━━━━━━━━━╸─ 63/70 2.3it/s 27.8s<3.0s
[K      54/75       8.2G     0.8541     0.6692      1.114        348        640: 91% ━━━━━━━━━━╸─ 64/70 2.3it/s 28.2s<2.6s
[K      54/75       8.2G     0.8534     0.6692      1.114        300        640: 92% ━━━━━━━━━━━─ 65/70 2.3it/s 28.6s<2.2s
[K      54/75       8.2G     0.8533     0.6678      1.113        337        640: 94% ━━━━━━━━━━━─ 66/70 2.3it/s 29.1s<1.7s
[K      54/75       8.2G     0.8521     0.6667      1.113        360        640: 95% ━━━━━━━━━━━─ 67/70 2.3it/s 29.5s<1.3s
[K      54/75       8.2G     0.8511     0.6661      1.113        330        640: 97% ━━━━━━━━━━━╸ 68/70 2.3it/s 30.0s<0.9s
[K      54/75       8.2G     0.8516     0.6673      1.114        398        640: 98% ━━━━━━━━━━━╸ 69/70 2.3it/s 30.4s<0.4s
[K      54/75       8.2G     0.8516     0.6673      1.114        398        640: 100% ━━━━━━━━━━━━ 70/70 2.3it/s 30.4s

[K                 Class     Images  Instances      Box(P          R      mAP50  mAP50-95): 20% ━━────────── 1/5 1.5s/it 0.4s<5.9s
[K                 Class     Images  Instances      Box(P          R      mAP50  mAP50-95): 40% ━━━━╸─────── 2/5 1.2it/s 0.9s<2.6s
[K                 Class     Images  Instances      Box(P          R      mAP50  mAP50-95): 60% ━━━━━━━───── 3/5 1.5it/s 1.3s<1.3s
[K                 Class     Images  Instances      Box(P          R      mAP50  mAP50-95): 80% ━━━━━━━━━╸── 4/5 1.7it/s 1.8s<0.6s
[K                 Class     Images  Instances      Box(P          R      mAP50  mAP50-95): 100% ━━━━━━━━━━━━ 5/5 2.3it/s 2.2s
                   all        280       3554      0.919      0.793      0.853       0.61

      Epoch    GPU_mem   box_loss   cls_loss   dfl_loss  Instances       Size

[K      55/75      8.03G     0.9045     0.7472      1.147        440        640: 0% ──────────── 0/70  0.4s
[K      55/75      8.03G     0.9282     0.7953      1.175        426        640: 1% ──────────── 1/70 1.4s/it 0.9s<1:36
[K      55/75      8.03G     0.9067      0.768      1.168        348        640: 2% ──────────── 2/70 1.2it/s 1.3s<58.1s
[K      55/75      8.03G      0.873     0.7267      1.139        390        640: 4% ╸─────────── 3/70 1.5it/s 1.7s<43.6s
[K      55/75      8.03G     0.8835     0.7331      1.141        406        640: 5% ╸─────────── 4/70 1.8it/s 2.2s<37.4s
[K      55/75      8.03G      0.877      0.718      1.136        321        640: 7% ╸─────────── 5/70 1.9it/s 2.6s<33.6s
[K      55/75      8.03G     0.8724     0.7089      1.136        335        640: 8% ━─────────── 6/70 2.0it/s 3.0s<31.4s
[K      55/75      8.03G     0.8594     0.6914      1.128        363        640: 10% ━─────────── 7/70 2.1it/s 3.4s<29.4s
[K      55/75      8.03G     0.8685     0.7122      1.135        417        640: 11% ━─────────── 8/70 2.2it/s 3.9s<28.4s
[K      55/75      8.03G      0.876     0.7196      1.142        336        640: 12% ━╸────────── 9/70 2.2it/s 4.3s<27.3s
[K      55/75      8.03G     0.8705     0.7101      1.138        456        640: 14% ━╸────────── 10/70 2.2it/s 4.8s<26.8s
[K      55/75      8.03G     0.8579     0.6936      1.129        342        640: 15% ━╸────────── 11/70 2.3it/s 5.2s<25.8s
[K      55/75      8.03G     0.8654     0.6903      1.127        396        640: 17% ━━────────── 12/70 2.3it/s 5.6s<25.6s
[K      55/75      8.03G     0.8696     0.6909      1.125        392        640: 18% ━━────────── 13/70 2.3it/s 6.0s<24.7s
[K      55/75      8.03G     0.8733     0.6938      1.128        350        640: 20% ━━────────── 14/70 2.3it/s 6.5s<24.4s
[K      55/75      8.03G     0.8765     0.6951      1.127        490        640: 21% ━━╸───────── 15/70 2.3it/s 6.9s<23.8s
[K      55/75      8.03G     0.8803     0.7058      1.135        315        640: 22% ━━╸───────── 16/70 2.3it/s 7.3s<23.6s
[K      55/75      8.03G     0.8736      0.701      1.132        320        640: 24% ━━╸───────── 17/70 2.3it/s 7.8s<22.8s
[K      55/75      8.03G      0.873     0.6974       1.13        475        640: 25% ━━━───────── 18/70 2.3it/s 8.2s<22.6s
[K      55/75      8.03G     0.8688     0.6894      1.128        320        640: 27% ━━━───────── 19/70 2.3it/s 8.7s<22.3s
[K      55/75      8.03G     0.8636     0.6842      1.124        356        640: 28% ━━━───────── 20/70 2.3it/s 9.1s<21.9s
[K      55/75      8.03G     0.8538     0.6773       1.12        222        640: 30% ━━━╸──────── 21/70 2.3it/s 9.5s<21.1s
[K      55/75      8.03G     0.8567     0.6812      1.123        384        640: 31% ━━━╸──────── 22/70 2.3it/s 9.9s<20.8s
[K      55/75      8.03G     0.8565     0.6806      1.122        357        640: 32% ━━━╸──────── 23/70 2.3it/s 10.4s<20.3s
[K      55/75      8.03G     0.8591     0.6836      1.125        347        640: 34% ━━━━──────── 24/70 2.3it/s 10.8s<20.0s
[K      55/75      8.03G      0.858     0.6804      1.126        268        640: 35% ━━━━──────── 25/70 2.3it/s 11.2s<19.4s
[K      55/75      8.03G     0.8561      0.678      1.123        486        640: 37% ━━━━──────── 26/70 2.3it/s 11.7s<19.2s
[K      55/75      8.03G     0.8505     0.6719      1.119        368        640: 38% ━━━━╸─────── 27/70 2.3it/s 12.1s<18.7s
[K      55/75      8.03G      0.849     0.6681      1.119        302        640: 40% ━━━━╸─────── 28/70 2.3it/s 12.6s<18.3s
[K      55/75      8.03G     0.8444     0.6611      1.118        290        640: 41% ━━━━╸─────── 29/70 2.3it/s 13.0s<17.8s
[K      55/75      8.03G     0.8432     0.6611      1.118        257        640: 42% ━━━━━─────── 30/70 2.3it/s 13.4s<17.5s
[K      55/75      8.03G     0.8403     0.6567      1.115        398        640: 44% ━━━━━─────── 31/70 2.3it/s 13.9s<16.9s
[K      55/75      8.03G     0.8398     0.6577      1.115        254        640: 45% ━━━━━─────── 32/70 2.3it/s 14.3s<16.6s
[K      55/75      8.03G     0.8373     0.6552      1.114        303        640: 47% ━━━━━╸────── 33/70 2.3it/s 14.7s<16.1s
[K      55/75      8.03G     0.8367     0.6556      1.114        419        640: 48% ━━━━━╸────── 34/70 2.3it/s 15.2s<15.7s
[K      55/75      8.03G     0.8344     0.6542      1.114        275        640: 50% ━━━━━━────── 35/70 2.3it/s 15.6s<15.0s
[K      55/75      8.03G      0.836     0.6535      1.114        433        640: 51% ━━━━━━────── 36/70 2.3it/s 16.0s<14.7s
[K      55/75      8.03G     0.8332      0.652      1.113        334        640: 52% ━━━━━━────── 37/70 2.3it/s 16.4s<14.1s
[K      55/75      8.03G      0.832     0.6492      1.111        382        640: 54% ━━━━━━╸───── 38/70 2.3it/s 16.9s<13.9s
[K      55/75      8.03G     0.8357      0.652      1.112        565        640: 55% ━━━━━━╸───── 39/70 2.3it/s 17.3s<13.4s
[K      55/75      8.03G     0.8384     0.6532      1.113        441        640: 57% ━━━━━━╸───── 40/70 2.3it/s 17.8s<13.1s
[K      55/75      8.03G     0.8374     0.6525      1.113        390        640: 58% ━━━━━━━───── 41/70 2.3it/s 18.2s<12.6s
[K      55/75      8.03G     0.8388     0.6503      1.111        567        640: 60% ━━━━━━━───── 42/70 2.3it/s 18.6s<12.2s
[K      55/75      8.03G     0.8389     0.6511       1.11        501        640: 61% ━━━━━━━───── 43/70 2.3it/s 19.1s<11.7s
[K      55/75      8.03G     0.8384     0.6496       1.11        428        640: 62% ━━━━━━━╸──── 44/70 2.3it/s 19.5s<11.4s
[K      55/75      8.03G     0.8381     0.6494       1.11        373        640: 64% ━━━━━━━╸──── 45/70 2.3it/s 19.9s<10.8s
[K      55/75      8.03G     0.8372     0.6508       1.11        312        640: 65% ━━━━━━━╸──── 46/70 2.3it/s 20.4s<10.4s
[K      55/75      8.03G     0.8339     0.6486      1.109        308        640: 67% ━━━━━━━━──── 47/70 2.3it/s 20.8s<9.9s
[K      55/75      8.03G     0.8343      0.648      1.109        426        640: 68% ━━━━━━━━──── 48/70 2.3it/s 21.2s<9.5s
[K      55/75      8.03G     0.8331     0.6472      1.108        425        640: 70% ━━━━━━━━──── 49/70 2.3it/s 21.7s<9.0s
[K      55/75      8.03G     0.8332     0.6484      1.108        380        640: 71% ━━━━━━━━╸─── 50/70 2.3it/s 22.1s<8.7s
[K      55/75      8.03G     0.8314     0.6485      1.108        342        640: 72% ━━━━━━━━╸─── 51/70 2.3it/s 22.5s<8.2s
[K      55/75      8.03G      0.829     0.6475      1.107        363        640: 74% ━━━━━━━━╸─── 52/70 2.3it/s 23.0s<7.8s
[K      55/75      8.03G     0.8281     0.6474      1.107        312        640: 75% ━━━━━━━━━─── 53/70 2.3it/s 23.4s<7.3s
[K      55/75      8.03G     0.8279     0.6459      1.107        429        640: 77% ━━━━━━━━━─── 54/70 2.3it/s 23.8s<6.9s
[K      55/75      8.03G     0.8259     0.6443      1.106        298        640: 78% ━━━━━━━━━─── 55/70 2.3it/s 24.2s<6.4s
[K      55/75      8.03G     0.8264     0.6452      1.106        405        640: 80% ━━━━━━━━━╸── 56/70 2.3it/s 24.7s<6.1s
[K      55/75      8.03G     0.8269     0.6464      1.108        277        640: 81% ━━━━━━━━━╸── 57/70 2.3it/s 25.1s<5.6s
[K      55/75      8.03G     0.8264     0.6465      1.107        252        640: 82% ━━━━━━━━━╸── 58/70 2.3it/s 25.6s<5.3s
[K      55/75      8.03G     0.8281     0.6471      1.107        497        640: 84% ━━━━━━━━━━── 59/70 2.3it/s 26.0s<4.8s
[K      55/75      8.03G     0.8295      0.647      1.108        393        640: 85% ━━━━━━━━━━── 60/70 2.3it/s 26.4s<4.4s
[K      55/75      8.03G     0.8296     0.6451      1.107        406        640: 87% ━━━━━━━━━━── 61/70 2.3it/s 26.9s<3.9s
[K      55/75      8.03G     0.8296     0.6446      1.107        374        640: 88% ━━━━━━━━━━╸─ 62/70 2.3it/s 27.3s<3.5s
[K      55/75      8.03G     0.8301     0.6447      1.107        316        640: 90% ━━━━━━━━━━╸─ 63/70 2.3it/s 27.7s<3.0s
[K      55/75      8.03G     0.8311     0.6436      1.106        393        640: 91% ━━━━━━━━━━╸─ 64/70 2.3it/s 28.2s<2.6s
[K      55/75      8.03G     0.8318     0.6464      1.107        317        640: 92% ━━━━━━━━━━━─ 65/70 2.3it/s 28.6s<2.2s
[K      55/75      8.03G     0.8328      0.646      1.107        409        640: 94% ━━━━━━━━━━━─ 66/70 2.3it/s 29.0s<1.7s
[K      55/75      8.03G     0.8317     0.6457      1.107        391        640: 95% ━━━━━━━━━━━─ 67/70 2.3it/s 29.5s<1.3s
[K      55/75      8.03G     0.8306     0.6439      1.106        350        640: 97% ━━━━━━━━━━━╸ 68/70 2.3it/s 29.9s<0.9s
[K      55/75      8.03G     0.8295     0.6428      1.106        291        640: 98% ━━━━━━━━━━━╸ 69/70 2.3it/s 30.3s<0.4s
[K      55/75      8.03G     0.8295     0.6428      1.106        291        640: 100% ━━━━━━━━━━━━ 70/70 2.3it/s 30.3s

[K                 Class     Images  Instances      Box(P          R      mAP50  mAP50-95): 20% ━━────────── 1/5 1.5s/it 0.4s<5.9s
[K                 Class     Images  Instances      Box(P          R      mAP50  mAP50-95): 40% ━━━━╸─────── 2/5 1.1it/s 0.9s<2.6s
[K                 Class     Images  Instances      Box(P          R      mAP50  mAP50-95): 60% ━━━━━━━───── 3/5 1.5it/s 1.3s<1.3s
[K                 Class     Images  Instances      Box(P          R      mAP50  mAP50-95): 80% ━━━━━━━━━╸── 4/5 1.7it/s 1.8s<0.6s
[K                 Class     Images  Instances      Box(P          R      mAP50  mAP50-95): 100% ━━━━━━━━━━━━ 5/5 2.3it/s 2.2s
                   all        280       3554       0.91      0.804      0.857       0.62

      Epoch    GPU_mem   box_loss   cls_loss   dfl_loss  Instances       Size

[K      56/75      8.05G       0.74     0.6163        1.1        309        640: 0% ──────────── 0/70  0.4s
[K      56/75      8.05G      0.729     0.5783      1.068        357        640: 1% ──────────── 1/70 1.4s/it 0.9s<1:37
[K      56/75      8.05G     0.7324     0.5753      1.065        374        640: 2% ──────────── 2/70 1.2it/s 1.3s<57.6s
[K      56/75      8.05G       0.78     0.6266      1.102        351        640: 4% ╸─────────── 3/70 1.5it/s 1.7s<43.7s
[K      56/75      8.05G     0.7845     0.6168      1.103        379        640: 5% ╸─────────── 4/70 1.8it/s 2.2s<37.6s
[K      56/75      8.05G     0.7969     0.6248      1.108        373        640: 7% ╸─────────── 5/70 1.9it/s 2.6s<33.5s
[K      56/75      8.05G     0.7927     0.6143      1.102        381        640: 8% ━─────────── 6/70 2.0it/s 3.0s<31.4s
[K      56/75      8.05G     0.8106     0.6309      1.103        488        640: 10% ━─────────── 7/70 2.1it/s 3.4s<29.6s
[K      56/75      8.05G     0.8151     0.6463      1.109        421        640: 11% ━─────────── 8/70 2.2it/s 3.9s<28.7s
[K      56/75      8.05G     0.8012     0.6311      1.104        298        640: 12% ━╸────────── 9/70 2.2it/s 4.3s<27.4s
[K      56/75      8.05G     0.8064     0.6333      1.102        456        640: 14% ━╸────────── 10/70 2.2it/s 4.8s<26.9s
[K      56/75      8.05G     0.8141     0.6378      1.106        393        640: 15% ━╸────────── 11/70 2.3it/s 5.2s<25.9s
[K      56/75      8.05G      0.809     0.6313        1.1        390        640: 17% ━━────────── 12/70 2.3it/s 5.6s<25.6s
[K      56/75      8.05G     0.8052     0.6273      1.103        261        640: 18% ━━────────── 13/70 2.3it/s 6.0s<24.8s
[K      56/75      8.05G     0.8048     0.6271        1.1        341        640: 20% ━━────────── 14/70 2.3it/s 6.5s<24.4s
[K      56/75      8.05G     0.8022     0.6272      1.099        310        640: 21% ━━╸───────── 15/70 2.3it/s 6.9s<24.1s
[K      56/75      8.05G     0.8055     0.6229      1.094        653        640: 22% ━━╸───────── 16/70 2.3it/s 7.4s<23.8s
[K      56/75      8.05G     0.8045     0.6226      1.094        316        640: 24% ━━╸───────── 17/70 2.3it/s 7.8s<23.0s
[K      56/75      8.05G     0.8152     0.6294      1.098        481        640: 25% ━━━───────── 18/70 2.3it/s 8.3s<22.9s
[K      56/75      8.05G     0.8189     0.6328      1.102        313        640: 27% ━━━───────── 19/70 2.3it/s 8.7s<22.2s
[K      56/75      8.05G       0.82     0.6424      1.105        330        640: 28% ━━━───────── 20/70 2.3it/s 9.1s<21.9s
[K      56/75      8.05G     0.8154     0.6386      1.104        211        640: 30% ━━━╸──────── 21/70 2.3it/s 9.5s<21.2s
[K      56/75      8.05G     0.8228     0.6443      1.107        423        640: 31% ━━━╸──────── 22/70 2.3it/s 10.0s<20.9s
[K      56/75      8.05G     0.8231     0.6411      1.106        286        640: 32% ━━━╸──────── 23/70 2.3it/s 10.4s<20.3s
[K      56/75      8.05G     0.8193     0.6355      1.103        353        640: 34% ━━━━──────── 24/70 2.3it/s 10.8s<20.0s
[K      56/75      8.05G      0.815     0.6325      1.102        300        640: 35% ━━━━──────── 25/70 2.3it/s 11.3s<19.4s
[K      56/75      8.05G      0.821     0.6409      1.106        465        640: 37% ━━━━──────── 26/70 2.3it/s 11.7s<19.1s
[K      56/75      8.05G     0.8266     0.6468       1.11        348        640: 38% ━━━━╸─────── 27/70 2.3it/s 12.1s<18.5s
[K      56/75      8.05G     0.8331      0.656      1.116        336        640: 40% ━━━━╸─────── 28/70 2.3it/s 12.6s<18.3s
[K      56/75      8.05G     0.8338     0.6557      1.116        365        640: 41% ━━━━╸─────── 29/70 2.3it/s 13.0s<17.7s
[K      56/75      8.05G     0.8327     0.6572      1.116        434        640: 42% ━━━━━─────── 30/70 2.3it/s 13.5s<17.4s
[K      56/75      8.05G     0.8318     0.6542      1.113        466        640: 44% ━━━━━─────── 31/70 2.3it/s 13.9s<16.9s
[K      56/75      8.05G     0.8292     0.6548      1.113        299        640: 45% ━━━━━─────── 32/70 2.3it/s 14.3s<16.6s
[K      56/75      8.05G     0.8296     0.6532      1.111        355        640: 47% ━━━━━╸────── 33/70 2.3it/s 14.7s<16.0s
[K      56/75      8.05G     0.8313     0.6544      1.112        369        640: 48% ━━━━━╸────── 34/70 2.3it/s 15.2s<15.8s
[K      56/75      8.05G     0.8319     0.6539      1.111        400        640: 50% ━━━━━━────── 35/70 2.3it/s 15.6s<15.1s
[K      56/75      8.05G     0.8314     0.6537      1.111        357        640: 51% ━━━━━━────── 36/70 2.3it/s 16.1s<14.8s
[K      56/75      8.05G     0.8298     0.6522       1.11        311        640: 52% ━━━━━━────── 37/70 2.3it/s 16.5s<14.2s
[K      56/75      8.05G     0.8284     0.6495      1.108        434        640: 54% ━━━━━━╸───── 38/70 2.3it/s 16.9s<14.0s
[K      56/75      8.05G     0.8305     0.6501      1.109        275        640: 55% ━━━━━━╸───── 39/70 2.3it/s 17.4s<13.4s
[K      56/75      8.05G     0.8293      0.649      1.109        370        640: 57% ━━━━━━╸───── 40/70 2.3it/s 17.8s<13.0s
[K      56/75      8.05G     0.8255     0.6465      1.107        278        640: 58% ━━━━━━━───── 41/70 2.3it/s 18.2s<12.6s
[K      56/75      8.05G     0.8246     0.6451      1.106        367        640: 60% ━━━━━━━───── 42/70 2.3it/s 18.7s<12.2s
[K      56/75      8.05G     0.8231     0.6436      1.105        397        640: 61% ━━━━━━━───── 43/70 2.3it/s 19.1s<11.6s
[K      56/75      8.05G     0.8207     0.6404      1.103        368        640: 62% ━━━━━━━╸──── 44/70 2.3it/s 19.5s<11.2s
[K      56/75      8.05G      0.822     0.6413      1.104        479        640: 64% ━━━━━━━╸──── 45/70 2.3it/s 19.9s<10.8s
[K      56/75      8.05G     0.8227     0.6421      1.106        241        640: 65% ━━━━━━━╸──── 46/70 2.3it/s 20.4s<10.5s
[K      56/75      8.05G     0.8227     0.6431      1.106        392        640: 67% ━━━━━━━━──── 47/70 2.3it/s 20.8s<9.9s
[K      56/75      8.05G     0.8215     0.6412      1.105        322        640: 68% ━━━━━━━━──── 48/70 2.3it/s 21.3s<9.5s
[K      56/75      8.05G     0.8227     0.6431      1.105        423        640: 70% ━━━━━━━━──── 49/70 2.3it/s 21.7s<9.1s
[K      56/75      8.05G     0.8209     0.6418      1.104        471        640: 71% ━━━━━━━━╸─── 50/70 2.3it/s 22.1s<8.7s
[K      56/75      8.05G     0.8224     0.6431      1.105        412        640: 72% ━━━━━━━━╸─── 51/70 2.3it/s 22.6s<8.2s
[K      56/75      8.05G     0.8224     0.6427      1.105        362        640: 74% ━━━━━━━━╸─── 52/70 2.3it/s 23.0s<7.9s
[K      56/75      8.05G     0.8217     0.6425      1.105        329        640: 75% ━━━━━━━━━─── 53/70 2.3it/s 23.4s<7.3s
[K      56/75      8.05G     0.8243     0.6458      1.107        416        640: 77% ━━━━━━━━━─── 54/70 2.3it/s 23.9s<7.0s
[K      56/75      8.05G     0.8236     0.6434      1.105        338        640: 78% ━━━━━━━━━─── 55/70 2.3it/s 24.3s<6.5s
[K      56/75      8.05G     0.8229     0.6434      1.106        376        640: 80% ━━━━━━━━━╸── 56/70 2.3it/s 24.7s<6.1s
[K      56/75      8.05G     0.8233     0.6429      1.105        366        640: 81% ━━━━━━━━━╸── 57/70 2.3it/s 25.2s<5.6s
[K      56/75      8.05G     0.8223     0.6417      1.105        431        640: 82% ━━━━━━━━━╸── 58/70 2.3it/s 25.6s<5.2s
[K      56/75      8.05G     0.8242     0.6408      1.104        555        640: 84% ━━━━━━━━━━── 59/70 2.3it/s 26.0s<4.8s
[K      56/75      8.05G      0.824     0.6419      1.104        309        640: 85% ━━━━━━━━━━── 60/70 2.3it/s 26.5s<4.4s
[K      56/75      8.05G     0.8268     0.6453      1.106        411        640: 87% ━━━━━━━━━━── 61/70 2.3it/s 26.9s<3.9s
[K      56/75      8.05G     0.8261     0.6447      1.106        312        640: 88% ━━━━━━━━━━╸─ 62/70 2.3it/s 27.4s<3.5s
[K      56/75      8.05G     0.8247     0.6425      1.105        386        640: 90% ━━━━━━━━━━╸─ 63/70 2.3it/s 27.8s<3.0s
[K      56/75      8.05G     0.8259     0.6422      1.105        442        640: 91% ━━━━━━━━━━╸─ 64/70 2.3it/s 28.2s<2.6s
[K      56/75      8.05G     0.8244      0.641      1.104        370        640: 92% ━━━━━━━━━━━─ 65/70 2.3it/s 28.7s<2.2s
[K      56/75      8.05G     0.8233     0.6389      1.103        401        640: 94% ━━━━━━━━━━━─ 66/70 2.3it/s 29.1s<1.7s
[K      56/75      8.05G     0.8223      0.638      1.102        342        640: 95% ━━━━━━━━━━━─ 67/70 2.3it/s 29.5s<1.3s
[K      56/75      8.05G     0.8229     0.6382      1.102        479        640: 97% ━━━━━━━━━━━╸ 68/70 2.3it/s 30.0s<0.9s
[K      56/75      8.05G     0.8218     0.6379      1.102        320        640: 98% ━━━━━━━━━━━╸ 69/70 2.3it/s 30.4s<0.4s
[K      56/75      8.05G     0.8218     0.6379      1.102        320        640: 100% ━━━━━━━━━━━━ 70/70 2.3it/s 30.4s

[K                 Class     Images  Instances      Box(P          R      mAP50  mAP50-95): 20% ━━────────── 1/5 1.5s/it 0.4s<5.9s
[K                 Class     Images  Instances      Box(P          R      mAP50  mAP50-95): 40% ━━━━╸─────── 2/5 1.1it/s 0.9s<2.6s
[K                 Class     Images  Instances      Box(P          R      mAP50  mAP50-95): 60% ━━━━━━━───── 3/5 1.5it/s 1.3s<1.3s
[K                 Class     Images  Instances      Box(P          R      mAP50  mAP50-95): 80% ━━━━━━━━━╸── 4/5 1.7it/s 1.8s<0.6s
[K                 Class     Images  Instances      Box(P          R      mAP50  mAP50-95): 100% ━━━━━━━━━━━━ 5/5 2.3it/s 2.2s
                   all        280       3554      0.923      0.783      0.858       0.62

      Epoch    GPU_mem   box_loss   cls_loss   dfl_loss  Instances       Size

[K      57/75      8.07G     0.7589     0.5795      1.119        269        640: 0% ──────────── 0/70  0.4s
[K      57/75      8.07G     0.7907     0.5983      1.111        344        640: 1% ──────────── 1/70 1.4s/it 0.9s<1:37
[K      57/75      8.07G     0.8138     0.6107      1.113        386        640: 2% ──────────── 2/70 1.2it/s 1.3s<57.8s
[K      57/75      8.07G     0.8372     0.6391      1.119        401        640: 4% ╸─────────── 3/70 1.5it/s 1.7s<43.8s
[K      57/75      8.07G     0.8232     0.6431       1.11        406        640: 5% ╸─────────── 4/70 1.8it/s 2.2s<37.7s
[K      57/75      8.07G     0.8093     0.6217      1.099        318        640: 7% ╸─────────── 5/70 1.9it/s 2.6s<33.4s
[K      57/75      8.07G     0.8005     0.6026      1.091        285        640: 8% ━─────────── 6/70 2.0it/s 3.0s<31.4s
[K      57/75      8.07G     0.8047      0.608      1.091        418        640: 10% ━─────────── 7/70 2.1it/s 3.5s<29.7s
[K      57/75      8.07G     0.8163     0.6202      1.098        542        640: 11% ━─────────── 8/70 2.2it/s 3.9s<28.7s
[K      57/75      8.07G     0.8177     0.6235      1.102        338        640: 12% ━╸────────── 9/70 2.2it/s 4.3s<27.4s
[K      57/75      8.07G     0.8201     0.6256      1.102        527        640: 14% ━╸────────── 10/70 2.2it/s 4.8s<26.9s
[K      57/75      8.07G     0.8223     0.6259      1.101        395        640: 15% ━╸────────── 11/70 2.3it/s 5.2s<26.1s
[K      57/75      8.07G     0.8176     0.6238      1.099        289        640: 17% ━━────────── 12/70 2.3it/s 5.6s<25.7s
[K      57/75      8.07G     0.8163     0.6227      1.101        324        640: 18% ━━────────── 13/70 2.3it/s 6.1s<24.8s
[K      57/75      8.07G     0.8096     0.6191      1.098        343        640: 20% ━━────────── 14/70 2.3it/s 6.5s<24.4s
[K      57/75      8.07G     0.8075     0.6187      1.098        400        640: 21% ━━╸───────── 15/70 2.3it/s 6.9s<23.8s
[K      57/75      8.07G     0.8161     0.6261      1.101        473        640: 22% ━━╸───────── 16/70 2.3it/s 7.4s<23.6s
[K      57/75      8.07G     0.8179     0.6324      1.103        415        640: 24% ━━╸───────── 17/70 2.3it/s 7.8s<22.9s
[K      57/75      8.07G     0.8163     0.6315      1.105        317        640: 25% ━━━───────── 18/70 2.3it/s 8.2s<22.6s
[K      57/75      8.07G     0.8286     0.6416       1.11        402        640: 27% ━━━───────── 19/70 2.3it/s 8.7s<22.1s
[K      57/75      8.07G      0.829     0.6391      1.108        390        640: 28% ━━━───────── 20/70 2.3it/s 9.1s<21.9s
[K      57/75      8.07G     0.8265     0.6343      1.106        316        640: 30% ━━━╸──────── 21/70 2.3it/s 9.5s<21.2s
[K      57/75      8.07G     0.8233     0.6326      1.105        353        640: 31% ━━━╸──────── 22/70 2.3it/s 10.0s<21.0s
[K      57/75      8.07G     0.8201     0.6281      1.102        423        640: 32% ━━━╸──────── 23/70 2.3it/s 10.4s<20.3s
[K      57/75      8.07G     0.8204     0.6273        1.1        300        640: 34% ━━━━──────── 24/70 2.3it/s 10.8s<20.1s
[K      57/75      8.07G     0.8207      0.628      1.099        390        640: 35% ━━━━──────── 25/70 2.3it/s 11.3s<19.4s
[K      57/75      8.07G     0.8206     0.6262      1.098        442        640: 37% ━━━━──────── 26/70 2.3it/s 11.7s<19.1s
[K      57/75      8.07G     0.8228     0.6271      1.099        488        640: 38% ━━━━╸─────── 27/70 2.3it/s 12.1s<18.5s
[K      57/75      8.07G     0.8235     0.6311      1.101        401        640: 40% ━━━━╸─────── 28/70 2.3it/s 12.6s<18.3s
[K      57/75      8.07G     0.8207     0.6275      1.099        357        640: 41% ━━━━╸─────── 29/70 2.3it/s 13.0s<17.7s
[K      57/75      8.07G     0.8209     0.6262      1.098        445        640: 42% ━━━━━─────── 30/70 2.3it/s 13.5s<17.5s
[K      57/75      8.07G     0.8163     0.6223      1.095        321        640: 44% ━━━━━─────── 31/70 2.3it/s 13.9s<16.9s
[K      57/75      8.07G      0.816     0.6218      1.095        347        640: 45% ━━━━━─────── 32/70 2.3it/s 14.3s<16.6s
[K      57/75      8.07G     0.8123     0.6179      1.093        317        640: 47% ━━━━━╸────── 33/70 2.3it/s 14.8s<16.1s
[K      57/75      8.07G     0.8102     0.6157      1.091        360        640: 48% ━━━━━╸────── 34/70 2.3it/s 15.2s<15.7s
[K      57/75      8.07G      0.807     0.6137       1.09        321        640: 50% ━━━━━━────── 35/70 2.3it/s 15.6s<15.2s
[K      57/75      8.07G     0.8094     0.6197      1.094        341        640: 51% ━━━━━━────── 36/70 2.3it/s 16.1s<14.9s
[K      57/75      8.07G     0.8086     0.6166      1.092        426        640: 52% ━━━━━━────── 37/70 2.3it/s 16.5s<14.3s
[K      57/75      8.07G     0.8096     0.6178      1.093        454        640: 54% ━━━━━━╸───── 38/70 2.3it/s 16.9s<14.0s
[K      57/75      8.07G     0.8116     0.6189      1.093        430        640: 55% ━━━━━━╸───── 39/70 2.3it/s 17.4s<13.4s
[K      57/75      8.07G      0.811     0.6182      1.092        327        640: 57% ━━━━━━╸───── 40/70 2.3it/s 17.8s<13.1s
[K      57/75      8.07G     0.8116     0.6193      1.092        332        640: 58% ━━━━━━━───── 41/70 2.3it/s 18.2s<12.5s
[K      57/75      8.07G     0.8115     0.6173       1.09        409        640: 60% ━━━━━━━───── 42/70 2.3it/s 18.7s<12.2s
[K      57/75      8.07G      0.812     0.6178       1.09        376        640: 61% ━━━━━━━───── 43/70 2.3it/s 19.1s<11.6s
[K      57/75      8.07G      0.809     0.6169       1.09        260        640: 62% ━━━━━━━╸──── 44/70 2.3it/s 19.5s<11.3s
[K      57/75      8.07G     0.8103     0.6187      1.092        270        640: 64% ━━━━━━━╸──── 45/70 2.3it/s 20.0s<10.7s
[K      57/75      8.07G     0.8109     0.6188      1.091        331        640: 65% ━━━━━━━╸──── 46/70 2.3it/s 20.4s<10.4s
[K      57/75      8.07G     0.8099     0.6192      1.091        405        640: 67% ━━━━━━━━──── 47/70 2.3it/s 20.8s<9.9s
[K      57/75      8.07G     0.8118     0.6191       1.09        430        640: 68% ━━━━━━━━──── 48/70 2.3it/s 21.3s<9.6s
[K      57/75      8.07G     0.8119     0.6194      1.091        342        640: 70% ━━━━━━━━──── 49/70 2.3it/s 21.7s<9.0s
[K      57/75      8.07G     0.8109     0.6182       1.09        405        640: 71% ━━━━━━━━╸─── 50/70 2.3it/s 22.1s<8.7s
[K      57/75      8.07G     0.8132     0.6212      1.092        452        640: 72% ━━━━━━━━╸─── 51/70 2.3it/s 22.6s<8.2s
[K      57/75      8.07G     0.8115       0.62      1.091        312        640: 74% ━━━━━━━━╸─── 52/70 2.3it/s 23.0s<7.8s
[K      57/75      8.07G     0.8114       0.62      1.091        414        640: 75% ━━━━━━━━━─── 53/70 2.3it/s 23.4s<7.4s
[K      57/75      8.07G     0.8108      0.621      1.092        363        640: 77% ━━━━━━━━━─── 54/70 2.3it/s 23.9s<7.0s
[K      57/75      8.07G     0.8132     0.6225      1.092        417        640: 78% ━━━━━━━━━─── 55/70 2.3it/s 24.3s<6.5s
[K      57/75      8.07G     0.8137     0.6237      1.093        367        640: 80% ━━━━━━━━━╸── 56/70 2.3it/s 24.8s<6.1s
[K      57/75      8.07G     0.8135     0.6232      1.091        459        640: 81% ━━━━━━━━━╸── 57/70 2.3it/s 25.2s<5.6s
[K      57/75      8.07G      0.813     0.6214      1.091        450        640: 82% ━━━━━━━━━╸── 58/70 2.3it/s 25.6s<5.2s
[K      57/75      8.07G     0.8153     0.6249      1.092        384        640: 84% ━━━━━━━━━━── 59/70 2.3it/s 26.0s<4.7s
[K      57/75      8.07G     0.8153     0.6245      1.092        444        640: 85% ━━━━━━━━━━── 60/70 2.3it/s 26.5s<4.4s
[K      57/75      8.07G     0.8171     0.6281      1.094        384        640: 87% ━━━━━━━━━━── 61/70 2.3it/s 26.9s<3.9s
[K      57/75      8.07G     0.8164     0.6278      1.094        317        640: 88% ━━━━━━━━━━╸─ 62/70 2.3it/s 27.4s<3.5s
[K      57/75      8.07G     0.8156     0.6277      1.094        384        640: 90% ━━━━━━━━━━╸─ 63/70 2.3it/s 27.8s<3.0s
[K      57/75      8.07G     0.8173     0.6296      1.094        500        640: 91% ━━━━━━━━━━╸─ 64/70 2.3it/s 28.2s<2.6s
[K      57/75      8.07G     0.8164     0.6299      1.094        340        640: 92% ━━━━━━━━━━━─ 65/70 2.3it/s 28.6s<2.1s
[K      57/75      8.07G     0.8149     0.6288      1.094        287        640: 94% ━━━━━━━━━━━─ 66/70 2.3it/s 29.1s<1.7s
[K      57/75      8.07G     0.8148      0.628      1.094        351        640: 95% ━━━━━━━━━━━─ 67/70 2.3it/s 29.5s<1.3s
[K      57/75      8.07G     0.8158     0.6285      1.094        511        640: 97% ━━━━━━━━━━━╸ 68/70 2.3it/s 30.0s<0.9s
[K      57/75      8.07G     0.8171     0.6293      1.094        417        640: 98% ━━━━━━━━━━━╸ 69/70 2.3it/s 30.4s<0.4s
[K      57/75      8.07G     0.8171     0.6293      1.094        417        640: 100% ━━━━━━━━━━━━ 70/70 2.3it/s 30.4s

[K                 Class     Images  Instances      Box(P          R      mAP50  mAP50-95): 20% ━━────────── 1/5 1.5s/it 0.4s<6.0s
[K                 Class     Images  Instances      Box(P          R      mAP50  mAP50-95): 40% ━━━━╸─────── 2/5 1.1it/s 0.9s<2.6s
[K                 Class     Images  Instances      Box(P          R      mAP50  mAP50-95): 60% ━━━━━━━───── 3/5 1.5it/s 1.3s<1.3s
[K                 Class     Images  Instances      Box(P          R      mAP50  mAP50-95): 80% ━━━━━━━━━╸── 4/5 1.7it/s 1.8s<0.6s
[K                 Class     Images  Instances      Box(P          R      mAP50  mAP50-95): 100% ━━━━━━━━━━━━ 5/5 2.3it/s 2.2s
                   all        280       3554      0.914      0.801      0.858      0.621

      Epoch    GPU_mem   box_loss   cls_loss   dfl_loss  Instances       Size

[K      58/75      8.04G     0.8733      0.673      1.098        398        640: 0% ──────────── 0/70  0.4s
[K      58/75      8.04G     0.8107     0.6133       1.11        213        640: 1% ──────────── 1/70 1.4s/it 0.9s<1:37
[K      58/75      8.04G     0.8907     0.7245      1.185        349        640: 2% ──────────── 2/70 1.2it/s 1.3s<57.9s
[K      58/75      8.04G     0.9068       0.73      1.178        415        640: 4% ╸─────────── 3/70 1.5it/s 1.7s<43.6s
[K      58/75      8.04G     0.8941     0.7266      1.164        368        640: 5% ╸─────────── 4/70 1.8it/s 2.2s<37.5s
[K      58/75      8.04G     0.8867     0.7256      1.161        319        640: 7% ╸─────────── 5/70 1.9it/s 2.6s<33.4s
[K      58/75      8.04G     0.8632     0.6912      1.143        364        640: 8% ━─────────── 6/70 2.0it/s 3.0s<31.6s
[K      58/75      8.04G     0.8402     0.6668      1.125        332        640: 10% ━─────────── 7/70 2.1it/s 3.4s<29.5s
[K      58/75      8.04G     0.8402     0.6657      1.119        499        640: 11% ━─────────── 8/70 2.2it/s 3.9s<28.4s
[K      58/75      8.04G     0.8221     0.6501      1.111        312        640: 12% ━╸────────── 9/70 2.2it/s 4.3s<27.3s
[K      58/75      8.04G     0.8194     0.6456      1.109        354        640: 14% ━╸────────── 10/70 2.2it/s 4.7s<26.8s
[K      58/75      8.04G     0.8158      0.634      1.103        482        640: 15% ━╸────────── 11/70 2.3it/s 5.2s<25.7s
[K      58/75      8.04G     0.8067     0.6259      1.096        316        640: 17% ━━────────── 12/70 2.3it/s 5.6s<25.4s
[K      58/75      8.04G      0.803     0.6239      1.095        284        640: 18% ━━────────── 13/70 2.3it/s 6.0s<24.7s
[K      58/75      8.04G     0.7936     0.6166      1.091        258        640: 20% ━━────────── 14/70 2.3it/s 6.5s<24.5s
[K      58/75      8.04G     0.7997     0.6257      1.096        395        640: 21% ━━╸───────── 15/70 2.3it/s 6.9s<23.7s
[K      58/75      8.04G      0.797     0.6246      1.096        361        640: 22% ━━╸───────── 16/70 2.3it/s 7.3s<23.5s
[K      58/75      8.04G     0.7987     0.6228      1.099        246        640: 24% ━━╸───────── 17/70 2.3it/s 7.8s<22.9s
[K      58/75      8.04G     0.8023     0.6326      1.103        402        640: 25% ━━━───────── 18/70 2.3it/s 8.2s<22.7s
[K      58/75      8.04G      0.798     0.6299      1.102        341        640: 27% ━━━───────── 19/70 2.3it/s 8.6s<22.1s
[K      58/75      8.04G     0.7982     0.6308      1.101        390        640: 28% ━━━───────── 20/70 2.3it/s 9.1s<21.8s
[K      58/75      8.04G     0.7985     0.6246      1.097        343        640: 30% ━━━╸──────── 21/70 2.3it/s 9.5s<21.1s
[K      58/75      8.04G     0.7962     0.6244      1.097        354        640: 31% ━━━╸──────── 22/70 2.3it/s 9.9s<21.0s
[K      58/75      8.04G     0.8017     0.6267        1.1        399        640: 32% ━━━╸──────── 23/70 2.3it/s 10.4s<20.3s
[K      58/75      8.04G     0.7995     0.6228      1.098        382        640: 34% ━━━━──────── 24/70 2.3it/s 10.8s<20.0s
[K      58/75      8.04G     0.8038     0.6246      1.099        497        640: 35% ━━━━──────── 25/70 2.3it/s 11.2s<19.5s
[K      58/75      8.04G     0.8017     0.6216      1.097        491        640: 37% ━━━━──────── 26/70 2.3it/s 11.7s<19.3s
[K      58/75      8.04G     0.8011     0.6199      1.095        482        640: 38% ━━━━╸─────── 27/70 2.3it/s 12.1s<18.6s
[K      58/75      8.04G     0.8059     0.6238      1.097        416        640: 40% ━━━━╸─────── 28/70 2.3it/s 12.5s<18.3s
[K      58/75      8.04G      0.804      0.621      1.095        373        640: 41% ━━━━╸─────── 29/70 2.3it/s 13.0s<17.7s
[K      58/75      8.04G     0.8009     0.6165      1.092        396        640: 42% ━━━━━─────── 30/70 2.3it/s 13.4s<17.4s
[K      58/75      8.04G      0.805     0.6222      1.095        409        640: 44% ━━━━━─────── 31/70 2.3it/s 13.8s<16.9s
[K      58/75      8.04G     0.8074     0.6225      1.096        349        640: 45% ━━━━━─────── 32/70 2.3it/s 14.3s<16.5s
[K      58/75      8.04G     0.8065     0.6224      1.097        298        640: 47% ━━━━━╸────── 33/70 2.3it/s 14.7s<16.0s
[K      58/75      8.04G     0.8087     0.6286        1.1        253        640: 48% ━━━━━╸────── 34/70 2.3it/s 15.1s<15.6s
[K      58/75      8.04G     0.8085     0.6279        1.1        374        640: 50% ━━━━━━────── 35/70 2.3it/s 15.6s<15.0s
[K      58/75      8.04G     0.8063     0.6244      1.097        347        640: 51% ━━━━━━────── 36/70 2.3it/s 16.0s<14.7s
[K      58/75      8.04G     0.8088     0.6259      1.097        429        640: 52% ━━━━━━────── 37/70 2.3it/s 16.4s<14.2s
[K      58/75      8.04G     0.8095      0.626      1.098        317        640: 54% ━━━━━━╸───── 38/70 2.3it/s 16.9s<13.9s
[K      58/75      8.04G     0.8088     0.6251      1.098        425        640: 55% ━━━━━━╸───── 39/70 2.3it/s 17.3s<13.3s
[K      58/75      8.04G     0.8079     0.6232      1.099        242        640: 57% ━━━━━━╸───── 40/70 2.3it/s 17.7s<13.0s
[K      58/75      8.04G     0.8064     0.6218      1.097        391        640: 58% ━━━━━━━───── 41/70 2.3it/s 18.2s<12.5s
[K      58/75      8.04G     0.8049     0.6197      1.096        388        640: 60% ━━━━━━━───── 42/70 2.3it/s 18.6s<12.1s
[K      58/75      8.04G     0.8035     0.6184      1.095        374        640: 61% ━━━━━━━───── 43/70 2.3it/s 19.0s<11.6s
[K      58/75      8.04G     0.8026     0.6174      1.095        303        640: 62% ━━━━━━━╸──── 44/70 2.3it/s 19.5s<11.3s
[K      58/75      8.04G     0.8013     0.6161      1.094        353        640: 64% ━━━━━━━╸──── 45/70 2.3it/s 19.9s<10.7s
[K      58/75      8.04G     0.8009     0.6163      1.094        295        640: 65% ━━━━━━━╸──── 46/70 2.3it/s 20.3s<10.4s
[K      58/75      8.04G     0.8002     0.6154      1.094        288        640: 67% ━━━━━━━━──── 47/70 2.3it/s 20.7s<9.8s
[K      58/75      8.04G     0.8025     0.6207      1.096        352        640: 68% ━━━━━━━━──── 48/70 2.3it/s 21.2s<9.5s
[K      58/75      8.04G     0.8034      0.622      1.097        336        640: 70% ━━━━━━━━──── 49/70 2.3it/s 21.6s<9.0s
[K      58/75      8.04G     0.8028     0.6211      1.096        322        640: 71% ━━━━━━━━╸─── 50/70 2.3it/s 22.0s<8.6s
[K      58/75      8.04G      0.804     0.6238      1.097        380        640: 72% ━━━━━━━━╸─── 51/70 2.3it/s 22.5s<8.2s
[K      58/75      8.04G     0.8027     0.6222      1.096        314        640: 74% ━━━━━━━━╸─── 52/70 2.3it/s 22.9s<7.8s
[K      58/75      8.04G     0.8003     0.6201      1.094        307        640: 75% ━━━━━━━━━─── 53/70 2.3it/s 23.3s<7.4s
[K      58/75      8.04G     0.8011     0.6199      1.095        355        640: 77% ━━━━━━━━━─── 54/70 2.3it/s 23.8s<7.0s
[K      58/75      8.04G     0.8038     0.6237      1.098        373        640: 78% ━━━━━━━━━─── 55/70 2.3it/s 24.2s<6.5s
[K      58/75      8.04G     0.8055     0.6257      1.099        359        640: 80% ━━━━━━━━━╸── 56/70 2.3it/s 24.7s<6.1s
[K      58/75      8.04G     0.8055     0.6252      1.098        413        640: 81% ━━━━━━━━━╸── 57/70 2.3it/s 25.1s<5.6s
[K      58/75      8.04G     0.8052     0.6242      1.099        271        640: 82% ━━━━━━━━━╸── 58/70 2.3it/s 25.5s<5.2s
[K      58/75      8.04G     0.8022     0.6212      1.097        311        640: 84% ━━━━━━━━━━── 59/70 2.3it/s 25.9s<4.7s
[K      58/75      8.04G     0.8011     0.6194      1.096        384        640: 85% ━━━━━━━━━━── 60/70 2.3it/s 26.4s<4.3s
[K      58/75      8.04G     0.8022     0.6212      1.097        291        640: 87% ━━━━━━━━━━── 61/70 2.3it/s 26.8s<3.9s
[K      58/75      8.04G     0.8023     0.6214      1.097        358        640: 88% ━━━━━━━━━━╸─ 62/70 2.3it/s 27.3s<3.5s
[K      58/75      8.04G     0.8013     0.6212      1.098        245        640: 90% ━━━━━━━━━━╸─ 63/70 2.3it/s 27.7s<3.0s
[K      58/75      8.04G     0.8008     0.6202      1.098        369        640: 91% ━━━━━━━━━━╸─ 64/70 2.3it/s 28.1s<2.6s
[K      58/75      8.04G     0.7998     0.6197      1.097        265        640: 92% ━━━━━━━━━━━─ 65/70 2.3it/s 28.6s<2.2s
[K      58/75      8.04G     0.7994     0.6196      1.097        351        640: 94% ━━━━━━━━━━━─ 66/70 2.3it/s 29.0s<1.8s
[K      58/75      8.04G     0.7975     0.6186      1.097        369        640: 95% ━━━━━━━━━━━─ 67/70 2.3it/s 29.4s<1.3s
[K      58/75      8.04G     0.8013     0.6214      1.098        377        640: 97% ━━━━━━━━━━━╸ 68/70 2.3it/s 29.9s<0.9s
[K      58/75      8.04G     0.8007     0.6203      1.098        373        640: 98% ━━━━━━━━━━━╸ 69/70 2.3it/s 30.3s<0.4s
[K      58/75      8.04G     0.8007     0.6203      1.098        373        640: 100% ━━━━━━━━━━━━ 70/70 2.3it/s 30.3s

[K                 Class     Images  Instances      Box(P          R      mAP50  mAP50-95): 20% ━━────────── 1/5 1.5s/it 0.4s<6.0s
[K                 Class     Images  Instances      Box(P          R      mAP50  mAP50-95): 40% ━━━━╸─────── 2/5 1.1it/s 0.9s<2.6s
[K                 Class     Images  Instances      Box(P          R      mAP50  mAP50-95): 60% ━━━━━━━───── 3/5 1.5it/s 1.3s<1.4s
[K                 Class     Images  Instances      Box(P          R      mAP50  mAP50-95): 80% ━━━━━━━━━╸── 4/5 1.7it/s 1.8s<0.6s
[K                 Class     Images  Instances      Box(P          R      mAP50  mAP50-95): 100% ━━━━━━━━━━━━ 5/5 2.3it/s 2.2s
                   all        280       3554      0.925        0.8      0.861      0.626

      Epoch    GPU_mem   box_loss   cls_loss   dfl_loss  Instances       Size

[K      59/75      8.03G     0.7893     0.6245      1.106        299        640: 0% ──────────── 0/70  0.4s
[K      59/75      8.03G     0.7726       0.65      1.111        357        640: 1% ──────────── 1/70 1.4s/it 0.9s<1:38
[K      59/75      8.03G     0.7495     0.5987      1.093        299        640: 2% ──────────── 2/70 1.2it/s 1.3s<57.6s
[K      59/75      8.03G     0.7454      0.588      1.085        417        640: 4% ╸─────────── 3/70 1.5it/s 1.7s<43.4s
[K      59/75      8.03G     0.7526     0.5838      1.079        376        640: 5% ╸─────────── 4/70 1.8it/s 2.2s<37.4s
[K      59/75      8.03G     0.7585     0.5905      1.082        308        640: 7% ╸─────────── 5/70 2.0it/s 2.6s<33.3s
[K      59/75      8.03G     0.7692     0.6049      1.086        426        640: 8% ━─────────── 6/70 2.0it/s 3.0s<31.3s
[K      59/75      8.03G     0.7788     0.6169      1.091        344        640: 10% ━─────────── 7/70 2.1it/s 3.4s<29.4s
[K      59/75      8.03G     0.7946      0.627      1.095        347        640: 11% ━─────────── 8/70 2.2it/s 3.9s<28.4s
[K      59/75      8.03G     0.7908     0.6256      1.095        368        640: 12% ━╸────────── 9/70 2.2it/s 4.3s<27.1s
[K      59/75      8.03G     0.7949     0.6245      1.092        487        640: 14% ━╸────────── 10/70 2.2it/s 4.7s<26.8s
[K      59/75      8.03G     0.7963     0.6253      1.088        460        640: 15% ━╸────────── 11/70 2.3it/s 5.2s<25.8s
[K      59/75      8.03G     0.8052     0.6337      1.092        435        640: 17% ━━────────── 12/70 2.3it/s 5.6s<25.4s
[K      59/75      8.03G     0.8044     0.6313      1.095        300        640: 18% ━━────────── 13/70 2.3it/s 6.0s<24.6s
[K      59/75      8.03G     0.8123     0.6381        1.1        412        640: 20% ━━────────── 14/70 2.3it/s 6.5s<24.4s
[K      59/75      8.03G     0.8138     0.6336      1.098        413        640: 21% ━━╸───────── 15/70 2.3it/s 6.9s<23.8s
[K      59/75      8.03G     0.8199     0.6405      1.102        348        640: 22% ━━╸───────── 16/70 2.3it/s 7.3s<23.4s
[K      59/75      8.03G     0.8149     0.6379      1.103        300        640: 24% ━━╸───────── 17/70 2.3it/s 7.7s<22.8s
[K      59/75      8.03G     0.8122     0.6382      1.103        324        640: 25% ━━━───────── 18/70 2.3it/s 8.2s<22.5s
[K      59/75      8.03G     0.8111     0.6394      1.104        264        640: 27% ━━━───────── 19/70 2.3it/s 8.6s<21.9s
[K      59/75      8.03G     0.8102     0.6403      1.101        412        640: 28% ━━━───────── 20/70 2.3it/s 9.0s<21.7s
[K      59/75      8.03G     0.8067     0.6363      1.099        290        640: 30% ━━━╸──────── 21/70 2.3it/s 9.5s<21.1s
[K      59/75      8.03G      0.803     0.6348      1.097        299        640: 31% ━━━╸──────── 22/70 2.3it/s 9.9s<20.8s
[K      59/75      8.03G     0.7998     0.6303      1.096        262        640: 32% ━━━╸──────── 23/70 2.3it/s 10.3s<20.3s
[K      59/75      8.03G      0.799     0.6291      1.096        399        640: 34% ━━━━──────── 24/70 2.3it/s 10.8s<20.0s
[K      59/75      8.03G     0.7959     0.6291      1.095        287        640: 35% ━━━━──────── 25/70 2.3it/s 11.2s<19.5s
[K      59/75      8.03G     0.7956     0.6285      1.097        270        640: 37% ━━━━──────── 26/70 2.3it/s 11.7s<19.2s
[K      59/75      8.03G     0.7964     0.6256      1.094        440        640: 38% ━━━━╸─────── 27/70 2.3it/s 12.1s<18.5s
[K      59/75      8.03G     0.7938     0.6243      1.092        381        640: 40% ━━━━╸─────── 28/70 2.3it/s 12.5s<18.2s
[K      59/75      8.03G     0.7976     0.6247      1.093        421        640: 41% ━━━━╸─────── 29/70 2.3it/s 12.9s<17.6s
[K      59/75      8.03G     0.7965     0.6245      1.092        351        640: 42% ━━━━━─────── 30/70 2.3it/s 13.4s<17.3s
[K      59/75      8.03G     0.7987     0.6282      1.094        406        640: 44% ━━━━━─────── 31/70 2.3it/s 13.8s<16.7s
[K      59/75      8.03G     0.7981     0.6252      1.092        384        640: 45% ━━━━━─────── 32/70 2.3it/s 14.2s<16.5s
[K      59/75      8.03G        0.8     0.6262      1.091        381        640: 47% ━━━━━╸────── 33/70 2.3it/s 14.7s<16.0s
[K      59/75      8.03G     0.8013     0.6252      1.091        492        640: 48% ━━━━━╸────── 34/70 2.3it/s 15.1s<15.7s
[K      59/75      8.03G      0.803     0.6271      1.092        380        640: 50% ━━━━━━────── 35/70 2.3it/s 15.5s<15.1s
[K      59/75      8.03G     0.8003     0.6234       1.09        326        640: 51% ━━━━━━────── 36/70 2.3it/s 16.0s<14.8s
[K      59/75      8.03G     0.8009     0.6261      1.092        332        640: 52% ━━━━━━────── 37/70 2.3it/s 16.4s<14.2s
[K      59/75      8.03G     0.7998     0.6271      1.093        353        640: 54% ━━━━━━╸───── 38/70 2.3it/s 16.8s<13.9s
[K      59/75      8.03G     0.8008     0.6306      1.096        298        640: 55% ━━━━━━╸───── 39/70 2.3it/s 17.3s<13.3s
[K      59/75      8.03G     0.7995     0.6322      1.096        297        640: 57% ━━━━━━╸───── 40/70 2.3it/s 17.7s<13.0s
[K      59/75      8.03G      0.796     0.6294      1.095        353        640: 58% ━━━━━━━───── 41/70 2.3it/s 18.1s<12.5s
[K      59/75      8.03G     0.7947     0.6263      1.093        270        640: 60% ━━━━━━━───── 42/70 2.3it/s 18.6s<12.1s
[K      59/75      8.03G     0.7956     0.6245      1.093        444        640: 61% ━━━━━━━───── 43/70 2.3it/s 19.0s<11.6s
[K      59/75      8.03G     0.7967     0.6243      1.092        517        640: 62% ━━━━━━━╸──── 44/70 2.3it/s 19.4s<11.3s
[K      59/75      8.03G     0.7991     0.6266      1.093        425        640: 64% ━━━━━━━╸──── 45/70 2.3it/s 19.9s<10.8s
[K      59/75      8.03G     0.7964     0.6232      1.092        335        640: 65% ━━━━━━━╸──── 46/70 2.3it/s 20.3s<10.5s
[K      59/75      8.03G     0.7939     0.6207      1.091        283        640: 67% ━━━━━━━━──── 47/70 2.3it/s 20.7s<9.9s
[K      59/75      8.03G     0.7953     0.6231      1.091        391        640: 68% ━━━━━━━━──── 48/70 2.3it/s 21.2s<9.6s
[K      59/75      8.03G     0.7976     0.6256      1.093        358        640: 70% ━━━━━━━━──── 49/70 2.3it/s 21.6s<9.1s
[K      59/75      8.03G     0.7955     0.6238      1.091        388        640: 71% ━━━━━━━━╸─── 50/70 2.3it/s 22.0s<8.7s
[K      59/75      8.03G     0.7953     0.6226       1.09        425        640: 72% ━━━━━━━━╸─── 51/70 2.3it/s 22.5s<8.2s
[K      59/75      8.03G     0.7935     0.6204       1.09        355        640: 74% ━━━━━━━━╸─── 52/70 2.3it/s 22.9s<7.8s
[K      59/75      8.03G     0.7933     0.6188      1.089        367        640: 75% ━━━━━━━━━─── 53/70 2.3it/s 23.3s<7.3s
[K      59/75      8.03G      0.793     0.6171       1.09        223        640: 77% ━━━━━━━━━─── 54/70 2.3it/s 23.8s<7.0s
[K      59/75      8.03G     0.7922     0.6161      1.089        332        640: 78% ━━━━━━━━━─── 55/70 2.3it/s 24.2s<6.5s
[K      59/75      8.03G     0.7908     0.6137      1.087        391        640: 80% ━━━━━━━━━╸── 56/70 2.3it/s 24.6s<6.1s
[K      59/75      8.03G     0.7937     0.6172      1.089        429        640: 81% ━━━━━━━━━╸── 57/70 2.3it/s 25.1s<5.6s
[K      59/75      8.03G     0.7917     0.6162      1.088        269        640: 82% ━━━━━━━━━╸── 58/70 2.3it/s 25.5s<5.2s
[K      59/75      8.03G      0.791     0.6157      1.088        370        640: 84% ━━━━━━━━━━── 59/70 2.3it/s 25.9s<4.7s
[K      59/75      8.03G     0.7918     0.6179      1.089        282        640: 85% ━━━━━━━━━━── 60/70 2.3it/s 26.4s<4.3s
[K      59/75      8.03G     0.7916     0.6184      1.089        383        640: 87% ━━━━━━━━━━── 61/70 2.3it/s 26.8s<3.9s
[K      59/75      8.03G     0.7894     0.6156      1.088        400        640: 88% ━━━━━━━━━━╸─ 62/70 2.3it/s 27.2s<3.5s
[K      59/75      8.03G     0.7893     0.6152      1.088        288        640: 90% ━━━━━━━━━━╸─ 63/70 2.3it/s 27.7s<3.0s
[K      59/75      8.03G     0.7896     0.6154      1.088        359        640: 91% ━━━━━━━━━━╸─ 64/70 2.3it/s 28.1s<2.6s
[K      59/75      8.03G     0.7912     0.6174      1.089        359        640: 92% ━━━━━━━━━━━─ 65/70 2.3it/s 28.5s<2.2s
[K      59/75      8.03G     0.7901     0.6154      1.088        306        640: 94% ━━━━━━━━━━━─ 66/70 2.3it/s 29.0s<1.7s
[K      59/75      8.03G     0.7883     0.6133      1.087        356        640: 95% ━━━━━━━━━━━─ 67/70 2.3it/s 29.4s<1.3s
[K      59/75      8.03G     0.7876     0.6125      1.087        359        640: 97% ━━━━━━━━━━━╸ 68/70 2.3it/s 29.8s<0.9s
[K      59/75      8.03G     0.7887     0.6131      1.088        361        640: 98% ━━━━━━━━━━━╸ 69/70 2.3it/s 30.3s<0.4s
[K      59/75      8.03G     0.7887     0.6131      1.088        361        640: 100% ━━━━━━━━━━━━ 70/70 2.3it/s 30.3s

[K                 Class     Images  Instances      Box(P          R      mAP50  mAP50-95): 20% ━━────────── 1/5 1.5s/it 0.4s<5.9s
[K                 Class     Images  Instances      Box(P          R      mAP50  mAP50-95): 40% ━━━━╸─────── 2/5 1.1it/s 0.9s<2.6s
[K                 Class     Images  Instances      Box(P          R      mAP50  mAP50-95): 60% ━━━━━━━───── 3/5 1.5it/s 1.3s<1.3s
[K                 Class     Images  Instances      Box(P          R      mAP50  mAP50-95): 80% ━━━━━━━━━╸── 4/5 1.7it/s 1.8s<0.6s
[K                 Class     Images  Instances      Box(P          R      mAP50  mAP50-95): 100% ━━━━━━━━━━━━ 5/5 2.3it/s 2.2s
                   all        280       3554      0.939      0.787       0.86      0.626

      Epoch    GPU_mem   box_loss   cls_loss   dfl_loss  Instances       Size

[K      60/75      8.07G     0.8474     0.5748      1.083        382        640: 0% ──────────── 0/70  0.4s
[K      60/75      8.07G     0.9061     0.6759       1.14        497        640: 1% ──────────── 1/70 1.4s/it 0.9s<1:39
[K      60/75      8.07G     0.8653     0.6659      1.125        331        640: 2% ──────────── 2/70 1.2it/s 1.3s<57.9s
[K      60/75      8.07G      0.843     0.6304      1.113        273        640: 4% ╸─────────── 3/70 1.5it/s 1.7s<43.6s
[K      60/75      8.07G     0.8215     0.6244      1.105        343        640: 5% ╸─────────── 4/70 1.8it/s 2.2s<37.6s
[K      60/75      8.07G     0.8172     0.6218      1.099        453        640: 7% ╸─────────── 5/70 1.9it/s 2.6s<34.2s
[K      60/75      8.07G     0.8144      0.625      1.101        328        640: 8% ━─────────── 6/70 2.0it/s 3.1s<32.0s
[K      60/75      8.07G     0.8026     0.6145      1.097        311        640: 10% ━─────────── 7/70 2.1it/s 3.5s<30.0s
[K      60/75      8.07G     0.7885     0.6009      1.087        311        640: 11% ━─────────── 8/70 2.2it/s 3.9s<28.8s
[K      60/75      8.07G     0.7929     0.6076      1.087        460        640: 12% ━╸────────── 9/70 2.2it/s 4.3s<27.5s
[K      60/75      8.07G     0.8035     0.6203       1.09        429        640: 14% ━╸────────── 10/70 2.2it/s 4.8s<26.9s
[K      60/75      8.07G     0.7957     0.6095      1.085        331        640: 15% ━╸────────── 11/70 2.3it/s 5.2s<25.9s
[K      60/75      8.07G     0.8137     0.6342      1.098        449        640: 17% ━━────────── 12/70 2.3it/s 5.6s<25.5s
[K      60/75      8.07G     0.8088     0.6337      1.097        288        640: 18% ━━────────── 13/70 2.3it/s 6.1s<24.8s
[K      60/75      8.07G     0.8042     0.6258      1.098        276        640: 20% ━━────────── 14/70 2.3it/s 6.5s<24.5s
[K      60/75      8.07G     0.7997     0.6233      1.094        307        640: 21% ━━╸───────── 15/70 2.3it/s 6.9s<23.7s
[K      60/75      8.07G     0.8067     0.6295      1.099        338        640: 22% ━━╸───────── 16/70 2.3it/s 7.4s<23.5s
[K      60/75      8.07G     0.8054     0.6258      1.098        366        640: 24% ━━╸───────── 17/70 2.3it/s 7.8s<22.9s
[K      60/75      8.07G     0.8086     0.6288      1.098        441        640: 25% ━━━───────── 18/70 2.3it/s 8.2s<22.7s
[K      60/75      8.07G     0.8062      0.628      1.098        406        640: 27% ━━━───────── 19/70 2.3it/s 8.7s<22.0s
[K      60/75      8.07G     0.8044     0.6257      1.099        318        640: 28% ━━━───────── 20/70 2.3it/s 9.1s<21.8s
[K      60/75      8.07G     0.7999     0.6214      1.096        370        640: 30% ━━━╸──────── 21/70 2.3it/s 9.5s<21.1s
[K      60/75      8.07G     0.7966     0.6202      1.093        313        640: 31% ━━━╸──────── 22/70 2.3it/s 10.0s<20.8s
[K      60/75      8.07G     0.7916      0.614      1.089        316        640: 32% ━━━╸──────── 23/70 2.3it/s 10.4s<20.2s
[K      60/75      8.07G     0.7919     0.6105      1.087        488        640: 34% ━━━━──────── 24/70 2.3it/s 10.8s<20.0s
[K      60/75      8.07G     0.7898     0.6126      1.088        274        640: 35% ━━━━──────── 25/70 2.3it/s 11.3s<19.3s
[K      60/75      8.07G     0.7925     0.6142       1.09        377        640: 37% ━━━━──────── 26/70 2.3it/s 11.7s<19.0s
[K      60/75      8.07G     0.7928      0.613       1.09        309        640: 38% ━━━━╸─────── 27/70 2.3it/s 12.1s<18.4s
[K      60/75      8.07G     0.7945     0.6146      1.091        397        640: 40% ━━━━╸─────── 28/70 2.3it/s 12.6s<18.3s
[K      60/75      8.07G     0.7918     0.6109      1.089        372        640: 41% ━━━━╸─────── 29/70 2.3it/s 13.0s<17.7s
[K      60/75      8.07G      0.797     0.6154      1.092        539        640: 42% ━━━━━─────── 30/70 2.3it/s 13.4s<17.6s
[K      60/75      8.07G     0.8027     0.6183      1.095        395        640: 44% ━━━━━─────── 31/70 2.3it/s 13.9s<16.9s
[K      60/75      8.07G     0.8029      0.618      1.094        357        640: 45% ━━━━━─────── 32/70 2.3it/s 14.3s<16.6s
[K      60/75      8.07G     0.8031     0.6176      1.093        395        640: 47% ━━━━━╸────── 33/70 2.3it/s 14.7s<16.1s
[K      60/75      8.07G     0.8004      0.615      1.092        415        640: 48% ━━━━━╸────── 34/70 2.3it/s 15.2s<15.8s
[K      60/75      8.07G     0.8008     0.6147      1.092        355        640: 50% ━━━━━━────── 35/70 2.3it/s 15.6s<15.1s
[K      60/75      8.07G     0.8004     0.6141      1.092        413        640: 51% ━━━━━━────── 36/70 2.3it/s 16.1s<14.9s
[K      60/75      8.07G     0.7982      0.612       1.09        286        640: 52% ━━━━━━────── 37/70 2.3it/s 16.5s<14.3s
[K      60/75      8.07G     0.7968     0.6102      1.089        441        640: 54% ━━━━━━╸───── 38/70 2.3it/s 16.9s<14.0s
[K      60/75      8.07G     0.7996     0.6113      1.089        437        640: 55% ━━━━━━╸───── 39/70 2.3it/s 17.4s<13.4s
[K      60/75      8.07G     0.8063     0.6173      1.092        444        640: 57% ━━━━━━╸───── 40/70 2.3it/s 17.8s<13.1s
[K      60/75      8.07G     0.8077     0.6194      1.092        398        640: 58% ━━━━━━━───── 41/70 2.3it/s 18.2s<12.6s
[K      60/75      8.07G     0.8071      0.619      1.093        342        640: 60% ━━━━━━━───── 42/70 2.3it/s 18.7s<12.3s
[K      60/75      8.07G     0.8075     0.6194      1.093        379        640: 61% ━━━━━━━───── 43/70 2.3it/s 19.1s<11.7s
[K      60/75      8.07G     0.8114      0.621      1.095        451        640: 62% ━━━━━━━╸──── 44/70 2.3it/s 19.5s<11.4s
[K      60/75      8.07G     0.8109     0.6198      1.093        385        640: 64% ━━━━━━━╸──── 45/70 2.3it/s 20.0s<10.8s
[K      60/75      8.07G     0.8129     0.6203      1.094        419        640: 65% ━━━━━━━╸──── 46/70 2.3it/s 20.4s<10.4s
[K      60/75      8.07G      0.812     0.6186      1.094        350        640: 67% ━━━━━━━━──── 47/70 2.3it/s 20.8s<10.0s
[K      60/75      8.07G     0.8106     0.6156      1.092        388        640: 68% ━━━━━━━━──── 48/70 2.3it/s 21.3s<9.6s
[K      60/75      8.07G     0.8087     0.6139      1.091        354        640: 70% ━━━━━━━━──── 49/70 2.3it/s 21.7s<9.1s
[K      60/75      8.07G     0.8068     0.6126       1.09        376        640: 71% ━━━━━━━━╸─── 50/70 2.3it/s 22.1s<8.7s
[K      60/75      8.07G     0.8043     0.6111       1.09        259        640: 72% ━━━━━━━━╸─── 51/70 2.3it/s 22.6s<8.2s
[K      60/75      8.07G     0.8036     0.6104      1.089        399        640: 74% ━━━━━━━━╸─── 52/70 2.3it/s 23.0s<7.9s
[K      60/75      8.07G     0.8021     0.6088      1.088        319        640: 75% ━━━━━━━━━─── 53/70 2.3it/s 23.4s<7.4s
[K      60/75      8.07G     0.8008     0.6062      1.085        460        640: 77% ━━━━━━━━━─── 54/70 2.3it/s 23.9s<7.0s
[K      60/75      8.07G        0.8     0.6041      1.084        468        640: 78% ━━━━━━━━━─── 55/70 2.3it/s 24.3s<6.5s
[K      60/75      8.07G     0.8033     0.6066      1.085        448        640: 80% ━━━━━━━━━╸── 56/70 2.3it/s 24.8s<6.1s
[K      60/75      8.07G     0.8035     0.6059      1.085        487        640: 81% ━━━━━━━━━╸── 57/70 2.3it/s 25.2s<5.7s
[K      60/75      8.07G     0.8015     0.6041      1.084        296        640: 82% ━━━━━━━━━╸── 58/70 2.3it/s 25.6s<5.3s
[K      60/75      8.07G     0.8012     0.6027      1.083        366        640: 84% ━━━━━━━━━━── 59/70 2.3it/s 26.1s<4.8s
[K      60/75      8.07G      0.801     0.6025      1.083        434        640: 85% ━━━━━━━━━━── 60/70 2.3it/s 26.5s<4.4s
[K      60/75      8.07G     0.8027     0.6049      1.086        308        640: 87% ━━━━━━━━━━── 61/70 2.3it/s 26.9s<3.9s
[K      60/75      8.07G     0.8033     0.6041      1.086        437        640: 88% ━━━━━━━━━━╸─ 62/70 2.3it/s 27.4s<3.5s
[K      60/75      8.07G     0.8025      0.603      1.085        323        640: 90% ━━━━━━━━━━╸─ 63/70 2.3it/s 27.8s<3.0s
[K      60/75      8.07G     0.8024     0.6022      1.086        335        640: 91% ━━━━━━━━━━╸─ 64/70 2.3it/s 28.2s<2.6s
[K      60/75      8.07G     0.8034     0.6033      1.086        356        640: 92% ━━━━━━━━━━━─ 65/70 2.3it/s 28.7s<2.2s
[K      60/75      8.07G      0.802     0.6014      1.085        346        640: 94% ━━━━━━━━━━━─ 66/70 2.3it/s 29.1s<1.7s
[K      60/75      8.07G     0.8019     0.6011      1.085        321        640: 95% ━━━━━━━━━━━─ 67/70 2.3it/s 29.5s<1.3s
[K      60/75      8.07G     0.8029     0.6012      1.085        407        640: 97% ━━━━━━━━━━━╸ 68/70 2.3it/s 30.0s<0.9s
[K      60/75      8.07G     0.8012     0.5994      1.085        280        640: 98% ━━━━━━━━━━━╸ 69/70 2.3it/s 30.4s<0.4s
[K      60/75      8.07G     0.8012     0.5994      1.085        280        640: 100% ━━━━━━━━━━━━ 70/70 2.3it/s 30.4s

[K                 Class     Images  Instances      Box(P          R      mAP50  mAP50-95): 20% ━━────────── 1/5 1.5s/it 0.4s<5.9s
[K                 Class     Images  Instances      Box(P          R      mAP50  mAP50-95): 40% ━━━━╸─────── 2/5 1.1it/s 0.9s<2.6s
[K                 Class     Images  Instances      Box(P          R      mAP50  mAP50-95): 60% ━━━━━━━───── 3/5 1.5it/s 1.3s<1.3s
[K                 Class     Images  Instances      Box(P          R      mAP50  mAP50-95): 80% ━━━━━━━━━╸── 4/5 1.7it/s 1.8s<0.6s
[K                 Class     Images  Instances      Box(P          R      mAP50  mAP50-95): 100% ━━━━━━━━━━━━ 5/5 2.3it/s 2.2s
                   all        280       3554      0.927      0.796      0.861      0.625

      Epoch    GPU_mem   box_loss   cls_loss   dfl_loss  Instances       Size

[K      61/75      8.11G     0.9226     0.7222      1.161        422        640: 0% ──────────── 0/70  0.4s
[K      61/75      8.11G     0.8497     0.6163      1.096        435        640: 1% ──────────── 1/70 1.4s/it 0.9s<1:36
[K      61/75      8.11G     0.8256     0.6058      1.076        485        640: 2% ──────────── 2/70 1.2it/s 1.3s<58.5s
[K      61/75      8.11G     0.7872     0.5859      1.068        251        640: 4% ╸─────────── 3/70 1.5it/s 1.7s<43.6s
[K      61/75      8.11G     0.7898     0.5952      1.066        404        640: 5% ╸─────────── 4/70 1.8it/s 2.2s<37.5s
[K      61/75      8.11G     0.7911     0.5957      1.062        376        640: 7% ╸─────────── 5/70 2.0it/s 2.6s<33.3s
[K      61/75      8.11G     0.7912     0.5858       1.06        374        640: 8% ━─────────── 6/70 2.0it/s 3.0s<31.5s
[K      61/75      8.11G     0.7883     0.5982      1.071        252        640: 10% ━─────────── 7/70 2.1it/s 3.4s<29.4s
[K      61/75      8.11G     0.7934     0.5992      1.075        367        640: 11% ━─────────── 8/70 2.2it/s 3.9s<28.4s
[K      61/75      8.11G     0.7824     0.5881      1.071        346        640: 12% ━╸────────── 9/70 2.2it/s 4.3s<27.2s
[K      61/75      8.11G     0.7758     0.5903      1.069        292        640: 14% ━╸────────── 10/70 2.2it/s 4.7s<26.7s
[K      61/75      8.11G     0.7911      0.602      1.076        558        640: 15% ━╸────────── 11/70 2.3it/s 5.2s<25.8s
[K      61/75      8.11G     0.7862     0.5997      1.076        342        640: 17% ━━────────── 12/70 2.3it/s 5.6s<25.5s
[K      61/75      8.11G     0.7871     0.6013      1.079        317        640: 18% ━━────────── 13/70 2.3it/s 6.0s<24.9s
[K      61/75      8.11G     0.7813     0.5946      1.074        346        640: 20% ━━────────── 14/70 2.3it/s 6.5s<24.4s
[K      61/75      8.11G     0.7798     0.5931      1.072        481        640: 21% ━━╸───────── 15/70 2.3it/s 6.9s<23.9s
[K      61/75      8.11G       0.79     0.5999      1.077        452        640: 22% ━━╸───────── 16/70 2.3it/s 7.3s<23.6s
[K      61/75      8.11G     0.7868     0.5972      1.075        293        640: 24% ━━╸───────── 17/70 2.3it/s 7.8s<22.8s
[K      61/75      8.11G      0.782     0.5963      1.077        284        640: 25% ━━━───────── 18/70 2.3it/s 8.2s<22.5s
[K      61/75      8.11G     0.7779     0.5952      1.076        356        640: 27% ━━━───────── 19/70 2.3it/s 8.6s<21.8s
[K      61/75      8.11G       0.78     0.5962      1.078        356        640: 28% ━━━───────── 20/70 2.3it/s 9.1s<22.1s
[K      61/75      8.11G     0.7794     0.5981      1.078        312        640: 30% ━━━╸──────── 21/70 2.3it/s 9.5s<21.3s
[K      61/75      8.11G     0.7816     0.6032      1.081        362        640: 31% ━━━╸──────── 22/70 2.3it/s 10.0s<21.0s
[K      61/75      8.11G     0.7811     0.6015       1.08        317        640: 32% ━━━╸──────── 23/70 2.3it/s 10.4s<20.4s
[K      61/75      8.11G     0.7767     0.5967      1.079        273        640: 34% ━━━━──────── 24/70 2.3it/s 10.8s<20.1s
[K      61/75      8.11G      0.778     0.5952      1.079        424        640: 35% ━━━━──────── 25/70 2.3it/s 11.2s<19.4s
[K      61/75      8.11G     0.7756     0.5919      1.077        310        640: 37% ━━━━──────── 26/70 2.3it/s 11.7s<19.1s
[K      61/75      8.11G     0.7738     0.5924      1.078        320        640: 38% ━━━━╸─────── 27/70 2.3it/s 12.1s<18.5s
[K      61/75      8.11G     0.7751     0.5931      1.077        426        640: 40% ━━━━╸─────── 28/70 2.3it/s 12.6s<18.3s
[K      61/75      8.11G     0.7744     0.5957      1.078        260        640: 41% ━━━━╸─────── 29/70 2.3it/s 13.0s<17.6s
[K      61/75      8.11G     0.7733      0.594      1.077        328        640: 42% ━━━━━─────── 30/70 2.3it/s 13.4s<17.2s
[K      61/75      8.11G     0.7723     0.5918      1.077        336        640: 44% ━━━━━─────── 31/70 2.3it/s 13.8s<16.6s
[K      61/75      8.11G     0.7711     0.5898      1.075        412        640: 45% ━━━━━─────── 32/70 2.3it/s 14.3s<16.4s
[K      61/75      8.11G       0.77     0.5866      1.073        386        640: 47% ━━━━━╸────── 33/70 2.3it/s 14.7s<15.9s
[K      61/75      8.11G      0.768     0.5854      1.073        297        640: 48% ━━━━━╸────── 34/70 2.3it/s 15.1s<15.6s
[K      61/75      8.11G      0.766     0.5833      1.072        321        640: 50% ━━━━━━────── 35/70 2.3it/s 15.5s<15.0s
[K      61/75      8.11G     0.7649      0.581      1.071        245        640: 51% ━━━━━━────── 36/70 2.3it/s 16.0s<14.7s
[K      61/75      8.11G     0.7654     0.5813      1.071        463        640: 52% ━━━━━━────── 37/70 2.3it/s 16.4s<14.2s
[K      61/75      8.11G     0.7625     0.5824       1.07        232        640: 54% ━━━━━━╸───── 38/70 2.3it/s 16.8s<13.8s
[K      61/75      8.11G     0.7629     0.5836       1.07        319        640: 55% ━━━━━━╸───── 39/70 2.3it/s 17.3s<13.3s
[K      61/75      8.11G     0.7635     0.5832      1.071        381        640: 57% ━━━━━━╸───── 40/70 2.3it/s 17.7s<13.0s
[K      61/75      8.11G     0.7656     0.5854      1.072        369        640: 58% ━━━━━━━───── 41/70 2.3it/s 18.1s<12.4s
[K      61/75      8.11G     0.7678     0.5862      1.073        477        640: 60% ━━━━━━━───── 42/70 2.3it/s 18.6s<12.1s
[K      61/75      8.11G     0.7686     0.5878      1.073        495        640: 61% ━━━━━━━───── 43/70 2.3it/s 19.0s<11.7s
[K      61/75      8.11G     0.7701     0.5889      1.074        379        640: 62% ━━━━━━━╸──── 44/70 2.3it/s 19.4s<11.3s
[K      61/75      8.11G     0.7676     0.5861      1.072        326        640: 64% ━━━━━━━╸──── 45/70 2.3it/s 19.9s<10.8s
[K      61/75      8.11G     0.7663     0.5845      1.072        300        640: 65% ━━━━━━━╸──── 46/70 2.3it/s 20.3s<10.4s
[K      61/75      8.11G     0.7675     0.5839      1.071        521        640: 67% ━━━━━━━━──── 47/70 2.3it/s 20.7s<9.9s
[K      61/75      8.11G      0.768     0.5852      1.072        320        640: 68% ━━━━━━━━──── 48/70 2.3it/s 21.2s<9.6s
[K      61/75      8.11G     0.7677      0.586      1.072        337        640: 70% ━━━━━━━━──── 49/70 2.3it/s 21.6s<9.0s
[K      61/75      8.11G     0.7675     0.5858      1.072        278        640: 71% ━━━━━━━━╸─── 50/70 2.3it/s 22.0s<8.7s
[K      61/75      8.11G     0.7684     0.5854      1.072        458        640: 72% ━━━━━━━━╸─── 51/70 2.3it/s 22.5s<8.2s
[K      61/75      8.11G      0.771     0.5886      1.075        411        640: 74% ━━━━━━━━╸─── 52/70 2.3it/s 22.9s<7.8s
[K      61/75      8.11G     0.7715      0.589      1.075        417        640: 75% ━━━━━━━━━─── 53/70 2.3it/s 23.3s<7.3s
[K      61/75      8.11G     0.7747     0.5922      1.077        304        640: 77% ━━━━━━━━━─── 54/70 2.3it/s 23.8s<6.9s
[K      61/75      8.11G     0.7755      0.592      1.077        448        640: 78% ━━━━━━━━━─── 55/70 2.3it/s 24.2s<6.5s
[K      61/75      8.11G     0.7774     0.5947      1.078        562        640: 80% ━━━━━━━━━╸── 56/70 2.3it/s 24.6s<6.1s
[K      61/75      8.11G     0.7777     0.5958      1.078        301        640: 81% ━━━━━━━━━╸── 57/70 2.3it/s 25.0s<5.6s
[K      61/75      8.11G     0.7775      0.596      1.078        486        640: 82% ━━━━━━━━━╸── 58/70 2.3it/s 25.5s<5.2s
[K      61/75      8.11G     0.7793     0.5977       1.08        436        640: 84% ━━━━━━━━━━── 59/70 2.3it/s 25.9s<4.7s
[K      61/75      8.11G     0.7806     0.5997       1.08        392        640: 85% ━━━━━━━━━━── 60/70 2.3it/s 26.3s<4.3s
[K      61/75      8.11G     0.7819     0.5993      1.081        310        640: 87% ━━━━━━━━━━── 61/70 2.3it/s 26.8s<3.9s
[K      61/75      8.11G     0.7802      0.598       1.08        370        640: 88% ━━━━━━━━━━╸─ 62/70 2.3it/s 27.2s<3.5s
[K      61/75      8.11G     0.7806      0.598       1.08        436        640: 90% ━━━━━━━━━━╸─ 63/70 2.3it/s 27.6s<3.0s
[K      61/75      8.11G     0.7818     0.6002      1.081        365        640: 91% ━━━━━━━━━━╸─ 64/70 2.3it/s 28.1s<2.6s
[K      61/75      8.11G      0.781     0.5984      1.079        403        640: 92% ━━━━━━━━━━━─ 65/70 2.3it/s 28.5s<2.1s
[K      61/75      8.11G     0.7787     0.5971      1.078        257        640: 94% ━━━━━━━━━━━─ 66/70 2.3it/s 28.9s<1.7s
[K      61/75      8.11G     0.7788     0.5978      1.078        301        640: 95% ━━━━━━━━━━━─ 67/70 2.3it/s 29.4s<1.3s
[K      61/75      8.11G     0.7774     0.5962      1.077        371        640: 97% ━━━━━━━━━━━╸ 68/70 2.3it/s 29.8s<0.9s
[K      61/75      8.11G     0.7783      0.597      1.078        407        640: 98% ━━━━━━━━━━━╸ 69/70 2.3it/s 30.2s<0.4s
[K      61/75      8.11G     0.7783      0.597      1.078        407        640: 100% ━━━━━━━━━━━━ 70/70 2.3it/s 30.2s

[K                 Class     Images  Instances      Box(P          R      mAP50  mAP50-95): 20% ━━────────── 1/5 1.5s/it 0.4s<6.0s
[K                 Class     Images  Instances      Box(P          R      mAP50  mAP50-95): 40% ━━━━╸─────── 2/5 1.1it/s 0.9s<2.7s
[K                 Class     Images  Instances      Box(P          R      mAP50  mAP50-95): 60% ━━━━━━━───── 3/5 1.5it/s 1.3s<1.4s
[K                 Class     Images  Instances      Box(P          R      mAP50  mAP50-95): 80% ━━━━━━━━━╸── 4/5 1.7it/s 1.8s<0.6s
[K                 Class     Images  Instances      Box(P          R      mAP50  mAP50-95): 100% ━━━━━━━━━━━━ 5/5 2.3it/s 2.2s
                   all        280       3554      0.938      0.793      0.864      0.627

      Epoch    GPU_mem   box_loss   cls_loss   dfl_loss  Instances       Size

[K      62/75      8.05G     0.7103      0.562      1.058        382        640: 0% ──────────── 0/70  0.4s
[K      62/75      8.05G     0.7728     0.6205      1.106        284        640: 1% ──────────── 1/70 1.4s/it 0.9s<1:36
[K      62/75      8.05G     0.7492     0.5796      1.088        380        640: 2% ──────────── 2/70 1.2it/s 1.3s<57.5s
[K      62/75      8.05G     0.7331     0.5603      1.075        277        640: 4% ╸─────────── 3/70 1.5it/s 1.7s<43.5s
[K      62/75      8.05G     0.7547     0.5666      1.069        557        640: 5% ╸─────────── 4/70 1.8it/s 2.2s<37.6s
[K      62/75      8.05G     0.7976     0.6195      1.096        417        640: 7% ╸─────────── 5/70 1.9it/s 2.6s<33.4s
[K      62/75      8.05G     0.8051      0.627      1.096        382        640: 8% ━─────────── 6/70 2.0it/s 3.0s<31.4s
[K      62/75      8.05G     0.7958      0.615      1.089        357        640: 10% ━─────────── 7/70 2.1it/s 3.4s<29.4s
[K      62/75      8.05G     0.7867     0.6079      1.082        393        640: 11% ━─────────── 8/70 2.2it/s 3.9s<28.5s
[K      62/75      8.05G     0.7843     0.6069       1.08        437        640: 12% ━╸────────── 9/70 2.2it/s 4.3s<27.2s
[K      62/75      8.05G     0.7861     0.6056      1.081        361        640: 14% ━╸────────── 10/70 2.2it/s 4.7s<26.7s
[K      62/75      8.05G     0.7903     0.6111      1.085        348        640: 15% ━╸────────── 11/70 2.3it/s 5.2s<25.7s
[K      62/75      8.05G     0.7937     0.6112      1.085        468        640: 17% ━━────────── 12/70 2.3it/s 5.6s<25.6s
[K      62/75      8.05G      0.795      0.614      1.088        340        640: 18% ━━────────── 13/70 2.3it/s 6.0s<24.7s
[K      62/75      8.05G     0.7968     0.6141       1.09        329        640: 20% ━━────────── 14/70 2.3it/s 6.5s<24.3s
[K      62/75      8.05G     0.7925     0.6132      1.088        269        640: 21% ━━╸───────── 15/70 2.3it/s 6.9s<23.8s
[K      62/75      8.05G     0.7979      0.617       1.09        332        640: 22% ━━╸───────── 16/70 2.3it/s 7.3s<23.5s
[K      62/75      8.05G     0.8027     0.6226      1.092        489        640: 24% ━━╸───────── 17/70 2.3it/s 7.8s<22.8s
[K      62/75      8.05G     0.7954     0.6123      1.086        351        640: 25% ━━━───────── 18/70 2.3it/s 8.2s<22.5s
[K      62/75      8.05G     0.7955     0.6119      1.088        330        640: 27% ━━━───────── 19/70 2.3it/s 8.6s<21.8s
[K      62/75      8.05G     0.7955     0.6084       1.09        279        640: 28% ━━━───────── 20/70 2.3it/s 9.0s<21.5s
[K      62/75      8.05G     0.7977      0.606      1.088        450        640: 30% ━━━╸──────── 21/70 2.3it/s 9.5s<21.0s
[K      62/75      8.05G     0.7963     0.6069      1.088        383        640: 31% ━━━╸──────── 22/70 2.3it/s 9.9s<20.8s
[K      62/75      8.05G      0.794     0.6078      1.089        274        640: 32% ━━━╸──────── 23/70 2.3it/s 10.3s<20.1s
[K      62/75      8.05G     0.7932     0.6045      1.085        455        640: 34% ━━━━──────── 24/70 2.3it/s 10.8s<19.9s
[K      62/75      8.05G     0.7929     0.6004      1.085        313        640: 35% ━━━━──────── 25/70 2.3it/s 11.2s<19.4s
[K      62/75      8.05G     0.7909     0.5981      1.085        308        640: 37% ━━━━──────── 26/70 2.3it/s 11.6s<19.1s
[K      62/75      8.05G     0.7951     0.6034      1.087        500        640: 38% ━━━━╸─────── 27/70 2.3it/s 12.1s<18.5s
[K      62/75      8.05G     0.7919      0.599      1.084        359        640: 40% ━━━━╸─────── 28/70 2.3it/s 12.5s<18.2s
[K      62/75      8.05G     0.7915     0.5975      1.082        357        640: 41% ━━━━╸─────── 29/70 2.3it/s 12.9s<17.6s
[K      62/75      8.05G     0.7933     0.5992      1.084        303        640: 42% ━━━━━─────── 30/70 2.3it/s 13.4s<17.3s
[K      62/75      8.05G     0.7929      0.601      1.084        455        640: 44% ━━━━━─────── 31/70 2.3it/s 13.8s<16.7s
[K      62/75      8.05G     0.7912     0.6013      1.083        331        640: 45% ━━━━━─────── 32/70 2.3it/s 14.2s<16.3s
[K      62/75      8.05G     0.7866     0.5963       1.08        299        640: 47% ━━━━━╸────── 33/70 2.3it/s 14.6s<15.8s
[K      62/75      8.05G     0.7854     0.5947       1.08        365        640: 48% ━━━━━╸────── 34/70 2.3it/s 15.1s<15.5s
[K      62/75      8.05G      0.785     0.5941      1.079        414        640: 50% ━━━━━━────── 35/70 2.3it/s 15.5s<15.0s
[K      62/75      8.05G     0.7828     0.5935      1.078        338        640: 51% ━━━━━━────── 36/70 2.3it/s 15.9s<14.7s
[K      62/75      8.05G     0.7814     0.5906      1.076        362        640: 52% ━━━━━━────── 37/70 2.3it/s 16.4s<14.1s
[K      62/75      8.05G     0.7802     0.5881      1.075        253        640: 54% ━━━━━━╸───── 38/70 2.3it/s 16.8s<13.8s
[K      62/75      8.05G     0.7806     0.5894      1.076        343        640: 55% ━━━━━━╸───── 39/70 2.3it/s 17.2s<13.2s
[K      62/75      8.05G     0.7813     0.5903      1.076        376        640: 57% ━━━━━━╸───── 40/70 2.3it/s 17.6s<12.9s
[K      62/75      8.05G     0.7781     0.5873      1.074        304        640: 58% ━━━━━━━───── 41/70 2.3it/s 18.1s<12.4s
[K      62/75      8.05G     0.7771     0.5862      1.074        393        640: 60% ━━━━━━━───── 42/70 2.3it/s 18.5s<12.1s
[K      62/75      8.05G     0.7745     0.5828      1.071        465        640: 61% ━━━━━━━───── 43/70 2.3it/s 18.9s<11.6s
[K      62/75      8.05G     0.7746     0.5826      1.071        326        640: 62% ━━━━━━━╸──── 44/70 2.3it/s 19.4s<11.3s
[K      62/75      8.05G      0.777      0.587      1.073        426        640: 64% ━━━━━━━╸──── 45/70 2.3it/s 19.8s<10.7s
[K      62/75      8.05G     0.7788     0.5883      1.074        364        640: 65% ━━━━━━━╸──── 46/70 2.3it/s 20.2s<10.4s
[K      62/75      8.05G     0.7778     0.5877      1.074        343        640: 67% ━━━━━━━━──── 47/70 2.3it/s 20.7s<9.8s
[K      62/75      8.05G     0.7786       0.59      1.075        334        640: 68% ━━━━━━━━──── 48/70 2.3it/s 21.1s<9.5s
[K      62/75      8.05G     0.7791     0.5915      1.075        340        640: 70% ━━━━━━━━──── 49/70 2.3it/s 21.5s<9.0s
[K      62/75      8.05G     0.7829     0.5942      1.078        455        640: 71% ━━━━━━━━╸─── 50/70 2.3it/s 22.0s<8.6s
[K      62/75      8.05G     0.7808     0.5922      1.076        389        640: 72% ━━━━━━━━╸─── 51/70 2.3it/s 22.4s<8.1s
[K      62/75      8.05G     0.7842     0.5963      1.079        347        640: 74% ━━━━━━━━╸─── 52/70 2.3it/s 22.8s<7.8s
[K      62/75      8.05G     0.7847     0.5984       1.08        426        640: 75% ━━━━━━━━━─── 53/70 2.3it/s 23.2s<7.3s
[K      62/75      8.05G     0.7861     0.5998       1.08        362        640: 77% ━━━━━━━━━─── 54/70 2.3it/s 23.7s<6.9s
[K      62/75      8.05G     0.7874     0.6011      1.081        406        640: 78% ━━━━━━━━━─── 55/70 2.3it/s 24.1s<6.5s
[K      62/75      8.05G     0.7875     0.5993       1.08        535        640: 80% ━━━━━━━━━╸── 56/70 2.3it/s 24.6s<6.1s
[K      62/75      8.05G     0.7855     0.5969      1.079        359        640: 81% ━━━━━━━━━╸── 57/70 2.3it/s 25.0s<5.6s
[K      62/75      8.05G      0.784     0.5948      1.077        320        640: 82% ━━━━━━━━━╸── 58/70 2.3it/s 25.4s<5.2s
[K      62/75      8.05G     0.7821     0.5926      1.076        366        640: 84% ━━━━━━━━━━── 59/70 2.3it/s 25.8s<4.7s
[K      62/75      8.05G     0.7839     0.5952      1.078        357        640: 85% ━━━━━━━━━━── 60/70 2.3it/s 26.3s<4.3s
[K      62/75      8.05G     0.7834     0.5953      1.078        330        640: 87% ━━━━━━━━━━── 61/70 2.3it/s 26.7s<3.9s
[K      62/75      8.05G     0.7832     0.5945      1.077        337        640: 88% ━━━━━━━━━━╸─ 62/70 2.3it/s 27.1s<3.5s
[K      62/75      8.05G     0.7854     0.5963      1.079        547        640: 90% ━━━━━━━━━━╸─ 63/70 2.3it/s 27.6s<3.0s
[K      62/75      8.05G     0.7856     0.5958      1.079        404        640: 91% ━━━━━━━━━━╸─ 64/70 2.3it/s 28.0s<2.6s
[K      62/75      8.05G     0.7847     0.5951      1.079        325        640: 92% ━━━━━━━━━━━─ 65/70 2.3it/s 28.5s<2.2s
[K      62/75      8.05G     0.7838      0.594      1.077        430        640: 94% ━━━━━━━━━━━─ 66/70 2.3it/s 28.9s<1.7s
[K      62/75      8.05G     0.7822     0.5933      1.077        303        640: 95% ━━━━━━━━━━━─ 67/70 2.3it/s 29.3s<1.3s
[K      62/75      8.05G     0.7833     0.5945      1.078        309        640: 97% ━━━━━━━━━━━╸ 68/70 2.3it/s 29.8s<0.9s
[K      62/75      8.05G     0.7837     0.5942      1.078        477        640: 98% ━━━━━━━━━━━╸ 69/70 2.3it/s 30.2s<0.4s
[K      62/75      8.05G     0.7837     0.5942      1.078        477        640: 100% ━━━━━━━━━━━━ 70/70 2.3it/s 30.2s

[K                 Class     Images  Instances      Box(P          R      mAP50  mAP50-95): 20% ━━────────── 1/5 1.5s/it 0.4s<6.0s
[K                 Class     Images  Instances      Box(P          R      mAP50  mAP50-95): 40% ━━━━╸─────── 2/5 1.1it/s 0.9s<2.6s
[K                 Class     Images  Instances      Box(P          R      mAP50  mAP50-95): 60% ━━━━━━━───── 3/5 1.5it/s 1.3s<1.3s
[K                 Class     Images  Instances      Box(P          R      mAP50  mAP50-95): 80% ━━━━━━━━━╸── 4/5 1.7it/s 1.8s<0.6s
[K                 Class     Images  Instances      Box(P          R      mAP50  mAP50-95): 100% ━━━━━━━━━━━━ 5/5 2.3it/s 2.2s
                   all        280       3554      0.919      0.802      0.863      0.626

      Epoch    GPU_mem   box_loss   cls_loss   dfl_loss  Instances       Size

[K      63/75      8.08G     0.7766     0.4995       1.04        388        640: 0% ──────────── 0/70  0.4s
[K      63/75      8.08G     0.8124     0.5306      1.048        486        640: 1% ──────────── 1/70 1.4s/it 0.9s<1:39
[K      63/75      8.08G     0.8295     0.5396      1.045        614        640: 2% ──────────── 2/70 1.2it/s 1.3s<58.4s
[K      63/75      8.08G     0.8618      0.608      1.092        379        640: 4% ╸─────────── 3/70 1.5it/s 1.7s<44.0s
[K      63/75      8.08G     0.8332     0.5978      1.089        343        640: 5% ╸─────────── 4/70 1.8it/s 2.2s<37.7s
[K      63/75      8.08G     0.8186     0.5815       1.08        340        640: 7% ╸─────────── 5/70 1.9it/s 2.6s<33.4s
[K      63/75      8.08G     0.8236     0.5981      1.085        462        640: 8% ━─────────── 6/70 2.0it/s 3.0s<31.4s
[K      63/75      8.08G     0.8101      0.593      1.076        398        640: 10% ━─────────── 7/70 2.1it/s 3.5s<29.6s
[K      63/75      8.08G     0.8199     0.6045      1.078        492        640: 11% ━─────────── 8/70 2.2it/s 3.9s<28.5s
[K      63/75      8.08G     0.8145     0.6053      1.078        327        640: 12% ━╸────────── 9/70 2.2it/s 4.3s<27.3s
[K      63/75      8.08G     0.8117     0.6026      1.075        441        640: 14% ━╸────────── 10/70 2.2it/s 4.8s<26.8s
[K      63/75      8.08G     0.8147     0.6097      1.079        278        640: 15% ━╸────────── 11/70 2.3it/s 5.2s<25.8s
[K      63/75      8.08G     0.8129     0.6059      1.079        329        640: 17% ━━────────── 12/70 2.3it/s 5.6s<25.4s
[K      63/75      8.08G     0.8217     0.6172      1.086        620        640: 18% ━━────────── 13/70 2.3it/s 6.0s<24.8s
[K      63/75      8.08G     0.8178     0.6102      1.084        339        640: 20% ━━────────── 14/70 2.3it/s 6.5s<24.5s
[K      63/75      8.08G     0.8089     0.6083      1.082        350        640: 21% ━━╸───────── 15/70 2.3it/s 6.9s<23.9s
[K      63/75      8.08G     0.8093     0.6074       1.08        430        640: 22% ━━╸───────── 16/70 2.3it/s 7.4s<23.6s
[K      63/75      8.08G     0.8102      0.609      1.079        388        640: 24% ━━╸───────── 17/70 2.3it/s 7.8s<23.0s
[K      63/75      8.08G     0.8023     0.6048      1.077        233        640: 25% ━━━───────── 18/70 2.3it/s 8.2s<22.7s
[K      63/75      8.08G     0.8054     0.6084      1.079        439        640: 27% ━━━───────── 19/70 2.3it/s 8.6s<22.0s
[K      63/75      8.08G     0.8002     0.6043      1.079        304        640: 28% ━━━───────── 20/70 2.3it/s 9.1s<21.8s
[K      63/75      8.08G     0.8018     0.6033      1.079        485        640: 30% ━━━╸──────── 21/70 2.3it/s 9.5s<21.1s
[K      63/75      8.08G     0.8041     0.6079      1.081        275        640: 31% ━━━╸──────── 22/70 2.3it/s 10.0s<20.8s
[K      63/75      8.08G     0.8028     0.6072      1.081        337        640: 32% ━━━╸──────── 23/70 2.3it/s 10.4s<20.3s
[K      63/75      8.08G     0.8012     0.6042      1.081        327        640: 34% ━━━━──────── 24/70 2.3it/s 10.8s<20.0s
[K      63/75      8.08G     0.7997     0.6018       1.08        391        640: 35% ━━━━──────── 25/70 2.3it/s 11.3s<19.5s
[K      63/75      8.08G      0.802     0.6066      1.081        436        640: 37% ━━━━──────── 26/70 2.3it/s 11.7s<19.2s
[K      63/75      8.08G     0.7994     0.6056      1.082        293        640: 38% ━━━━╸─────── 27/70 2.3it/s 12.1s<18.6s
[K      63/75      8.08G     0.7943     0.6041      1.079        267        640: 40% ━━━━╸─────── 28/70 2.3it/s 12.6s<18.3s
[K      63/75      8.08G     0.7922     0.6033      1.078        354        640: 41% ━━━━╸─────── 29/70 2.3it/s 13.0s<17.7s
[K      63/75      8.08G     0.7907     0.6016      1.078        295        640: 42% ━━━━━─────── 30/70 2.3it/s 13.4s<17.3s
[K      63/75      8.08G     0.7895     0.6011      1.079        348        640: 44% ━━━━━─────── 31/70 2.3it/s 13.8s<16.7s
[K      63/75      8.08G     0.7908     0.6037       1.08        317        640: 45% ━━━━━─────── 32/70 2.3it/s 14.3s<16.5s
[K      63/75      8.08G     0.7889     0.6035       1.08        260        640: 47% ━━━━━╸────── 33/70 2.3it/s 14.7s<15.9s
[K      63/75      8.08G     0.7905      0.605      1.081        364        640: 48% ━━━━━╸────── 34/70 2.3it/s 15.1s<15.5s
[K      63/75      8.08G     0.7891     0.6054      1.081        321        640: 50% ━━━━━━────── 35/70 2.3it/s 15.6s<15.0s
[K      63/75      8.08G     0.7875     0.6068      1.081        332        640: 51% ━━━━━━────── 36/70 2.3it/s 16.0s<14.8s
[K      63/75      8.08G     0.7867     0.6049       1.08        406        640: 52% ━━━━━━────── 37/70 2.3it/s 16.4s<14.2s
[K      63/75      8.08G      0.787      0.602      1.077        466        640: 54% ━━━━━━╸───── 38/70 2.3it/s 16.9s<13.9s
[K      63/75      8.08G     0.7862     0.6018      1.077        310        640: 55% ━━━━━━╸───── 39/70 2.3it/s 17.3s<13.3s
[K      63/75      8.08G     0.7829     0.5997      1.076        283        640: 57% ━━━━━━╸───── 40/70 2.3it/s 17.7s<13.0s
[K      63/75      8.08G     0.7812     0.5979      1.075        311        640: 58% ━━━━━━━───── 41/70 2.3it/s 18.2s<12.5s
[K      63/75      8.08G     0.7803     0.5967      1.075        337        640: 60% ━━━━━━━───── 42/70 2.3it/s 18.6s<12.2s
[K      63/75      8.08G      0.779     0.5958      1.075        306        640: 61% ━━━━━━━───── 43/70 2.3it/s 19.0s<11.7s
[K      63/75      8.08G     0.7791     0.5941      1.074        440        640: 62% ━━━━━━━╸──── 44/70 2.3it/s 19.5s<11.3s
[K      63/75      8.08G     0.7776     0.5914      1.073        276        640: 64% ━━━━━━━╸──── 45/70 2.3it/s 19.9s<10.8s
[K      63/75      8.08G     0.7788     0.5921      1.075        410        640: 65% ━━━━━━━╸──── 46/70 2.3it/s 20.3s<10.4s
[K      63/75      8.08G     0.7778     0.5918      1.075        353        640: 67% ━━━━━━━━──── 47/70 2.3it/s 20.8s<10.0s
[K      63/75      8.08G     0.7764      0.593      1.075        241        640: 68% ━━━━━━━━──── 48/70 2.3it/s 21.2s<9.6s
[K      63/75      8.08G     0.7745     0.5908      1.074        429        640: 70% ━━━━━━━━──── 49/70 2.3it/s 21.6s<9.1s
[K      63/75      8.08G     0.7751     0.5917      1.075        276        640: 71% ━━━━━━━━╸─── 50/70 2.3it/s 22.1s<8.7s
[K      63/75      8.08G     0.7757     0.5937      1.076        334        640: 72% ━━━━━━━━╸─── 51/70 2.3it/s 22.5s<8.2s
[K      63/75      8.08G     0.7743     0.5928      1.075        416        640: 74% ━━━━━━━━╸─── 52/70 2.3it/s 22.9s<7.8s
[K      63/75      8.08G     0.7742     0.5928      1.075        466        640: 75% ━━━━━━━━━─── 53/70 2.3it/s 23.4s<7.4s
[K      63/75      8.08G     0.7754     0.5955      1.077        368        640: 77% ━━━━━━━━━─── 54/70 2.3it/s 23.8s<7.0s
[K      63/75      8.08G     0.7734     0.5952      1.077        363        640: 78% ━━━━━━━━━─── 55/70 2.3it/s 24.2s<6.5s
[K      63/75      8.08G     0.7722      0.593      1.076        356        640: 80% ━━━━━━━━━╸── 56/70 2.3it/s 24.7s<6.1s
[K      63/75      8.08G     0.7717     0.5934      1.076        285        640: 81% ━━━━━━━━━╸── 57/70 2.3it/s 25.1s<5.6s
[K      63/75      8.08G     0.7706     0.5917      1.076        306        640: 82% ━━━━━━━━━╸── 58/70 2.3it/s 25.5s<5.2s
[K      63/75      8.08G     0.7735     0.5942      1.077        400        640: 84% ━━━━━━━━━━── 59/70 2.3it/s 26.0s<4.7s
[K      63/75      8.08G     0.7749     0.5938      1.077        626        640: 85% ━━━━━━━━━━── 60/70 2.3it/s 26.4s<4.4s
[K      63/75      8.08G     0.7761     0.5953      1.077        445        640: 87% ━━━━━━━━━━── 61/70 2.3it/s 26.8s<3.9s
[K      63/75      8.08G     0.7761     0.5947      1.077        413        640: 88% ━━━━━━━━━━╸─ 62/70 2.3it/s 27.3s<3.5s
[K      63/75      8.08G     0.7763     0.5949      1.078        292        640: 90% ━━━━━━━━━━╸─ 63/70 2.3it/s 27.7s<3.0s
[K      63/75      8.08G      0.776     0.5945      1.077        424        640: 91% ━━━━━━━━━━╸─ 64/70 2.3it/s 28.2s<2.6s
[K      63/75      8.08G     0.7774     0.5946      1.078        302        640: 92% ━━━━━━━━━━━─ 65/70 2.3it/s 28.6s<2.2s
[K      63/75      8.08G     0.7777     0.5954      1.079        326        640: 94% ━━━━━━━━━━━─ 66/70 2.3it/s 29.0s<1.7s
[K      63/75      8.08G     0.7787     0.5956      1.079        343        640: 95% ━━━━━━━━━━━─ 67/70 2.3it/s 29.5s<1.3s
[K      63/75      8.08G     0.7797     0.5977       1.08        348        640: 97% ━━━━━━━━━━━╸ 68/70 2.3it/s 29.9s<0.9s
[K      63/75      8.08G     0.7818     0.5994      1.081        365        640: 98% ━━━━━━━━━━━╸ 69/70 2.3it/s 30.3s<0.4s
[K      63/75      8.08G     0.7818     0.5994      1.081        365        640: 100% ━━━━━━━━━━━━ 70/70 2.3it/s 30.3s

[K                 Class     Images  Instances      Box(P          R      mAP50  mAP50-95): 20% ━━────────── 1/5 1.5s/it 0.4s<5.9s
[K                 Class     Images  Instances      Box(P          R      mAP50  mAP50-95): 40% ━━━━╸─────── 2/5 1.1it/s 0.9s<2.6s
[K                 Class     Images  Instances      Box(P          R      mAP50  mAP50-95): 60% ━━━━━━━───── 3/5 1.4it/s 1.4s<1.4s
[K                 Class     Images  Instances      Box(P          R      mAP50  mAP50-95): 80% ━━━━━━━━━╸── 4/5 1.7it/s 1.8s<0.6s
[K                 Class     Images  Instances      Box(P          R      mAP50  mAP50-95): 100% ━━━━━━━━━━━━ 5/5 2.2it/s 2.2s
                   all        280       3554      0.929      0.803      0.864      0.627

      Epoch    GPU_mem   box_loss   cls_loss   dfl_loss  Instances       Size

[K      64/75      8.03G     0.7502     0.6136      1.102        324        640: 0% ──────────── 0/70  0.4s
[K      64/75      8.03G     0.7418     0.6056      1.108        277        640: 1% ──────────── 1/70 1.4s/it 0.9s<1:38
[K      64/75      8.03G     0.7942     0.7151      1.143        330        640: 2% ──────────── 2/70 1.2it/s 1.3s<57.8s
[K      64/75      8.03G     0.8214     0.7672      1.159        340        640: 4% ╸─────────── 3/70 1.5it/s 1.7s<43.6s
[K      64/75      8.03G     0.7986     0.7082      1.128        328        640: 5% ╸─────────── 4/70 1.7it/s 2.2s<37.9s
[K      64/75      8.03G     0.7894     0.6965      1.118        300        640: 7% ╸─────────── 5/70 1.9it/s 2.6s<33.6s
[K      64/75      8.03G     0.7821      0.688      1.116        311        640: 8% ━─────────── 6/70 2.0it/s 3.0s<31.4s
[K      64/75      8.03G     0.7898      0.688      1.116        423        640: 10% ━─────────── 7/70 2.1it/s 3.4s<29.4s
[K      64/75      8.03G     0.7793     0.6787       1.11        364        640: 11% ━─────────── 8/70 2.2it/s 3.9s<28.5s
[K      64/75      8.03G      0.799     0.6888      1.118        646        640: 12% ━╸────────── 9/70 2.2it/s 4.3s<27.4s
[K      64/75      8.03G     0.8068     0.6892      1.122        423        640: 14% ━╸────────── 10/70 2.2it/s 4.8s<26.9s
[K      64/75      8.03G     0.7967      0.673      1.113        369        640: 15% ━╸────────── 11/70 2.3it/s 5.2s<26.1s
[K      64/75      8.03G     0.7861      0.661      1.105        319        640: 17% ━━────────── 12/70 2.3it/s 5.6s<25.5s
[K      64/75      8.03G      0.785     0.6529      1.102        397        640: 18% ━━────────── 13/70 2.3it/s 6.0s<24.7s
[K      64/75      8.03G     0.7797     0.6462        1.1        320        640: 20% ━━────────── 14/70 2.3it/s 6.5s<24.4s
[K      64/75      8.03G     0.7778     0.6388      1.099        318        640: 21% ━━╸───────── 15/70 2.3it/s 6.9s<23.8s
[K      64/75      8.03G     0.7771     0.6381      1.096        354        640: 22% ━━╸───────── 16/70 2.3it/s 7.3s<23.5s
[K      64/75      8.03G     0.7691     0.6271      1.092        266        640: 24% ━━╸───────── 17/70 2.3it/s 7.8s<22.9s
[K      64/75      8.03G     0.7725     0.6268      1.091        429        640: 25% ━━━───────── 18/70 2.3it/s 8.2s<22.6s
[K      64/75      8.03G      0.777     0.6264       1.09        319        640: 27% ━━━───────── 19/70 2.3it/s 8.7s<22.3s
[K      64/75      8.03G     0.7769      0.622      1.088        333        640: 28% ━━━───────── 20/70 2.3it/s 9.1s<21.9s
[K      64/75      8.03G     0.7766     0.6191      1.088        311        640: 30% ━━━╸──────── 21/70 2.3it/s 9.5s<21.2s
[K      64/75      8.03G      0.777     0.6146      1.087        348        640: 31% ━━━╸──────── 22/70 2.3it/s 10.0s<20.9s
[K      64/75      8.03G     0.7791     0.6158      1.089        402        640: 32% ━━━╸──────── 23/70 2.3it/s 10.4s<20.3s
[K      64/75      8.03G     0.7773     0.6156      1.087        420        640: 34% ━━━━──────── 24/70 2.3it/s 10.8s<20.0s
[K      64/75      8.03G     0.7769     0.6132      1.085        350        640: 35% ━━━━──────── 25/70 2.3it/s 11.2s<19.4s
[K      64/75      8.03G     0.7778     0.6182      1.086        339        640: 37% ━━━━──────── 26/70 2.3it/s 11.7s<19.1s
[K      64/75      8.03G     0.7746     0.6132      1.083        336        640: 38% ━━━━╸─────── 27/70 2.3it/s 12.1s<18.5s
[K      64/75      8.03G     0.7729     0.6103      1.082        294        640: 40% ━━━━╸─────── 28/70 2.3it/s 12.6s<18.2s
[K      64/75      8.03G     0.7748      0.612      1.084        346        640: 41% ━━━━╸─────── 29/70 2.3it/s 13.0s<17.6s
[K      64/75      8.03G     0.7751     0.6109      1.084        348        640: 42% ━━━━━─────── 30/70 2.3it/s 13.4s<17.3s
[K      64/75      8.03G     0.7775     0.6129      1.085        387        640: 44% ━━━━━─────── 31/70 2.3it/s 13.8s<16.8s
[K      64/75      8.03G     0.7789     0.6144      1.085        362        640: 45% ━━━━━─────── 32/70 2.3it/s 14.3s<16.5s
[K      64/75      8.03G     0.7754     0.6104      1.084        321        640: 47% ━━━━━╸────── 33/70 2.3it/s 14.7s<15.9s
[K      64/75      8.03G      0.779     0.6122      1.084        480        640: 48% ━━━━━╸────── 34/70 2.3it/s 15.2s<15.7s
[K      64/75      8.03G     0.7801     0.6114      1.085        315        640: 50% ━━━━━━────── 35/70 2.3it/s 15.6s<15.1s
[K      64/75      8.03G     0.7785     0.6104      1.085        284        640: 51% ━━━━━━────── 36/70 2.3it/s 16.0s<14.8s
[K      64/75      8.03G     0.7768     0.6078      1.084        325        640: 52% ━━━━━━────── 37/70 2.3it/s 16.4s<14.2s
[K      64/75      8.03G      0.778       0.61      1.086        243        640: 54% ━━━━━━╸───── 38/70 2.3it/s 16.9s<13.9s
[K      64/75      8.03G     0.7769     0.6089      1.086        328        640: 55% ━━━━━━╸───── 39/70 2.3it/s 17.3s<13.4s
[K      64/75      8.03G      0.777     0.6085      1.085        465        640: 57% ━━━━━━╸───── 40/70 2.3it/s 17.7s<13.0s
[K      64/75      8.03G     0.7782     0.6096      1.085        348        640: 58% ━━━━━━━───── 41/70 2.3it/s 18.2s<12.5s
[K      64/75      8.03G     0.7779     0.6098      1.086        301        640: 60% ━━━━━━━───── 42/70 2.3it/s 18.6s<12.3s
[K      64/75      8.03G     0.7787     0.6092      1.085        345        640: 61% ━━━━━━━───── 43/70 2.3it/s 19.1s<11.8s
[K      64/75      8.03G     0.7773     0.6073      1.083        384        640: 62% ━━━━━━━╸──── 44/70 2.3it/s 19.5s<11.4s
[K      64/75      8.03G     0.7781     0.6047      1.083        467        640: 64% ━━━━━━━╸──── 45/70 2.3it/s 19.9s<10.9s
[K      64/75      8.03G     0.7796     0.6069      1.083        323        640: 65% ━━━━━━━╸──── 46/70 2.3it/s 20.4s<10.5s
[K      64/75      8.03G     0.7797     0.6094      1.084        325        640: 67% ━━━━━━━━──── 47/70 2.3it/s 20.8s<10.0s
[K      64/75      8.03G     0.7784     0.6087      1.085        306        640: 68% ━━━━━━━━──── 48/70 2.3it/s 21.2s<9.6s
[K      64/75      8.03G     0.7762     0.6061      1.085        204        640: 70% ━━━━━━━━──── 49/70 2.3it/s 21.7s<9.1s
[K      64/75      8.03G     0.7745     0.6047      1.084        286        640: 71% ━━━━━━━━╸─── 50/70 2.3it/s 22.1s<8.7s
[K      64/75      8.03G     0.7737      0.604      1.083        362        640: 72% ━━━━━━━━╸─── 51/70 2.3it/s 22.5s<8.2s
[K      64/75      8.03G     0.7727     0.6052      1.083        327        640: 74% ━━━━━━━━╸─── 52/70 2.3it/s 23.0s<7.8s
[K      64/75      8.03G     0.7759     0.6083      1.085        474        640: 75% ━━━━━━━━━─── 53/70 2.3it/s 23.4s<7.4s
[K      64/75      8.03G     0.7739     0.6065      1.084        351        640: 77% ━━━━━━━━━─── 54/70 2.3it/s 23.8s<7.0s
[K      64/75      8.03G      0.773     0.6052      1.083        369        640: 78% ━━━━━━━━━─── 55/70 2.3it/s 24.3s<6.5s
[K      64/75      8.03G     0.7705     0.6032      1.082        257        640: 80% ━━━━━━━━━╸── 56/70 2.3it/s 24.7s<6.1s
[K      64/75      8.03G     0.7707     0.6027      1.082        348        640: 81% ━━━━━━━━━╸── 57/70 2.3it/s 25.1s<5.6s
[K      64/75      8.03G     0.7712     0.6046      1.083        383        640: 82% ━━━━━━━━━╸── 58/70 2.3it/s 25.6s<5.2s
[K      64/75      8.03G     0.7723     0.6055      1.083        359        640: 84% ━━━━━━━━━━── 59/70 2.3it/s 26.0s<4.7s
[K      64/75      8.03G     0.7711     0.6041      1.082        394        640: 85% ━━━━━━━━━━── 60/70 2.3it/s 26.4s<4.4s
[K      64/75      8.03G     0.7739     0.6071      1.084        419        640: 87% ━━━━━━━━━━── 61/70 2.3it/s 26.9s<3.9s
[K      64/75      8.03G     0.7737     0.6077      1.085        295        640: 88% ━━━━━━━━━━╸─ 62/70 2.3it/s 27.3s<3.5s
[K      64/75      8.03G     0.7719     0.6058      1.084        403        640: 90% ━━━━━━━━━━╸─ 63/70 2.3it/s 27.7s<3.0s
[K      64/75      8.03G     0.7716     0.6045      1.083        364        640: 91% ━━━━━━━━━━╸─ 64/70 2.3it/s 28.2s<2.6s
[K      64/75      8.03G      0.771     0.6036      1.083        407        640: 92% ━━━━━━━━━━━─ 65/70 2.3it/s 28.6s<2.2s
[K      64/75      8.03G     0.7704     0.6019      1.081        608        640: 94% ━━━━━━━━━━━─ 66/70 2.3it/s 29.1s<1.8s
[K      64/75      8.03G     0.7688     0.5995      1.081        224        640: 95% ━━━━━━━━━━━─ 67/70 2.3it/s 29.5s<1.3s
[K      64/75      8.03G     0.7688     0.5988       1.08        436        640: 97% ━━━━━━━━━━━╸ 68/70 2.3it/s 29.9s<0.9s
[K      64/75      8.03G     0.7679     0.5977      1.079        320        640: 98% ━━━━━━━━━━━╸ 69/70 2.3it/s 30.4s<0.4s
[K      64/75      8.03G     0.7679     0.5977      1.079        320        640: 100% ━━━━━━━━━━━━ 70/70 2.3it/s 30.4s

[K                 Class     Images  Instances      Box(P          R      mAP50  mAP50-95): 20% ━━────────── 1/5 1.5s/it 0.4s<6.0s
[K                 Class     Images  Instances      Box(P          R      mAP50  mAP50-95): 40% ━━━━╸─────── 2/5 1.1it/s 0.9s<2.6s
[K                 Class     Images  Instances      Box(P          R      mAP50  mAP50-95): 60% ━━━━━━━───── 3/5 1.5it/s 1.3s<1.4s
[K                 Class     Images  Instances      Box(P          R      mAP50  mAP50-95): 80% ━━━━━━━━━╸── 4/5 1.7it/s 1.8s<0.6s
[K                 Class     Images  Instances      Box(P          R      mAP50  mAP50-95): 100% ━━━━━━━━━━━━ 5/5 2.3it/s 2.2s
                   all        280       3554      0.925      0.804      0.864      0.629

      Epoch    GPU_mem   box_loss   cls_loss   dfl_loss  Instances       Size

[K      65/75      8.15G     0.6543     0.4432     0.9979        405        640: 0% ──────────── 0/70  0.4s
[K      65/75      8.15G     0.7077     0.4876      1.025        284        640: 1% ──────────── 1/70 1.4s/it 0.9s<1:38
[K      65/75      8.15G     0.6907     0.5066      1.026        254        640: 2% ──────────── 2/70 1.2it/s 1.3s<57.8s
[K      65/75      8.15G     0.6905     0.5029      1.029        286        640: 4% ╸─────────── 3/70 1.5it/s 1.7s<43.3s
[K      65/75      8.15G     0.7273     0.5369      1.039        412        640: 5% ╸─────────── 4/70 1.8it/s 2.2s<37.4s
[K      65/75      8.15G     0.7463     0.5653      1.058        374        640: 7% ╸─────────── 5/70 1.9it/s 2.6s<33.4s
[K      65/75      8.15G     0.7416     0.5577      1.051        438        640: 8% ━─────────── 6/70 2.0it/s 3.0s<31.5s
[K      65/75      8.15G     0.7649     0.5811      1.065        356        640: 10% ━─────────── 7/70 2.1it/s 3.4s<29.4s
[K      65/75      8.15G     0.7727     0.5942       1.07        529        640: 11% ━─────────── 8/70 2.2it/s 3.9s<28.7s
[K      65/75      8.15G     0.7767     0.6025      1.075        334        640: 12% ━╸────────── 9/70 2.2it/s 4.3s<27.4s
[K      65/75      8.15G     0.7695     0.5897      1.069        439        640: 14% ━╸────────── 10/70 2.2it/s 4.8s<27.0s
[K      65/75      8.15G     0.7676      0.593      1.071        372        640: 15% ━╸────────── 11/70 2.3it/s 5.2s<25.9s
[K      65/75      8.15G     0.7592     0.5819      1.067        290        640: 17% ━━────────── 12/70 2.3it/s 5.6s<25.4s
[K      65/75      8.15G     0.7714     0.5961      1.073        429        640: 18% ━━────────── 13/70 2.3it/s 6.0s<24.7s
[K      65/75      8.15G     0.7702     0.5883       1.07        337        640: 20% ━━────────── 14/70 2.3it/s 6.5s<24.5s
[K      65/75      8.15G     0.7715     0.5875      1.072        417        640: 21% ━━╸───────── 15/70 2.3it/s 6.9s<23.7s
[K      65/75      8.15G     0.7706     0.5847       1.07        433        640: 22% ━━╸───────── 16/70 2.3it/s 7.4s<23.4s
[K      65/75      8.15G     0.7738     0.5881      1.071        388        640: 24% ━━╸───────── 17/70 2.3it/s 7.8s<22.8s
[K      65/75      8.15G       0.77     0.5835      1.068        471        640: 25% ━━━───────── 18/70 2.3it/s 8.2s<22.6s
[K      65/75      8.15G     0.7694     0.5835      1.069        338        640: 27% ━━━───────── 19/70 2.3it/s 8.6s<22.0s
[K      65/75      8.15G     0.7778     0.5926      1.074        452        640: 28% ━━━───────── 20/70 2.3it/s 9.1s<21.8s
[K      65/75      8.15G     0.7748     0.5872       1.07        342        640: 30% ━━━╸──────── 21/70 2.3it/s 9.5s<21.2s
[K      65/75      8.15G     0.7707     0.5847       1.07        266        640: 31% ━━━╸──────── 22/70 2.3it/s 10.0s<20.9s
[K      65/75      8.15G     0.7709     0.5891      1.072        347        640: 32% ━━━╸──────── 23/70 2.3it/s 10.4s<20.4s
[K      65/75      8.15G     0.7691     0.5898      1.073        260        640: 34% ━━━━──────── 24/70 2.3it/s 10.8s<20.1s
[K      65/75      8.15G     0.7722     0.5926      1.076        395        640: 35% ━━━━──────── 25/70 2.3it/s 11.3s<19.6s
[K      65/75      8.15G     0.7724     0.5923      1.075        426        640: 37% ━━━━──────── 26/70 2.3it/s 11.7s<19.2s
[K      65/75      8.15G     0.7698     0.5911      1.075        250        640: 38% ━━━━╸─────── 27/70 2.3it/s 12.1s<18.6s
[K      65/75      8.15G     0.7674     0.5894      1.074        324        640: 40% ━━━━╸─────── 28/70 2.3it/s 12.6s<18.3s
[K      65/75      8.15G     0.7663     0.5876      1.074        312        640: 41% ━━━━╸─────── 29/70 2.3it/s 13.0s<17.6s
[K      65/75      8.15G     0.7656     0.5879      1.075        249        640: 42% ━━━━━─────── 30/70 2.3it/s 13.4s<17.3s
[K      65/75      8.15G     0.7679     0.5903      1.077        332        640: 44% ━━━━━─────── 31/70 2.3it/s 13.8s<16.7s
[K      65/75      8.15G     0.7676     0.5905      1.077        463        640: 45% ━━━━━─────── 32/70 2.3it/s 14.3s<16.5s
[K      65/75      8.15G     0.7687     0.5905      1.077        428        640: 47% ━━━━━╸────── 33/70 2.3it/s 14.7s<16.1s
[K      65/75      8.15G     0.7677     0.5877      1.075        355        640: 48% ━━━━━╸────── 34/70 2.3it/s 15.2s<15.7s
[K      65/75      8.15G     0.7686     0.5884      1.076        334        640: 50% ━━━━━━────── 35/70 2.3it/s 15.6s<15.1s
[K      65/75      8.15G     0.7648     0.5839      1.075        312        640: 51% ━━━━━━────── 36/70 2.3it/s 16.0s<14.8s
[K      65/75      8.15G     0.7635     0.5818      1.073        344        640: 52% ━━━━━━────── 37/70 2.3it/s 16.5s<14.2s
[K      65/75      8.15G     0.7649     0.5837      1.074        372        640: 54% ━━━━━━╸───── 38/70 2.3it/s 16.9s<13.9s
[K      65/75      8.15G     0.7665     0.5848      1.074        408        640: 55% ━━━━━━╸───── 39/70 2.3it/s 17.3s<13.4s
[K      65/75      8.15G     0.7681     0.5855      1.074        442        640: 57% ━━━━━━╸───── 40/70 2.3it/s 17.8s<13.0s
[K      65/75      8.15G     0.7697     0.5871      1.074        436        640: 58% ━━━━━━━───── 41/70 2.3it/s 18.2s<12.5s
[K      65/75      8.15G     0.7675     0.5857      1.074        280        640: 60% ━━━━━━━───── 42/70 2.3it/s 18.6s<12.2s
[K      65/75      8.15G     0.7641     0.5824      1.072        382        640: 61% ━━━━━━━───── 43/70 2.3it/s 19.1s<11.7s
[K      65/75      8.15G     0.7645     0.5828      1.072        378        640: 62% ━━━━━━━╸──── 44/70 2.3it/s 19.5s<11.4s
[K      65/75      8.15G     0.7623     0.5828      1.071        341        640: 64% ━━━━━━━╸──── 45/70 2.3it/s 19.9s<10.8s
[K      65/75      8.15G     0.7601     0.5799       1.07        291        640: 65% ━━━━━━━╸──── 46/70 2.3it/s 20.4s<10.4s
[K      65/75      8.15G     0.7601     0.5798       1.07        378        640: 67% ━━━━━━━━──── 47/70 2.3it/s 20.8s<9.9s
[K      65/75      8.15G     0.7627     0.5846      1.072        379        640: 68% ━━━━━━━━──── 48/70 2.3it/s 21.2s<9.5s
[K      65/75      8.15G     0.7623     0.5843      1.072        315        640: 70% ━━━━━━━━──── 49/70 2.3it/s 21.6s<9.0s
[K      65/75      8.15G      0.761     0.5816       1.07        334        640: 71% ━━━━━━━━╸─── 50/70 2.3it/s 22.1s<8.7s
[K      65/75      8.15G     0.7614     0.5827      1.071        377        640: 72% ━━━━━━━━╸─── 51/70 2.3it/s 22.5s<8.2s
[K      65/75      8.15G     0.7639     0.5848      1.072        443        640: 74% ━━━━━━━━╸─── 52/70 2.3it/s 23.0s<7.8s
[K      65/75      8.15G      0.764      0.584      1.072        419        640: 75% ━━━━━━━━━─── 53/70 2.3it/s 23.4s<7.3s
[K      65/75      8.15G     0.7642     0.5835      1.072        290        640: 77% ━━━━━━━━━─── 54/70 2.3it/s 23.8s<6.9s
[K      65/75      8.15G     0.7641     0.5839      1.073        272        640: 78% ━━━━━━━━━─── 55/70 2.3it/s 24.2s<6.5s
[K      65/75      8.15G     0.7623     0.5819      1.071        425        640: 80% ━━━━━━━━━╸── 56/70 2.3it/s 24.7s<6.1s
[K      65/75      8.15G      0.761     0.5819      1.071        370        640: 81% ━━━━━━━━━╸── 57/70 2.3it/s 25.1s<5.7s
[K      65/75      8.15G     0.7626     0.5829      1.071        401        640: 82% ━━━━━━━━━╸── 58/70 2.3it/s 25.6s<5.3s
[K      65/75      8.15G     0.7628     0.5833      1.072        330        640: 84% ━━━━━━━━━━── 59/70 2.3it/s 26.0s<4.8s
[K      65/75      8.15G     0.7626     0.5827      1.071        414        640: 85% ━━━━━━━━━━── 60/70 2.3it/s 26.4s<4.4s
[K      65/75      8.15G     0.7624     0.5829      1.071        372        640: 87% ━━━━━━━━━━── 61/70 2.3it/s 26.9s<3.9s
[K      65/75      8.15G     0.7615      0.583       1.07        393        640: 88% ━━━━━━━━━━╸─ 62/70 2.3it/s 27.3s<3.5s
[K      65/75      8.15G     0.7618      0.581      1.069        519        640: 90% ━━━━━━━━━━╸─ 63/70 2.3it/s 27.7s<3.0s
[K      65/75      8.15G     0.7621     0.5804      1.068        528        640: 91% ━━━━━━━━━━╸─ 64/70 2.3it/s 28.2s<2.6s
[K      65/75      8.15G     0.7644     0.5817      1.069        462        640: 92% ━━━━━━━━━━━─ 65/70 2.3it/s 28.6s<2.2s
[K      65/75      8.15G     0.7659     0.5844       1.07        397        640: 94% ━━━━━━━━━━━─ 66/70 2.3it/s 29.1s<1.8s
[K      65/75      8.15G     0.7658     0.5841       1.07        307        640: 95% ━━━━━━━━━━━─ 67/70 2.3it/s 29.5s<1.3s
[K      65/75      8.15G     0.7663     0.5851       1.07        427        640: 97% ━━━━━━━━━━━╸ 68/70 2.3it/s 29.9s<0.9s
[K      65/75      8.15G     0.7667     0.5846       1.07        535        640: 98% ━━━━━━━━━━━╸ 69/70 2.3it/s 30.4s<0.4s
[K      65/75      8.15G     0.7667     0.5846       1.07        535        640: 100% ━━━━━━━━━━━━ 70/70 2.3it/s 30.4s

[K                 Class     Images  Instances      Box(P          R      mAP50  mAP50-95): 20% ━━────────── 1/5 1.5s/it 0.5s<6.0s
[K                 Class     Images  Instances      Box(P          R      mAP50  mAP50-95): 40% ━━━━╸─────── 2/5 1.1it/s 0.9s<2.6s
[K                 Class     Images  Instances      Box(P          R      mAP50  mAP50-95): 60% ━━━━━━━───── 3/5 1.5it/s 1.3s<1.4s
[K                 Class     Images  Instances      Box(P          R      mAP50  mAP50-95): 80% ━━━━━━━━━╸── 4/5 1.7it/s 1.8s<0.6s
[K                 Class     Images  Instances      Box(P          R      mAP50  mAP50-95): 100% ━━━━━━━━━━━━ 5/5 2.3it/s 2.2s
                   all        280       3554      0.941      0.794      0.866      0.631
Closing dataloader mosaic
[34m[1malbumentations: [0mBlur(p=0.01, blur_limit=(3, 7)), MedianBlur(p=0.01, blur_limit=(3, 7)), ToGray(p=0.01, method='weighted_average', num_output_channels=3), CLAHE(p=0.01, clip_limit=(1.0, 4.0), tile_grid_size=(8, 8))

      Epoch    GPU_mem   box_loss   cls_loss   dfl_loss  Instances       Size

[K      66/75      8.08G     0.7381     0.4414     0.9545        322        640: 0% ──────────── 0/70  1.4s
[K      66/75      8.08G     0.7431      0.453     0.9456        308        640: 1% ──────────── 1/70 1.5s/it 1.8s<1:45
[K      66/75      8.08G     0.7367     0.4568     0.9822        203        640: 2% ──────────── 2/70 1.1it/s 2.3s<1:03
[K      66/75      8.08G     0.7191      0.445     0.9763        259        640: 4% ╸─────────── 3/70 1.4it/s 2.8s<47.9s
[K      66/75      8.08G     0.7128     0.4416     0.9748        241        640: 5% ╸─────────── 4/70 1.7it/s 3.2s<39.8s
[K      66/75      8.08G     0.7272     0.4518     0.9873        215        640: 7% ╸─────────── 5/70 1.9it/s 3.7s<34.5s
[K      66/75      8.08G     0.7137     0.4436     0.9825        171        640: 8% ━─────────── 6/70 2.0it/s 4.1s<31.8s
[K      66/75      8.08G     0.7051     0.4348     0.9818        173        640: 10% ━─────────── 7/70 2.1it/s 4.5s<29.6s
[K      66/75      8.08G     0.7021     0.4321     0.9903        189        640: 11% ━─────────── 8/70 2.2it/s 4.9s<28.5s
[K      66/75      8.08G     0.6932     0.4283     0.9896        153        640: 12% ━╸────────── 9/70 2.2it/s 5.4s<27.3s
[K      66/75      8.08G      0.689     0.4307     0.9959        169        640: 14% ━╸────────── 10/70 2.2it/s 5.8s<26.7s
[K      66/75      8.08G     0.7029     0.4422      1.003        230        640: 15% ━╸────────── 11/70 2.3it/s 6.2s<25.8s
[K      66/75      8.08G     0.7002     0.4428      1.002        167        640: 17% ━━────────── 12/70 2.3it/s 6.7s<25.3s
[K      66/75      8.08G     0.7034     0.4437      1.003        276        640: 18% ━━────────── 13/70 2.3it/s 7.1s<24.7s
[K      66/75      8.08G     0.7001     0.4428      1.003        179        640: 20% ━━────────── 14/70 2.3it/s 7.5s<24.4s
[K      66/75      8.08G     0.7063     0.4427      1.003        304        640: 21% ━━╸───────── 15/70 2.3it/s 7.9s<23.7s
[K      66/75      8.08G     0.7043     0.4399      1.002        148        640: 22% ━━╸───────── 16/70 2.3it/s 8.4s<23.3s
[K      66/75      8.08G     0.7028     0.4392      1.003        180        640: 24% ━━╸───────── 17/70 2.3it/s 8.8s<22.6s
[K      66/75      8.08G     0.7054     0.4409      1.002        186        640: 25% ━━━───────── 18/70 2.3it/s 9.2s<22.4s
[K      66/75      8.08G     0.7038     0.4395      1.003        244        640: 27% ━━━───────── 19/70 2.3it/s 9.7s<21.8s
[K      66/75      8.08G     0.7007     0.4359     0.9998        221        640: 28% ━━━───────── 20/70 2.3it/s 10.1s<21.5s
[K      66/75      8.08G     0.7016     0.4349          1        190        640: 30% ━━━╸──────── 21/70 2.3it/s 10.5s<20.9s
[K      66/75      8.08G     0.7012     0.4349      1.001        236        640: 31% ━━━╸──────── 22/70 2.3it/s 11.0s<20.8s
[K      66/75      8.08G     0.6996     0.4348      1.001        175        640: 32% ━━━╸──────── 23/70 2.3it/s 11.4s<20.2s
[K      66/75      8.08G     0.6952     0.4325      1.002        164        640: 34% ━━━━──────── 24/70 2.3it/s 11.8s<19.9s
[K      66/75      8.08G      0.694     0.4332     0.9992        172        640: 35% ━━━━──────── 25/70 2.3it/s 12.2s<19.3s
[K      66/75      8.08G     0.6979     0.4345      1.001        227        640: 37% ━━━━──────── 26/70 2.3it/s 12.7s<19.0s
[K      66/75      8.08G     0.6981     0.4333          1        274        640: 38% ━━━━╸─────── 27/70 2.3it/s 13.1s<18.4s
[K      66/75      8.08G     0.6993     0.4329      1.001        157        640: 40% ━━━━╸─────── 28/70 2.3it/s 13.5s<18.1s
[K      66/75      8.08G     0.6962     0.4311     0.9998        217        640: 41% ━━━━╸─────── 29/70 2.3it/s 14.0s<17.5s
[K      66/75      8.08G     0.6958     0.4303     0.9993        250        640: 42% ━━━━━─────── 30/70 2.3it/s 14.4s<17.3s
[K      66/75      8.08G      0.695     0.4304     0.9985        195        640: 44% ━━━━━─────── 31/70 2.3it/s 14.8s<16.6s
[K      66/75      8.08G     0.6937     0.4283     0.9965        218        640: 45% ━━━━━─────── 32/70 2.3it/s 15.3s<16.4s
[K      66/75      8.08G     0.6924     0.4265     0.9968        189        640: 47% ━━━━━╸────── 33/70 2.4it/s 15.7s<15.7s
[K      66/75      8.08G     0.6914     0.4254     0.9977        203        640: 48% ━━━━━╸────── 34/70 2.3it/s 16.1s<15.4s
[K      66/75      8.08G     0.6903     0.4253     0.9973        170        640: 50% ━━━━━━────── 35/70 2.3it/s 16.5s<14.9s
[K      66/75      8.08G     0.6914     0.4263          1        163        640: 51% ━━━━━━────── 36/70 2.3it/s 17.0s<14.7s
[K      66/75      8.08G     0.6907     0.4256     0.9985        222        640: 52% ━━━━━━────── 37/70 2.3it/s 17.4s<14.1s
[K      66/75      8.08G     0.6904     0.4259     0.9978        218        640: 54% ━━━━━━╸───── 38/70 2.3it/s 17.8s<13.8s
[K      66/75      8.08G     0.6904     0.4265          1        150        640: 55% ━━━━━━╸───── 39/70 2.4it/s 18.2s<13.2s
[K      66/75      8.08G     0.6898     0.4266      1.002        147        640: 57% ━━━━━━╸───── 40/70 2.3it/s 18.7s<12.9s
[K      66/75      8.08G     0.6892     0.4259      1.002        197        640: 58% ━━━━━━━───── 41/70 2.4it/s 19.1s<12.3s
[K      66/75      8.08G     0.6901     0.4264      1.003        185        640: 60% ━━━━━━━───── 42/70 2.3it/s 19.5s<12.0s
[K      66/75      8.08G     0.6894     0.4257      1.002        182        640: 61% ━━━━━━━───── 43/70 2.4it/s 19.9s<11.5s
[K      66/75      8.08G      0.693     0.4269      1.003        264        640: 62% ━━━━━━━╸──── 44/70 2.3it/s 20.4s<11.1s
[K      66/75      8.08G     0.6899     0.4255      1.003        143        640: 64% ━━━━━━━╸──── 45/70 2.4it/s 20.8s<10.6s
[K      66/75      8.08G     0.6891     0.4248      1.002        214        640: 65% ━━━━━━━╸──── 46/70 2.3it/s 21.2s<10.3s
[K      66/75      8.08G     0.6869     0.4234      1.001        189        640: 67% ━━━━━━━━──── 47/70 2.4it/s 21.6s<9.8s
[K      66/75      8.08G     0.6882     0.4236          1        258        640: 68% ━━━━━━━━──── 48/70 2.3it/s 22.1s<9.5s
[K      66/75      8.08G     0.6904     0.4237      1.001        216        640: 70% ━━━━━━━━──── 49/70 2.3it/s 22.5s<9.0s
[K      66/75      8.08G     0.6907     0.4242      1.001        271        640: 71% ━━━━━━━━╸─── 50/70 2.3it/s 22.9s<8.6s
[K      66/75      8.08G     0.6903     0.4243      1.001        149        640: 72% ━━━━━━━━╸─── 51/70 2.3it/s 23.4s<8.1s
[K      66/75      8.08G     0.6882      0.423          1        157        640: 74% ━━━━━━━━╸─── 52/70 2.3it/s 23.8s<7.7s
[K      66/75      8.08G     0.6911     0.4245      1.002        217        640: 75% ━━━━━━━━━─── 53/70 2.4it/s 24.2s<7.2s
[K      66/75      8.08G     0.6905     0.4238      1.002        194        640: 77% ━━━━━━━━━─── 54/70 2.3it/s 24.7s<6.8s
[K      66/75      8.08G     0.6912     0.4234      1.002        251        640: 78% ━━━━━━━━━─── 55/70 2.3it/s 25.1s<6.4s
[K      66/75      8.08G     0.6901     0.4228      1.002        168        640: 80% ━━━━━━━━━╸── 56/70 2.3it/s 25.5s<6.0s
[K      66/75      8.08G     0.6889     0.4229      1.002        179        640: 81% ━━━━━━━━━╸── 57/70 2.3it/s 25.9s<5.5s
[K      66/75      8.08G     0.6889     0.4226      1.002        196        640: 82% ━━━━━━━━━╸── 58/70 2.3it/s 26.4s<5.2s
[K      66/75      8.08G      0.689     0.4223      1.002        186        640: 84% ━━━━━━━━━━── 59/70 2.3it/s 26.8s<4.7s
[K      66/75      8.08G     0.6896     0.4216      1.001        254        640: 85% ━━━━━━━━━━── 60/70 2.3it/s 27.2s<4.3s
[K      66/75      8.08G     0.6898     0.4218      1.001        235        640: 87% ━━━━━━━━━━── 61/70 2.3it/s 27.7s<3.9s
[K      66/75      8.08G     0.6897     0.4223      1.001        176        640: 88% ━━━━━━━━━━╸─ 62/70 2.3it/s 28.1s<3.4s
[K      66/75      8.08G     0.6909     0.4226          1        269        640: 90% ━━━━━━━━━━╸─ 63/70 2.3it/s 28.5s<3.0s
[K      66/75      8.08G     0.6918      0.423          1        222        640: 91% ━━━━━━━━━━╸─ 64/70 2.3it/s 29.0s<2.6s
[K      66/75      8.08G     0.6904     0.4227     0.9992        198        640: 92% ━━━━━━━━━━━─ 65/70 2.3it/s 29.4s<2.1s
[K      66/75      8.08G     0.6893     0.4223      0.998        153        640: 94% ━━━━━━━━━━━─ 66/70 2.3it/s 29.8s<1.7s
[K      66/75      8.08G     0.6885     0.4218     0.9978        172        640: 95% ━━━━━━━━━━━─ 67/70 2.4it/s 30.2s<1.3s
[K      66/75      8.08G     0.6866     0.4212      0.998        132        640: 97% ━━━━━━━━━━━╸ 68/70 2.3it/s 30.7s<0.9s
[K      66/75      8.08G     0.6861     0.4212     0.9978        207        640: 98% ━━━━━━━━━━━╸ 69/70 2.3it/s 31.1s<0.4s
[K      66/75      8.08G     0.6861     0.4212     0.9978        207        640: 100% ━━━━━━━━━━━━ 70/70 2.3it/s 31.1s

[K                 Class     Images  Instances      Box(P          R      mAP50  mAP50-95): 20% ━━────────── 1/5 1.5s/it 0.4s<6.0s
[K                 Class     Images  Instances      Box(P          R      mAP50  mAP50-95): 40% ━━━━╸─────── 2/5 1.2it/s 0.9s<2.6s
[K                 Class     Images  Instances      Box(P          R      mAP50  mAP50-95): 60% ━━━━━━━───── 3/5 1.5it/s 1.3s<1.3s
[K                 Class     Images  Instances      Box(P          R      mAP50  mAP50-95): 80% ━━━━━━━━━╸── 4/5 1.7it/s 1.8s<0.6s
[K                 Class     Images  Instances      Box(P          R      mAP50  mAP50-95): 100% ━━━━━━━━━━━━ 5/5 2.3it/s 2.2s
                   all        280       3554      0.917      0.806      0.862      0.625

      Epoch    GPU_mem   box_loss   cls_loss   dfl_loss  Instances       Size

[K      67/75      8.04G     0.8077     0.4967      1.021        265        640: 0% ──────────── 0/70  0.4s
[K      67/75      8.04G     0.7623      0.458      1.012        279        640: 1% ──────────── 1/70 1.4s/it 0.8s<1:36
[K      67/75      8.04G     0.7397     0.4539      1.022        189        640: 2% ──────────── 2/70 1.2it/s 1.3s<57.1s
[K      67/75      8.04G     0.7124     0.4442      1.012        229        640: 4% ╸─────────── 3/70 1.5it/s 1.7s<43.5s
[K      67/75      8.04G     0.7064     0.4445      1.008        249        640: 5% ╸─────────── 4/70 1.8it/s 2.2s<37.5s
[K      67/75      8.04G     0.7136     0.4467      1.006        253        640: 7% ╸─────────── 5/70 1.9it/s 2.6s<33.4s
[K      67/75      8.04G     0.7032     0.4409     0.9995        212        640: 8% ━─────────── 6/70 2.1it/s 3.0s<31.1s
[K      67/75      8.04G     0.6899     0.4321     0.9993        172        640: 10% ━─────────── 7/70 2.2it/s 3.4s<29.1s
[K      67/75      8.04G      0.681     0.4254      1.001        186        640: 11% ━─────────── 8/70 2.2it/s 3.9s<28.3s
[K      67/75      8.04G     0.6713     0.4182     0.9974        159        640: 12% ━╸────────── 9/70 2.3it/s 4.3s<27.1s
[K      67/75      8.04G     0.6681      0.419      1.002        190        640: 14% ━╸────────── 10/70 2.3it/s 4.7s<26.5s
[K      67/75      8.04G     0.6795     0.4334      1.005        234        640: 15% ━╸────────── 11/70 2.3it/s 5.1s<25.7s
[K      67/75      8.04G     0.6762     0.4324      1.002        175        640: 17% ━━────────── 12/70 2.3it/s 5.6s<25.2s
[K      67/75      8.04G     0.6769      0.429     0.9995        268        640: 18% ━━────────── 13/70 2.3it/s 6.0s<24.5s
[K      67/75      8.04G     0.6743     0.4259     0.9995        182        640: 20% ━━────────── 14/70 2.3it/s 6.4s<24.2s
[K      67/75      8.04G     0.6773     0.4251     0.9962        298        640: 21% ━━╸───────── 15/70 2.3it/s 6.9s<24.1s
[K      67/75      8.04G     0.6725     0.4231      0.992        152        640: 22% ━━╸───────── 16/70 2.3it/s 7.3s<23.7s
[K      67/75      8.04G     0.6676     0.4222     0.9899        172        640: 24% ━━╸───────── 17/70 2.3it/s 7.7s<22.8s
[K      67/75      8.04G     0.6727     0.4252     0.9936        172        640: 25% ━━━───────── 18/70 2.3it/s 8.2s<22.5s
[K      67/75      8.04G     0.6745     0.4245     0.9941        237        640: 27% ━━━───────── 19/70 2.3it/s 8.6s<21.8s
[K      67/75      8.04G     0.6749     0.4254     0.9947        228        640: 28% ━━━───────── 20/70 2.3it/s 9.0s<21.5s
[K      67/75      8.04G     0.6755     0.4235     0.9941        186        640: 30% ━━━╸──────── 21/70 2.3it/s 9.4s<20.9s
[K      67/75      8.04G     0.6737     0.4225     0.9929        234        640: 31% ━━━╸──────── 22/70 2.3it/s 9.9s<20.7s
[K      67/75      8.04G     0.6728      0.423     0.9941        195        640: 32% ━━━╸──────── 23/70 2.3it/s 10.3s<20.1s
[K      67/75      8.04G     0.6672     0.4198      0.992        166        640: 34% ━━━━──────── 24/70 2.3it/s 10.7s<19.8s
[K      67/75      8.04G     0.6677     0.4201     0.9915        158        640: 35% ━━━━──────── 25/70 2.3it/s 11.2s<19.2s
[K      67/75      8.04G     0.6769     0.4234     0.9968        230        640: 37% ━━━━──────── 26/70 2.3it/s 11.6s<18.9s
[K      67/75      8.04G     0.6799     0.4234     0.9989        259        640: 38% ━━━━╸─────── 27/70 2.3it/s 12.0s<18.4s
[K      67/75      8.04G     0.6815     0.4226     0.9981        163        640: 40% ━━━━╸─────── 28/70 2.3it/s 12.5s<18.1s
[K      67/75      8.04G       0.68     0.4226     0.9988        189        640: 41% ━━━━╸─────── 29/70 2.3it/s 12.9s<17.5s
[K      67/75      8.04G     0.6795     0.4218     0.9978        258        640: 42% ━━━━━─────── 30/70 2.3it/s 13.3s<17.2s
[K      67/75      8.04G     0.6791     0.4213     0.9974        198        640: 44% ━━━━━─────── 31/70 2.3it/s 13.7s<16.6s
[K      67/75      8.04G      0.679     0.4203     0.9949        212        640: 45% ━━━━━─────── 32/70 2.3it/s 14.2s<16.3s
[K      67/75      8.04G     0.6786     0.4193     0.9979        171        640: 47% ━━━━━╸────── 33/70 2.3it/s 14.6s<15.8s
[K      67/75      8.04G     0.6773     0.4188     0.9971        208        640: 48% ━━━━━╸────── 34/70 2.3it/s 15.0s<15.5s
[K      67/75      8.04G     0.6788     0.4196     0.9978        159        640: 50% ━━━━━━────── 35/70 2.3it/s 15.4s<15.0s
[K      67/75      8.04G     0.6785     0.4191     0.9985        197        640: 51% ━━━━━━────── 36/70 2.3it/s 15.9s<14.7s
[K      67/75      8.04G     0.6795     0.4192     0.9983        227        640: 52% ━━━━━━────── 37/70 2.3it/s 16.3s<14.1s
[K      67/75      8.04G      0.679       0.42     0.9978        226        640: 54% ━━━━━━╸───── 38/70 2.3it/s 16.8s<13.9s
[K      67/75      8.04G     0.6793     0.4205     0.9998        165        640: 55% ━━━━━━╸───── 39/70 2.3it/s 17.2s<13.3s
[K      67/75      8.04G     0.6771     0.4201          1        138        640: 57% ━━━━━━╸───── 40/70 2.3it/s 17.6s<12.9s
[K      67/75      8.04G      0.677     0.4195     0.9999        196        640: 58% ━━━━━━━───── 41/70 2.3it/s 18.0s<12.4s
[K      67/75      8.04G     0.6797     0.4203      1.002        187        640: 60% ━━━━━━━───── 42/70 2.3it/s 18.5s<12.0s
[K      67/75      8.04G       0.68     0.4198      1.002        166        640: 61% ━━━━━━━───── 43/70 2.3it/s 18.9s<11.6s
[K      67/75      8.04G     0.6818     0.4208      1.002        263        640: 62% ━━━━━━━╸──── 44/70 2.3it/s 19.3s<11.2s
[K      67/75      8.04G     0.6793     0.4196      1.002        142        640: 64% ━━━━━━━╸──── 45/70 2.4it/s 19.7s<10.6s
[K      67/75      8.04G     0.6775     0.4184          1        229        640: 65% ━━━━━━━╸──── 46/70 2.3it/s 20.2s<10.3s
[K      67/75      8.04G      0.676     0.4173     0.9999        184        640: 67% ━━━━━━━━──── 47/70 2.3it/s 20.6s<9.8s
[K      67/75      8.04G     0.6778     0.4183          1        251        640: 68% ━━━━━━━━──── 48/70 2.3it/s 21.0s<9.4s
[K      67/75      8.04G     0.6771     0.4185          1        193        640: 70% ━━━━━━━━──── 49/70 2.4it/s 21.4s<8.9s
[K      67/75      8.04G     0.6779     0.4184          1        264        640: 71% ━━━━━━━━╸─── 50/70 2.3it/s 21.9s<8.6s
[K      67/75      8.04G      0.678     0.4185      1.001        156        640: 72% ━━━━━━━━╸─── 51/70 2.3it/s 22.3s<8.1s
[K      67/75      8.04G     0.6765     0.4179      1.001        146        640: 74% ━━━━━━━━╸─── 52/70 2.3it/s 22.8s<7.8s
[K      67/75      8.04G     0.6778     0.4184      1.001        221        640: 75% ━━━━━━━━━─── 53/70 2.3it/s 23.2s<7.3s
[K      67/75      8.04G     0.6775     0.4176      1.002        197        640: 77% ━━━━━━━━━─── 54/70 2.3it/s 23.6s<6.9s
[K      67/75      8.04G     0.6777      0.417      1.002        259        640: 78% ━━━━━━━━━─── 55/70 2.3it/s 24.0s<6.4s
[K      67/75      8.04G     0.6758     0.4164      1.002        157        640: 80% ━━━━━━━━━╸── 56/70 2.3it/s 24.5s<6.0s
[K      67/75      8.04G     0.6746     0.4158      1.001        192        640: 81% ━━━━━━━━━╸── 57/70 2.3it/s 24.9s<5.5s
[K      67/75      8.04G     0.6756     0.4155      1.002        203        640: 82% ━━━━━━━━━╸── 58/70 2.3it/s 25.3s<5.2s
[K      67/75      8.04G     0.6761     0.4154      1.001        187        640: 84% ━━━━━━━━━━── 59/70 2.3it/s 25.7s<4.7s
[K      67/75      8.04G     0.6764     0.4154      1.001        241        640: 85% ━━━━━━━━━━── 60/70 2.3it/s 26.2s<4.3s
[K      67/75      8.04G      0.677     0.4167      1.003        184        640: 87% ━━━━━━━━━━── 61/70 2.3it/s 26.6s<3.8s
[K      67/75      8.04G     0.6749     0.4156      1.002        178        640: 88% ━━━━━━━━━━╸─ 62/70 2.3it/s 27.0s<3.5s
[K      67/75      8.04G      0.676     0.4156      1.002        272        640: 90% ━━━━━━━━━━╸─ 63/70 2.3it/s 27.5s<3.0s
[K      67/75      8.04G     0.6767     0.4162      1.002        204        640: 91% ━━━━━━━━━━╸─ 64/70 2.3it/s 27.9s<2.6s
[K      67/75      8.04G     0.6766     0.4163      1.002        189        640: 92% ━━━━━━━━━━━─ 65/70 2.3it/s 28.3s<2.1s
[K      67/75      8.04G      0.676     0.4162      1.002        140        640: 94% ━━━━━━━━━━━─ 66/70 2.3it/s 28.8s<1.7s
[K      67/75      8.04G      0.675     0.4154      1.002        179        640: 95% ━━━━━━━━━━━─ 67/70 2.3it/s 29.2s<1.3s
[K      67/75      8.04G     0.6735     0.4151      1.002        142        640: 97% ━━━━━━━━━━━╸ 68/70 2.3it/s 29.6s<0.9s
[K      67/75      8.04G     0.6736     0.4151      1.002        212        640: 98% ━━━━━━━━━━━╸ 69/70 2.3it/s 30.0s<0.4s
[K      67/75      8.04G     0.6736     0.4151      1.002        212        640: 100% ━━━━━━━━━━━━ 70/70 2.3it/s 30.0s

[K                 Class     Images  Instances      Box(P          R      mAP50  mAP50-95): 20% ━━────────── 1/5 1.5s/it 0.4s<5.9s
[K                 Class     Images  Instances      Box(P          R      mAP50  mAP50-95): 40% ━━━━╸─────── 2/5 1.2it/s 0.9s<2.6s
[K                 Class     Images  Instances      Box(P          R      mAP50  mAP50-95): 60% ━━━━━━━───── 3/5 1.5it/s 1.3s<1.3s
[K                 Class     Images  Instances      Box(P          R      mAP50  mAP50-95): 80% ━━━━━━━━━╸── 4/5 1.7it/s 1.8s<0.6s
[K                 Class     Images  Instances      Box(P          R      mAP50  mAP50-95): 100% ━━━━━━━━━━━━ 5/5 2.3it/s 2.2s
                   all        280       3554      0.922      0.806      0.864       0.63

      Epoch    GPU_mem   box_loss   cls_loss   dfl_loss  Instances       Size

[K      68/75      8.06G     0.6399     0.3641     0.9488        207        640: 0% ──────────── 0/70  0.4s
[K      68/75      8.06G     0.6629     0.3862      0.976        275        640: 1% ──────────── 1/70 1.4s/it 0.9s<1:36
[K      68/75      8.06G     0.6504     0.3839     0.9978        164        640: 2% ──────────── 2/70 1.2it/s 1.3s<57.2s
[K      68/75      8.06G     0.6605     0.3816     0.9989        218        640: 4% ╸─────────── 3/70 1.6it/s 1.7s<42.9s
[K      68/75      8.06G     0.6679     0.3877     0.9998        223        640: 5% ╸─────────── 4/70 1.8it/s 2.1s<37.0s
[K      68/75      8.06G     0.6618     0.3871      1.002        206        640: 7% ╸─────────── 5/70 2.0it/s 2.6s<33.1s
[K      68/75      8.06G     0.6706     0.3915      1.004        181        640: 8% ━─────────── 6/70 2.1it/s 3.0s<31.0s
[K      68/75      8.06G     0.6597     0.3912     0.9977        173        640: 10% ━─────────── 7/70 2.2it/s 3.4s<29.2s
[K      68/75      8.06G      0.649      0.386     0.9907        196        640: 11% ━─────────── 8/70 2.2it/s 3.8s<28.2s
[K      68/75      8.06G      0.655      0.391     0.9931        248        640: 12% ━╸────────── 9/70 2.2it/s 4.3s<27.1s
[K      68/75      8.06G     0.6468     0.3881     0.9914        169        640: 14% ━╸────────── 10/70 2.3it/s 4.7s<26.5s
[K      68/75      8.06G     0.6554     0.3905     0.9957        211        640: 15% ━╸────────── 11/70 2.3it/s 5.1s<25.7s
[K      68/75      8.06G     0.6555     0.3914     0.9943        156        640: 17% ━━────────── 12/70 2.3it/s 5.6s<25.4s
[K      68/75      8.06G      0.645     0.3867     0.9926        172        640: 18% ━━────────── 13/70 2.3it/s 6.0s<24.6s
[K      68/75      8.06G     0.6387     0.3842     0.9897        183        640: 20% ━━────────── 14/70 2.3it/s 6.4s<24.3s
[K      68/75      8.06G     0.6451     0.3874     0.9922        177        640: 21% ━━╸───────── 15/70 2.3it/s 6.8s<23.6s
[K      68/75      8.06G     0.6386     0.3867      0.992        178        640: 22% ━━╸───────── 16/70 2.3it/s 7.3s<23.3s
[K      68/75      8.06G      0.641     0.3907     0.9923        218        640: 24% ━━╸───────── 17/70 2.3it/s 7.7s<22.7s
[K      68/75      8.06G     0.6399     0.3904     0.9933        181        640: 25% ━━━───────── 18/70 2.3it/s 8.1s<22.4s
[K      68/75      8.06G     0.6405     0.3909     0.9923        192        640: 27% ━━━───────── 19/70 2.3it/s 8.6s<21.8s
[K      68/75      8.06G     0.6384     0.3902     0.9918        196        640: 28% ━━━───────── 20/70 2.3it/s 9.0s<21.5s
[K      68/75      8.06G     0.6357     0.3894     0.9906        176        640: 30% ━━━╸──────── 21/70 2.3it/s 9.4s<20.9s
[K      68/75      8.06G      0.635     0.3893     0.9931        112        640: 31% ━━━╸──────── 22/70 2.3it/s 9.9s<20.7s
[K      68/75      8.06G     0.6354     0.3906     0.9958        159        640: 32% ━━━╸──────── 23/70 2.3it/s 10.3s<20.1s
[K      68/75      8.06G     0.6342     0.3904     0.9973        136        640: 34% ━━━━──────── 24/70 2.3it/s 10.7s<19.8s
[K      68/75      8.06G     0.6373     0.3911     0.9989        192        640: 35% ━━━━──────── 25/70 2.3it/s 11.1s<19.3s
[K      68/75      8.06G     0.6408     0.3927     0.9996        179        640: 37% ━━━━──────── 26/70 2.3it/s 11.6s<19.0s
[K      68/75      8.06G     0.6381     0.3911     0.9964        144        640: 38% ━━━━╸─────── 27/70 2.3it/s 12.0s<18.4s
[K      68/75      8.06G     0.6416     0.3956          1        203        640: 40% ━━━━╸─────── 28/70 2.3it/s 12.4s<18.1s
[K      68/75      8.06G     0.6408     0.3945     0.9988        234        640: 41% ━━━━╸─────── 29/70 2.3it/s 12.8s<17.5s
[K      68/75      8.06G      0.644     0.3963      0.999        231        640: 42% ━━━━━─────── 30/70 2.3it/s 13.3s<17.4s
[K      68/75      8.06G     0.6431     0.3958          1        153        640: 44% ━━━━━─────── 31/70 2.3it/s 13.7s<16.9s
[K      68/75      8.06G     0.6481     0.3989      1.001        219        640: 45% ━━━━━─────── 32/70 2.3it/s 14.2s<16.5s
[K      68/75      8.06G     0.6485     0.4007     0.9991        185        640: 47% ━━━━━╸────── 33/70 2.3it/s 14.6s<15.9s
[K      68/75      8.06G       0.65     0.4033          1        182        640: 48% ━━━━━╸────── 34/70 2.3it/s 15.0s<15.5s
[K      68/75      8.06G     0.6524     0.4046      1.001        233        640: 50% ━━━━━━────── 35/70 2.3it/s 15.4s<14.9s
[K      68/75      8.06G     0.6535     0.4044      1.001        216        640: 51% ━━━━━━────── 36/70 2.3it/s 15.9s<14.6s
[K      68/75      8.06G     0.6537     0.4043      1.003        165        640: 52% ━━━━━━────── 37/70 2.3it/s 16.3s<14.1s
[K      68/75      8.06G     0.6569      0.405      1.003        309        640: 54% ━━━━━━╸───── 38/70 2.3it/s 16.7s<13.8s
[K      68/75      8.06G      0.655     0.4039      1.003        174        640: 55% ━━━━━━╸───── 39/70 2.3it/s 17.2s<13.2s
[K      68/75      8.06G     0.6539     0.4029      1.002        200        640: 57% ━━━━━━╸───── 40/70 2.3it/s 17.6s<12.9s
[K      68/75      8.06G     0.6524     0.4018      1.002        201        640: 58% ━━━━━━━───── 41/70 2.3it/s 18.0s<12.4s
[K      68/75      8.06G     0.6528     0.4017      1.002        193        640: 60% ━━━━━━━───── 42/70 2.3it/s 18.5s<12.1s
[K      68/75      8.06G     0.6529     0.4014      1.001        246        640: 61% ━━━━━━━───── 43/70 2.3it/s 18.9s<11.6s
[K      68/75      8.06G     0.6532     0.4013      1.001        196        640: 62% ━━━━━━━╸──── 44/70 2.3it/s 19.3s<11.3s
[K      68/75      8.06G     0.6493     0.3996     0.9992        172        640: 64% ━━━━━━━╸──── 45/70 2.3it/s 19.7s<10.7s
[K      68/75      8.06G     0.6521     0.4017          1        233        640: 65% ━━━━━━━╸──── 46/70 2.3it/s 20.2s<10.4s
[K      68/75      8.06G     0.6504     0.4004     0.9992        174        640: 67% ━━━━━━━━──── 47/70 2.3it/s 20.6s<9.9s
[K      68/75      8.06G     0.6513     0.4009     0.9992        180        640: 68% ━━━━━━━━──── 48/70 2.3it/s 21.0s<9.5s
[K      68/75      8.06G     0.6506     0.3999      0.999        185        640: 70% ━━━━━━━━──── 49/70 2.3it/s 21.5s<9.0s
[K      68/75      8.06G     0.6526     0.4004     0.9984        265        640: 71% ━━━━━━━━╸─── 50/70 2.3it/s 21.9s<8.6s
[K      68/75      8.06G     0.6527     0.4003     0.9974        180        640: 72% ━━━━━━━━╸─── 51/70 2.3it/s 22.3s<8.2s
[K      68/75      8.06G     0.6525     0.4005     0.9976        196        640: 74% ━━━━━━━━╸─── 52/70 2.3it/s 22.8s<7.8s
[K      68/75      8.06G     0.6513     0.4007     0.9976        153        640: 75% ━━━━━━━━━─── 53/70 2.3it/s 23.2s<7.3s
[K      68/75      8.06G      0.653     0.4006      0.998        229        640: 77% ━━━━━━━━━─── 54/70 2.3it/s 23.6s<7.0s
[K      68/75      8.06G     0.6519     0.3998     0.9974        186        640: 78% ━━━━━━━━━─── 55/70 2.3it/s 24.1s<6.4s
[K      68/75      8.06G      0.652     0.3995     0.9972        195        640: 80% ━━━━━━━━━╸── 56/70 2.3it/s 24.5s<6.1s
[K      68/75      8.06G     0.6512     0.3994     0.9979        172        640: 81% ━━━━━━━━━╸── 57/70 2.3it/s 24.9s<5.6s
[K      68/75      8.06G     0.6507      0.399     0.9975        205        640: 82% ━━━━━━━━━╸── 58/70 2.3it/s 25.4s<5.2s
[K      68/75      8.06G     0.6509     0.3986     0.9979        172        640: 84% ━━━━━━━━━━── 59/70 2.3it/s 25.8s<4.7s
[K      68/75      8.06G     0.6519     0.3986     0.9978        218        640: 85% ━━━━━━━━━━── 60/70 2.3it/s 26.2s<4.3s
[K      68/75      8.06G     0.6528     0.3987      0.998        215        640: 87% ━━━━━━━━━━── 61/70 2.3it/s 26.6s<3.9s
[K      68/75      8.06G     0.6524      0.399      0.998        196        640: 88% ━━━━━━━━━━╸─ 62/70 2.3it/s 27.1s<3.5s
[K      68/75      8.06G      0.652     0.3982      0.998        146        640: 90% ━━━━━━━━━━╸─ 63/70 2.3it/s 27.5s<3.0s
[K      68/75      8.06G     0.6515     0.3975     0.9985        129        640: 91% ━━━━━━━━━━╸─ 64/70 2.3it/s 27.9s<2.6s
[K      68/75      8.06G     0.6524     0.3975      0.998        253        640: 92% ━━━━━━━━━━━─ 65/70 2.3it/s 28.4s<2.1s
[K      68/75      8.06G     0.6526     0.3973      0.997        202        640: 94% ━━━━━━━━━━━─ 66/70 2.3it/s 28.8s<1.7s
[K      68/75      8.06G      0.653     0.3969      0.997        177        640: 95% ━━━━━━━━━━━─ 67/70 2.3it/s 29.2s<1.3s
[K      68/75      8.06G     0.6542     0.3974     0.9974        266        640: 97% ━━━━━━━━━━━╸ 68/70 2.3it/s 29.7s<0.9s
[K      68/75      8.06G     0.6544     0.3977     0.9971        181        640: 98% ━━━━━━━━━━━╸ 69/70 2.3it/s 30.1s<0.4s
[K      68/75      8.06G     0.6544     0.3977     0.9971        181        640: 100% ━━━━━━━━━━━━ 70/70 2.3it/s 30.1s

[K                 Class     Images  Instances      Box(P          R      mAP50  mAP50-95): 20% ━━────────── 1/5 1.5s/it 0.4s<5.9s
[K                 Class     Images  Instances      Box(P          R      mAP50  mAP50-95): 40% ━━━━╸─────── 2/5 1.2it/s 0.9s<2.6s
[K                 Class     Images  Instances      Box(P          R      mAP50  mAP50-95): 60% ━━━━━━━───── 3/5 1.5it/s 1.3s<1.3s
[K                 Class     Images  Instances      Box(P          R      mAP50  mAP50-95): 80% ━━━━━━━━━╸── 4/5 1.7it/s 1.8s<0.6s
[K                 Class     Images  Instances      Box(P          R      mAP50  mAP50-95): 100% ━━━━━━━━━━━━ 5/5 2.3it/s 2.2s
                   all        280       3554      0.923      0.812      0.869      0.633

      Epoch    GPU_mem   box_loss   cls_loss   dfl_loss  Instances       Size

[K      69/75      8.04G     0.6163     0.3859     0.9594        177        640: 0% ──────────── 0/70  0.4s
[K      69/75      8.04G     0.5777     0.3777      0.966        168        640: 1% ──────────── 1/70 1.4s/it 0.8s<1:36
[K      69/75      8.04G     0.6228     0.3896     0.9693        253        640: 2% ──────────── 2/70 1.2it/s 1.3s<57.5s
[K      69/75      8.04G      0.671     0.3994     0.9732        265        640: 4% ╸─────────── 3/70 1.5it/s 1.7s<43.7s
[K      69/75      8.04G     0.6523     0.3889     0.9747        197        640: 5% ╸─────────── 4/70 1.8it/s 2.1s<37.4s
[K      69/75      8.04G     0.6473     0.3852     0.9704        176        640: 7% ╸─────────── 5/70 2.0it/s 2.6s<33.2s
[K      69/75      8.04G     0.6582       0.39     0.9727        226        640: 8% ━─────────── 6/70 2.1it/s 3.0s<31.2s
[K      69/75      8.04G     0.6597     0.3899     0.9748        192        640: 10% ━─────────── 7/70 2.2it/s 3.4s<29.3s
[K      69/75      8.04G     0.6512     0.3908     0.9795        137        640: 11% ━─────────── 8/70 2.2it/s 3.9s<28.3s
[K      69/75      8.04G     0.6534     0.3924     0.9793        230        640: 12% ━╸────────── 9/70 2.2it/s 4.3s<27.2s
[K      69/75      8.04G     0.6469     0.3877     0.9751        250        640: 14% ━╸────────── 10/70 2.3it/s 4.7s<26.5s
[K      69/75      8.04G     0.6548     0.3911     0.9765        247        640: 15% ━╸────────── 11/70 2.3it/s 5.1s<25.7s
[K      69/75      8.04G     0.6525     0.3909     0.9773        202        640: 17% ━━────────── 12/70 2.3it/s 5.6s<25.3s
[K      69/75      8.04G     0.6631     0.3955     0.9797        185        640: 18% ━━────────── 13/70 2.3it/s 6.0s<24.6s
[K      69/75      8.04G     0.6597     0.3942     0.9789        207        640: 20% ━━────────── 14/70 2.3it/s 6.4s<24.3s
[K      69/75      8.04G     0.6626     0.3945     0.9808        187        640: 21% ━━╸───────── 15/70 2.3it/s 6.9s<23.7s
[K      69/75      8.04G     0.6632     0.3948     0.9833        191        640: 22% ━━╸───────── 16/70 2.3it/s 7.3s<23.3s
[K      69/75      8.04G     0.6602     0.3936     0.9835        174        640: 24% ━━╸───────── 17/70 2.3it/s 7.7s<22.6s
[K      69/75      8.04G     0.6591      0.393     0.9862        152        640: 25% ━━━───────── 18/70 2.3it/s 8.1s<22.4s
[K      69/75      8.04G     0.6611     0.3922     0.9846        284        640: 27% ━━━───────── 19/70 2.3it/s 8.6s<21.9s
[K      69/75      8.04G      0.659     0.3916     0.9848        243        640: 28% ━━━───────── 20/70 2.3it/s 9.0s<21.6s
[K      69/75      8.04G     0.6546     0.3919     0.9849        173        640: 30% ━━━╸──────── 21/70 2.3it/s 9.4s<20.9s
[K      69/75      8.04G     0.6558     0.3927     0.9854        230        640: 31% ━━━╸──────── 22/70 2.3it/s 9.9s<20.7s
[K      69/75      8.04G     0.6539     0.3913     0.9835        209        640: 32% ━━━╸──────── 23/70 2.3it/s 10.3s<20.2s
[K      69/75      8.04G       0.65     0.3912     0.9838        156        640: 34% ━━━━──────── 24/70 2.3it/s 10.7s<19.9s
[K      69/75      8.04G     0.6478     0.3907     0.9836        175        640: 35% ━━━━──────── 25/70 2.3it/s 11.1s<19.3s
[K      69/75      8.04G     0.6494     0.3914     0.9851        234        640: 37% ━━━━──────── 26/70 2.3it/s 11.6s<18.9s
[K      69/75      8.04G     0.6511     0.3942     0.9859        199        640: 38% ━━━━╸─────── 27/70 2.3it/s 12.0s<18.4s
[K      69/75      8.04G     0.6502      0.395      0.986        193        640: 40% ━━━━╸─────── 28/70 2.3it/s 12.4s<18.0s
[K      69/75      8.04G     0.6504     0.3945     0.9855        192        640: 41% ━━━━╸─────── 29/70 2.4it/s 12.9s<17.4s
[K      69/75      8.04G     0.6488     0.3945      0.984        147        640: 42% ━━━━━─────── 30/70 2.3it/s 13.3s<17.1s
[K      69/75      8.04G     0.6499     0.3951     0.9836        210        640: 44% ━━━━━─────── 31/70 2.4it/s 13.7s<16.5s
[K      69/75      8.04G     0.6529      0.397      0.985        258        640: 45% ━━━━━─────── 32/70 2.3it/s 14.1s<16.2s
[K      69/75      8.04G     0.6515     0.3965     0.9852        154        640: 47% ━━━━━╸────── 33/70 2.4it/s 14.6s<15.7s
[K      69/75      8.04G     0.6516     0.3954     0.9846        181        640: 48% ━━━━━╸────── 34/70 2.3it/s 15.0s<15.4s
[K      69/75      8.04G     0.6545     0.3967     0.9843        247        640: 50% ━━━━━━────── 35/70 2.4it/s 15.4s<14.9s
[K      69/75      8.04G     0.6524     0.3952     0.9833        169        640: 51% ━━━━━━────── 36/70 2.3it/s 15.8s<14.6s
[K      69/75      8.04G     0.6511     0.3951     0.9836        212        640: 52% ━━━━━━────── 37/70 2.3it/s 16.3s<14.1s
[K      69/75      8.04G     0.6498     0.3948     0.9834        178        640: 54% ━━━━━━╸───── 38/70 2.3it/s 16.7s<13.8s
[K      69/75      8.04G     0.6507      0.395     0.9833        237        640: 55% ━━━━━━╸───── 39/70 2.3it/s 17.1s<13.2s
[K      69/75      8.04G     0.6505     0.3955     0.9823        173        640: 57% ━━━━━━╸───── 40/70 2.3it/s 17.6s<12.9s
[K      69/75      8.04G     0.6488     0.3952     0.9817        160        640: 58% ━━━━━━━───── 41/70 2.4it/s 18.0s<12.3s
[K      69/75      8.04G     0.6468     0.3953     0.9822        154        640: 60% ━━━━━━━───── 42/70 2.3it/s 18.4s<12.0s
[K      69/75      8.04G     0.6477     0.3955      0.983        199        640: 61% ━━━━━━━───── 43/70 2.4it/s 18.8s<11.5s
[K      69/75      8.04G     0.6469     0.3959     0.9845        190        640: 62% ━━━━━━━╸──── 44/70 2.3it/s 19.3s<11.1s
[K      69/75      8.04G     0.6457     0.3953     0.9849        184        640: 64% ━━━━━━━╸──── 45/70 2.4it/s 19.7s<10.6s
[K      69/75      8.04G     0.6448     0.3944     0.9839        233        640: 65% ━━━━━━━╸──── 46/70 2.3it/s 20.1s<10.3s
[K      69/75      8.04G     0.6464      0.395     0.9847        245        640: 67% ━━━━━━━━──── 47/70 2.4it/s 20.5s<9.8s
[K      69/75      8.04G     0.6453     0.3945     0.9848        191        640: 68% ━━━━━━━━──── 48/70 2.3it/s 21.0s<9.4s
[K      69/75      8.04G     0.6435     0.3939     0.9841        154        640: 70% ━━━━━━━━──── 49/70 2.4it/s 21.4s<8.9s
[K      69/75      8.04G     0.6446     0.3943     0.9848        235        640: 71% ━━━━━━━━╸─── 50/70 2.3it/s 21.8s<8.5s
[K      69/75      8.04G     0.6446     0.3941     0.9847        181        640: 72% ━━━━━━━━╸─── 51/70 2.3it/s 22.2s<8.1s
[K      69/75      8.04G     0.6425     0.3939      0.984        129        640: 74% ━━━━━━━━╸─── 52/70 2.3it/s 22.7s<7.7s
[K      69/75      8.04G     0.6414     0.3929     0.9838        201        640: 75% ━━━━━━━━━─── 53/70 2.3it/s 23.1s<7.2s
[K      69/75      8.04G     0.6431     0.3933     0.9843        201        640: 77% ━━━━━━━━━─── 54/70 2.3it/s 23.5s<6.9s
[K      69/75      8.04G     0.6425      0.393     0.9848        170        640: 78% ━━━━━━━━━─── 55/70 2.4it/s 24.0s<6.4s
[K      69/75      8.04G     0.6424     0.3933     0.9859        175        640: 80% ━━━━━━━━━╸── 56/70 2.3it/s 24.4s<6.0s
[K      69/75      8.04G     0.6429     0.3933     0.9856        193        640: 81% ━━━━━━━━━╸── 57/70 2.4it/s 24.8s<5.5s
[K      69/75      8.04G     0.6407     0.3923     0.9848        141        640: 82% ━━━━━━━━━╸── 58/70 2.3it/s 25.2s<5.1s
[K      69/75      8.04G     0.6388     0.3915     0.9844        192        640: 84% ━━━━━━━━━━── 59/70 2.4it/s 25.7s<4.7s
[K      69/75      8.04G     0.6388     0.3916     0.9844        155        640: 85% ━━━━━━━━━━── 60/70 2.3it/s 26.1s<4.3s
[K      69/75      8.04G     0.6395     0.3921     0.9842        197        640: 87% ━━━━━━━━━━── 61/70 2.3it/s 26.5s<3.8s
[K      69/75      8.04G     0.6422     0.3938     0.9866        213        640: 88% ━━━━━━━━━━╸─ 62/70 2.3it/s 27.0s<3.4s
[K      69/75      8.04G     0.6418     0.3933     0.9863        172        640: 90% ━━━━━━━━━━╸─ 63/70 2.3it/s 27.4s<3.0s
[K      69/75      8.04G     0.6406     0.3934     0.9869        195        640: 91% ━━━━━━━━━━╸─ 64/70 2.3it/s 27.8s<2.6s
[K      69/75      8.04G     0.6409     0.3939     0.9876        175        640: 92% ━━━━━━━━━━━─ 65/70 2.3it/s 28.2s<2.1s
[K      69/75      8.04G     0.6425     0.3962     0.9878        243        640: 94% ━━━━━━━━━━━─ 66/70 2.3it/s 28.7s<1.7s
[K      69/75      8.04G     0.6423     0.3957     0.9876        223        640: 95% ━━━━━━━━━━━─ 67/70 2.3it/s 29.1s<1.3s
[K      69/75      8.04G     0.6428     0.3957     0.9873        212        640: 97% ━━━━━━━━━━━╸ 68/70 2.3it/s 29.5s<0.9s
[K      69/75      8.04G     0.6416     0.3952     0.9869        150        640: 98% ━━━━━━━━━━━╸ 69/70 2.4it/s 29.9s<0.4s
[K      69/75      8.04G     0.6416     0.3952     0.9869        150        640: 100% ━━━━━━━━━━━━ 70/70 2.3it/s 29.9s

[K                 Class     Images  Instances      Box(P          R      mAP50  mAP50-95): 20% ━━────────── 1/5 1.5s/it 0.5s<6.0s
[K                 Class     Images  Instances      Box(P          R      mAP50  mAP50-95): 40% ━━━━╸─────── 2/5 1.1it/s 0.9s<2.7s
[K                 Class     Images  Instances      Box(P          R      mAP50  mAP50-95): 60% ━━━━━━━───── 3/5 1.5it/s 1.4s<1.4s
[K                 Class     Images  Instances      Box(P          R      mAP50  mAP50-95): 80% ━━━━━━━━━╸── 4/5 1.7it/s 1.8s<0.6s
[K                 Class     Images  Instances      Box(P          R      mAP50  mAP50-95): 100% ━━━━━━━━━━━━ 5/5 2.2it/s 2.2s
                   all        280       3554      0.929       0.81      0.869      0.634

      Epoch    GPU_mem   box_loss   cls_loss   dfl_loss  Instances       Size

[K      70/75      8.03G     0.6555     0.4192          1        231        640: 0% ──────────── 0/70  0.4s
[K      70/75      8.03G     0.6866      0.413      0.988        152        640: 1% ──────────── 1/70 1.4s/it 0.8s<1:34
[K      70/75      8.03G     0.7034     0.4233     0.9991        210        640: 2% ──────────── 2/70 1.2it/s 1.3s<56.4s
[K      70/75      8.03G     0.6974     0.4171      1.006        221        640: 4% ╸─────────── 3/70 1.6it/s 1.7s<42.7s
[K      70/75      8.03G     0.6879     0.4135     0.9916        188        640: 5% ╸─────────── 4/70 1.8it/s 2.1s<37.0s
[K      70/75      8.03G      0.673     0.4021     0.9923        140        640: 7% ╸─────────── 5/70 2.0it/s 2.5s<33.1s
[K      70/75      8.03G     0.6631     0.3987     0.9859        179        640: 8% ━─────────── 6/70 2.1it/s 3.0s<31.0s
[K      70/75      8.03G     0.6699     0.4023     0.9902        295        640: 10% ━─────────── 7/70 2.2it/s 3.4s<29.1s
[K      70/75      8.03G      0.659     0.3953     0.9854        189        640: 11% ━─────────── 8/70 2.2it/s 3.8s<28.2s
[K      70/75      8.03G      0.661     0.3949     0.9866        234        640: 12% ━╸────────── 9/70 2.2it/s 4.3s<27.1s
[K      70/75      8.03G     0.6485     0.3899     0.9873        161        640: 14% ━╸────────── 10/70 2.3it/s 4.7s<26.5s
[K      70/75      8.03G     0.6557     0.3945     0.9883        174        640: 15% ━╸────────── 11/70 2.3it/s 5.1s<25.6s
[K      70/75      8.03G     0.6662     0.3966     0.9916        232        640: 17% ━━────────── 12/70 2.3it/s 5.6s<25.3s
[K      70/75      8.03G     0.6658     0.3956      0.991        195        640: 18% ━━────────── 13/70 2.3it/s 6.0s<24.6s
[K      70/75      8.03G     0.6729     0.4027     0.9923        174        640: 20% ━━────────── 14/70 2.3it/s 6.4s<24.2s
[K      70/75      8.03G     0.6699     0.4003     0.9901        176        640: 21% ━━╸───────── 15/70 2.3it/s 6.9s<24.0s
[K      70/75      8.03G     0.6789     0.4032     0.9972        221        640: 22% ━━╸───────── 16/70 2.3it/s 7.3s<23.6s
[K      70/75      8.03G     0.6894     0.4101      1.004        206        640: 24% ━━╸───────── 17/70 2.3it/s 7.7s<22.9s
[K      70/75      8.03G     0.6879     0.4087      1.004        216        640: 25% ━━━───────── 18/70 2.3it/s 8.1s<22.5s
[K      70/75      8.03G     0.6811     0.4043      1.001        191        640: 27% ━━━───────── 19/70 2.3it/s 8.6s<21.8s
[K      70/75      8.03G     0.6796      0.403          1        234        640: 28% ━━━───────── 20/70 2.3it/s 9.0s<21.6s
[K      70/75      8.03G     0.6782     0.4032      1.001        213        640: 30% ━━━╸──────── 21/70 2.3it/s 9.4s<20.9s
[K      70/75      8.03G     0.6764     0.4029     0.9998        200        640: 31% ━━━╸──────── 22/70 2.3it/s 9.9s<20.6s
[K      70/75      8.03G     0.6736     0.4039      1.003        173        640: 32% ━━━╸──────── 23/70 2.3it/s 10.3s<20.0s
[K      70/75      8.03G     0.6697     0.4014          1        179        640: 34% ━━━━──────── 24/70 2.3it/s 10.7s<19.7s
[K      70/75      8.03G     0.6669     0.4017      1.001        199        640: 35% ━━━━──────── 25/70 2.4it/s 11.1s<19.1s
[K      70/75      8.03G     0.6644     0.3997     0.9987        210        640: 37% ━━━━──────── 26/70 2.3it/s 11.6s<18.9s
[K      70/75      8.03G      0.662     0.3976     0.9976        184        640: 38% ━━━━╸─────── 27/70 2.4it/s 12.0s<18.3s
[K      70/75      8.03G     0.6597     0.3957     0.9964        166        640: 40% ━━━━╸─────── 28/70 2.3it/s 12.4s<18.0s
[K      70/75      8.03G     0.6571     0.3944     0.9945        217        640: 41% ━━━━╸─────── 29/70 2.4it/s 12.8s<17.4s
[K      70/75      8.03G      0.661     0.3951     0.9954        211        640: 42% ━━━━━─────── 30/70 2.3it/s 13.3s<17.1s
[K      70/75      8.03G     0.6577     0.3943     0.9945        187        640: 44% ━━━━━─────── 31/70 2.3it/s 13.7s<16.6s
[K      70/75      8.03G     0.6559     0.3938      0.994        220        640: 45% ━━━━━─────── 32/70 2.3it/s 14.1s<16.4s
[K      70/75      8.03G     0.6592     0.3957     0.9964        220        640: 47% ━━━━━╸────── 33/70 2.3it/s 14.6s<15.8s
[K      70/75      8.03G     0.6595     0.3962     0.9973        144        640: 48% ━━━━━╸────── 34/70 2.3it/s 15.0s<15.5s
[K      70/75      8.03G     0.6574     0.3957     0.9957        201        640: 50% ━━━━━━────── 35/70 2.3it/s 15.4s<14.9s
[K      70/75      8.03G     0.6548     0.3946     0.9942        197        640: 51% ━━━━━━────── 36/70 2.3it/s 15.8s<14.6s
[K      70/75      8.03G     0.6518     0.3931     0.9937        156        640: 52% ━━━━━━────── 37/70 2.4it/s 16.3s<14.0s
[K      70/75      8.03G     0.6521      0.393     0.9924        230        640: 54% ━━━━━━╸───── 38/70 2.3it/s 16.7s<13.8s
[K      70/75      8.03G     0.6527     0.3927     0.9923        170        640: 55% ━━━━━━╸───── 39/70 2.3it/s 17.1s<13.2s
[K      70/75      8.03G     0.6537     0.3938     0.9928        182        640: 57% ━━━━━━╸───── 40/70 2.3it/s 17.6s<12.9s
[K      70/75      8.03G     0.6539     0.3942     0.9916        215        640: 58% ━━━━━━━───── 41/70 2.3it/s 18.0s<12.4s
[K      70/75      8.03G     0.6525     0.3934     0.9902        207        640: 60% ━━━━━━━───── 42/70 2.3it/s 18.4s<12.0s
[K      70/75      8.03G     0.6538     0.3946     0.9901        234        640: 61% ━━━━━━━───── 43/70 2.3it/s 18.8s<11.5s
[K      70/75      8.03G     0.6543     0.3949       0.99        212        640: 62% ━━━━━━━╸──── 44/70 2.3it/s 19.3s<11.1s
[K      70/75      8.03G     0.6551     0.3952     0.9901        185        640: 64% ━━━━━━━╸──── 45/70 2.3it/s 19.7s<10.7s
[K      70/75      8.03G     0.6552     0.3958     0.9901        168        640: 65% ━━━━━━━╸──── 46/70 2.3it/s 20.1s<10.3s
[K      70/75      8.03G      0.655     0.3962     0.9897        169        640: 67% ━━━━━━━━──── 47/70 2.4it/s 20.5s<9.7s
[K      70/75      8.03G      0.655     0.3967     0.9892        177        640: 68% ━━━━━━━━──── 48/70 2.3it/s 21.0s<9.4s
[K      70/75      8.03G     0.6551     0.3963     0.9887        216        640: 70% ━━━━━━━━──── 49/70 2.4it/s 21.4s<8.9s
[K      70/75      8.03G     0.6566     0.3974     0.9892        226        640: 71% ━━━━━━━━╸─── 50/70 2.3it/s 21.8s<8.5s
[K      70/75      8.03G     0.6553     0.3966     0.9888        161        640: 72% ━━━━━━━━╸─── 51/70 2.4it/s 22.2s<8.1s
[K      70/75      8.03G     0.6558     0.3969     0.9889        217        640: 74% ━━━━━━━━╸─── 52/70 2.3it/s 22.7s<7.7s
[K      70/75      8.03G     0.6548     0.3961     0.9881        250        640: 75% ━━━━━━━━━─── 53/70 2.4it/s 23.1s<7.2s
[K      70/75      8.03G     0.6543     0.3957      0.988        158        640: 77% ━━━━━━━━━─── 54/70 2.3it/s 23.5s<6.9s
[K      70/75      8.03G     0.6545     0.3969     0.9889        174        640: 78% ━━━━━━━━━─── 55/70 2.3it/s 24.0s<6.4s
[K      70/75      8.03G     0.6557     0.3975     0.9888        296        640: 80% ━━━━━━━━━╸── 56/70 2.3it/s 24.4s<6.0s
[K      70/75      8.03G     0.6558     0.3979     0.9884        251        640: 81% ━━━━━━━━━╸── 57/70 2.3it/s 24.8s<5.5s
[K      70/75      8.03G     0.6562     0.3978     0.9882        173        640: 82% ━━━━━━━━━╸── 58/70 2.3it/s 25.3s<5.2s
[K      70/75      8.03G     0.6564     0.3979     0.9897        161        640: 84% ━━━━━━━━━━── 59/70 2.3it/s 25.7s<4.7s
[K      70/75      8.03G     0.6548     0.3966      0.989        158        640: 85% ━━━━━━━━━━── 60/70 2.3it/s 26.1s<4.3s
[K      70/75      8.03G     0.6567     0.3968     0.9891        229        640: 87% ━━━━━━━━━━── 61/70 2.3it/s 26.6s<3.9s
[K      70/75      8.03G      0.656     0.3965     0.9884        188        640: 88% ━━━━━━━━━━╸─ 62/70 2.3it/s 27.0s<3.5s
[K      70/75      8.03G     0.6553     0.3957     0.9876        191        640: 90% ━━━━━━━━━━╸─ 63/70 2.3it/s 27.4s<3.0s
[K      70/75      8.03G     0.6539     0.3951     0.9874        189        640: 91% ━━━━━━━━━━╸─ 64/70 2.3it/s 27.8s<2.6s
[K      70/75      8.03G     0.6566     0.3957     0.9884        298        640: 92% ━━━━━━━━━━━─ 65/70 2.3it/s 28.3s<2.1s
[K      70/75      8.03G     0.6576     0.3959      0.988        241        640: 94% ━━━━━━━━━━━─ 66/70 2.3it/s 28.7s<1.7s
[K      70/75      8.03G     0.6576     0.3955     0.9874        189        640: 95% ━━━━━━━━━━━─ 67/70 2.3it/s 29.1s<1.3s
[K      70/75      8.03G     0.6574     0.3956     0.9882        137        640: 97% ━━━━━━━━━━━╸ 68/70 2.3it/s 29.6s<0.9s
[K      70/75      8.03G     0.6553     0.3949     0.9883        149        640: 98% ━━━━━━━━━━━╸ 69/70 2.3it/s 30.0s<0.4s
[K      70/75      8.03G     0.6553     0.3949     0.9883        149        640: 100% ━━━━━━━━━━━━ 70/70 2.3it/s 30.0s

[K                 Class     Images  Instances      Box(P          R      mAP50  mAP50-95): 20% ━━────────── 1/5 1.5s/it 0.4s<5.9s
[K                 Class     Images  Instances      Box(P          R      mAP50  mAP50-95): 40% ━━━━╸─────── 2/5 1.2it/s 0.9s<2.6s
[K                 Class     Images  Instances      Box(P          R      mAP50  mAP50-95): 60% ━━━━━━━───── 3/5 1.5it/s 1.3s<1.3s
[K                 Class     Images  Instances      Box(P          R      mAP50  mAP50-95): 80% ━━━━━━━━━╸── 4/5 1.8it/s 1.7s<0.6s
[K                 Class     Images  Instances      Box(P          R      mAP50  mAP50-95): 100% ━━━━━━━━━━━━ 5/5 2.3it/s 2.2s
                   all        280       3554      0.927      0.807      0.867      0.636

      Epoch    GPU_mem   box_loss   cls_loss   dfl_loss  Instances       Size

[K      71/75      8.04G     0.6871     0.3945     0.9393        225        640: 0% ──────────── 0/70  0.4s
[K      71/75      8.04G     0.6921     0.4217     0.9637        248        640: 1% ──────────── 1/70 1.4s/it 0.9s<1:37
[K      71/75      8.04G     0.6699     0.4181     0.9716        241        640: 2% ──────────── 2/70 1.2it/s 1.3s<57.8s
[K      71/75      8.04G     0.6603     0.4112     0.9781        190        640: 4% ╸─────────── 3/70 1.5it/s 1.7s<43.4s
[K      71/75      8.04G     0.6763     0.4031      0.967        273        640: 5% ╸─────────── 4/70 1.8it/s 2.2s<37.7s
[K      71/75      8.04G     0.6633     0.3961     0.9664        176        640: 7% ╸─────────── 5/70 1.9it/s 2.6s<33.3s
[K      71/75      8.04G     0.6478     0.3889     0.9681        176        640: 8% ━─────────── 6/70 2.1it/s 3.0s<31.2s
[K      71/75      8.04G     0.6386     0.3825      0.967        181        640: 10% ━─────────── 7/70 2.1it/s 3.4s<29.4s
[K      71/75      8.04G     0.6344     0.3818     0.9657        193        640: 11% ━─────────── 8/70 2.2it/s 3.9s<28.4s
[K      71/75      8.04G     0.6396     0.3854     0.9687        299        640: 12% ━╸────────── 9/70 2.2it/s 4.3s<27.1s
[K      71/75      8.04G     0.6296     0.3804     0.9635        183        640: 14% ━╸────────── 10/70 2.3it/s 4.7s<26.6s
[K      71/75      8.04G     0.6282     0.3823     0.9649        190        640: 15% ━╸────────── 11/70 2.3it/s 5.2s<25.8s
[K      71/75      8.04G      0.628     0.3816     0.9655        187        640: 17% ━━────────── 12/70 2.3it/s 5.6s<25.3s
[K      71/75      8.04G     0.6368     0.3839     0.9715        209        640: 18% ━━────────── 13/70 2.3it/s 6.0s<24.7s
[K      71/75      8.04G     0.6396     0.3853     0.9706        215        640: 20% ━━────────── 14/70 2.3it/s 6.5s<24.4s
[K      71/75      8.04G     0.6418     0.3857     0.9714        182        640: 21% ━━╸───────── 15/70 2.3it/s 6.9s<23.7s
[K      71/75      8.04G     0.6395     0.3865     0.9717        163        640: 22% ━━╸───────── 16/70 2.3it/s 7.3s<23.4s
[K      71/75      8.04G     0.6352     0.3861     0.9711        166        640: 24% ━━╸───────── 17/70 2.3it/s 7.7s<22.7s
[K      71/75      8.04G     0.6336     0.3856     0.9718        164        640: 25% ━━━───────── 18/70 2.3it/s 8.2s<22.4s
[K      71/75      8.04G     0.6323     0.3859     0.9737        154        640: 27% ━━━───────── 19/70 2.3it/s 8.6s<21.8s
[K      71/75      8.04G     0.6311     0.3847     0.9742        187        640: 28% ━━━───────── 20/70 2.3it/s 9.0s<21.6s
[K      71/75      8.04G     0.6328      0.385     0.9722        249        640: 30% ━━━╸──────── 21/70 2.3it/s 9.5s<21.0s
[K      71/75      8.04G     0.6318     0.3848      0.971        257        640: 31% ━━━╸──────── 22/70 2.3it/s 9.9s<20.8s
[K      71/75      8.04G     0.6373     0.3867      0.972        229        640: 32% ━━━╸──────── 23/70 2.3it/s 10.3s<20.1s
[K      71/75      8.04G     0.6342     0.3867     0.9718        178        640: 34% ━━━━──────── 24/70 2.3it/s 10.8s<19.8s
[K      71/75      8.04G     0.6304     0.3851     0.9707        192        640: 35% ━━━━──────── 25/70 2.3it/s 11.2s<19.2s
[K      71/75      8.04G     0.6298     0.3842      0.971        199        640: 37% ━━━━──────── 26/70 2.3it/s 11.6s<18.9s
[K      71/75      8.04G     0.6294     0.3842     0.9698        215        640: 38% ━━━━╸─────── 27/70 2.3it/s 12.0s<18.4s
[K      71/75      8.04G       0.63     0.3881     0.9709        191        640: 40% ━━━━╸─────── 28/70 2.3it/s 12.5s<18.1s
[K      71/75      8.04G     0.6323      0.389     0.9709        193        640: 41% ━━━━╸─────── 29/70 2.3it/s 12.9s<17.5s
[K      71/75      8.04G      0.632     0.3893     0.9698        201        640: 42% ━━━━━─────── 30/70 2.3it/s 13.3s<17.3s
[K      71/75      8.04G     0.6329     0.3888     0.9694        209        640: 44% ━━━━━─────── 31/70 2.3it/s 13.8s<16.8s
[K      71/75      8.04G     0.6358       0.39     0.9705        191        640: 45% ━━━━━─────── 32/70 2.3it/s 14.2s<16.5s
[K      71/75      8.04G     0.6363     0.3907      0.971        209        640: 47% ━━━━━╸────── 33/70 2.3it/s 14.6s<15.8s
[K      71/75      8.04G      0.637     0.3906     0.9702        279        640: 48% ━━━━━╸────── 34/70 2.3it/s 15.1s<15.6s
[K      71/75      8.04G     0.6364     0.3905     0.9702        203        640: 50% ━━━━━━────── 35/70 2.3it/s 15.5s<15.0s
[K      71/75      8.04G     0.6355     0.3895     0.9695        232        640: 51% ━━━━━━────── 36/70 2.3it/s 15.9s<14.8s
[K      71/75      8.04G     0.6339      0.391     0.9707        142        640: 52% ━━━━━━────── 37/70 2.3it/s 16.3s<14.1s
[K      71/75      8.04G     0.6352     0.3907     0.9716        160        640: 54% ━━━━━━╸───── 38/70 2.3it/s 16.8s<13.9s
[K      71/75      8.04G     0.6364     0.3909     0.9719        214        640: 55% ━━━━━━╸───── 39/70 2.3it/s 17.2s<13.3s
[K      71/75      8.04G     0.6373     0.3918     0.9734        219        640: 57% ━━━━━━╸───── 40/70 2.3it/s 17.6s<13.0s
[K      71/75      8.04G     0.6362     0.3907      0.974        164        640: 58% ━━━━━━━───── 41/70 2.3it/s 18.1s<12.4s
[K      71/75      8.04G     0.6342     0.3891     0.9736        173        640: 60% ━━━━━━━───── 42/70 2.3it/s 18.5s<12.1s
[K      71/75      8.04G     0.6353     0.3899     0.9746        214        640: 61% ━━━━━━━───── 43/70 2.3it/s 18.9s<11.5s
[K      71/75      8.04G     0.6373     0.3912     0.9764        176        640: 62% ━━━━━━━╸──── 44/70 2.3it/s 19.4s<11.2s
[K      71/75      8.04G      0.636     0.3902     0.9774        165        640: 64% ━━━━━━━╸──── 45/70 2.3it/s 19.8s<10.7s
[K      71/75      8.04G     0.6363      0.391     0.9781        217        640: 65% ━━━━━━━╸──── 46/70 2.3it/s 20.2s<10.4s
[K      71/75      8.04G     0.6377     0.3915     0.9778        283        640: 67% ━━━━━━━━──── 47/70 2.3it/s 20.7s<9.9s
[K      71/75      8.04G      0.636     0.3902     0.9781        159        640: 68% ━━━━━━━━──── 48/70 2.3it/s 21.1s<9.5s
[K      71/75      8.04G     0.6344     0.3896     0.9783        176        640: 70% ━━━━━━━━──── 49/70 2.3it/s 21.5s<9.0s
[K      71/75      8.04G     0.6359     0.3907     0.9799        192        640: 71% ━━━━━━━━╸─── 50/70 2.3it/s 22.0s<8.6s
[K      71/75      8.04G     0.6364     0.3909      0.981        195        640: 72% ━━━━━━━━╸─── 51/70 2.3it/s 22.4s<8.1s
[K      71/75      8.04G     0.6356     0.3903     0.9807        223        640: 74% ━━━━━━━━╸─── 52/70 2.3it/s 22.8s<7.7s
[K      71/75      8.04G     0.6347     0.3903     0.9809        198        640: 75% ━━━━━━━━━─── 53/70 2.3it/s 23.2s<7.2s
[K      71/75      8.04G     0.6343     0.3901     0.9822        164        640: 77% ━━━━━━━━━─── 54/70 2.3it/s 23.7s<7.0s
[K      71/75      8.04G      0.634       0.39     0.9821        168        640: 78% ━━━━━━━━━─── 55/70 2.3it/s 24.1s<6.5s
[K      71/75      8.04G     0.6347     0.3907     0.9831        188        640: 80% ━━━━━━━━━╸── 56/70 2.3it/s 24.5s<6.1s
[K      71/75      8.04G     0.6326     0.3895     0.9831        159        640: 81% ━━━━━━━━━╸── 57/70 2.3it/s 25.0s<5.6s
[K      71/75      8.04G     0.6322     0.3887     0.9824        203        640: 82% ━━━━━━━━━╸── 58/70 2.3it/s 25.4s<5.2s
[K      71/75      8.04G     0.6319     0.3883     0.9824        223        640: 84% ━━━━━━━━━━── 59/70 2.4it/s 25.8s<4.7s
[K      71/75      8.04G     0.6301     0.3871     0.9821        174        640: 85% ━━━━━━━━━━── 60/70 2.3it/s 26.2s<4.3s
[K      71/75      8.04G     0.6298     0.3862     0.9815        193        640: 87% ━━━━━━━━━━── 61/70 2.4it/s 26.7s<3.8s
[K      71/75      8.04G     0.6301      0.386     0.9809        191        640: 88% ━━━━━━━━━━╸─ 62/70 2.3it/s 27.1s<3.4s
[K      71/75      8.04G     0.6287     0.3854     0.9809        183        640: 90% ━━━━━━━━━━╸─ 63/70 2.3it/s 27.5s<3.0s
[K      71/75      8.04G     0.6291      0.386     0.9819        186        640: 91% ━━━━━━━━━━╸─ 64/70 2.3it/s 28.0s<2.6s
[K      71/75      8.04G     0.6304     0.3863     0.9818        242        640: 92% ━━━━━━━━━━━─ 65/70 2.3it/s 28.4s<2.1s
[K      71/75      8.04G     0.6296     0.3858      0.981        176        640: 94% ━━━━━━━━━━━─ 66/70 2.3it/s 28.8s<1.7s
[K      71/75      8.04G     0.6295     0.3855     0.9809        167        640: 95% ━━━━━━━━━━━─ 67/70 2.3it/s 29.2s<1.3s
[K      71/75      8.04G     0.6316     0.3858     0.9804        267        640: 97% ━━━━━━━━━━━╸ 68/70 2.3it/s 29.7s<0.9s
[K      71/75      8.04G     0.6336      0.386      0.981        231        640: 98% ━━━━━━━━━━━╸ 69/70 2.3it/s 30.1s<0.4s
[K      71/75      8.04G     0.6336      0.386      0.981        231        640: 100% ━━━━━━━━━━━━ 70/70 2.3it/s 30.1s

[K                 Class     Images  Instances      Box(P          R      mAP50  mAP50-95): 20% ━━────────── 1/5 1.5s/it 0.4s<5.9s
[K                 Class     Images  Instances      Box(P          R      mAP50  mAP50-95): 40% ━━━━╸─────── 2/5 1.1it/s 0.9s<2.6s
[K                 Class     Images  Instances      Box(P          R      mAP50  mAP50-95): 60% ━━━━━━━───── 3/5 1.5it/s 1.3s<1.4s
[K                 Class     Images  Instances      Box(P          R      mAP50  mAP50-95): 80% ━━━━━━━━━╸── 4/5 1.7it/s 1.8s<0.6s
[K                 Class     Images  Instances      Box(P          R      mAP50  mAP50-95): 100% ━━━━━━━━━━━━ 5/5 2.3it/s 2.2s
                   all        280       3554      0.919      0.813      0.867      0.632

      Epoch    GPU_mem   box_loss   cls_loss   dfl_loss  Instances       Size

[K      72/75      8.04G     0.6965     0.3959     0.9553        295        640: 0% ──────────── 0/70  0.5s
[K      72/75      8.04G     0.7005     0.4017     0.9668        212        640: 1% ──────────── 1/70 1.4s/it 0.9s<1:35
[K      72/75      8.04G     0.6733     0.4023     0.9731        183        640: 2% ──────────── 2/70 1.2it/s 1.3s<56.6s
[K      72/75      8.04G     0.6488     0.3846     0.9665        219        640: 4% ╸─────────── 3/70 1.6it/s 1.7s<42.9s
[K      72/75      8.04G     0.6528      0.387      0.974        252        640: 5% ╸─────────── 4/70 1.8it/s 2.2s<37.3s
[K      72/75      8.04G     0.6629     0.4038     0.9802        189        640: 7% ╸─────────── 5/70 2.0it/s 2.6s<33.1s
[K      72/75      8.04G     0.6434     0.3968      0.981        148        640: 8% ━─────────── 6/70 2.1it/s 3.0s<31.0s
[K      72/75      8.04G     0.6462        0.4     0.9812        254        640: 10% ━─────────── 7/70 2.2it/s 3.4s<29.1s
[K      72/75      8.04G     0.6477     0.4045     0.9873        207        640: 11% ━─────────── 8/70 2.2it/s 3.9s<28.3s
[K      72/75      8.04G     0.6428     0.4006     0.9859        201        640: 12% ━╸────────── 9/70 2.3it/s 4.3s<27.0s
[K      72/75      8.04G     0.6375     0.3958     0.9835        193        640: 14% ━╸────────── 10/70 2.3it/s 4.7s<26.3s
[K      72/75      8.04G     0.6355     0.3916     0.9859        148        640: 15% ━╸────────── 11/70 2.3it/s 5.1s<25.5s
[K      72/75      8.04G     0.6347     0.3912      0.983        220        640: 17% ━━────────── 12/70 2.3it/s 5.6s<25.1s
[K      72/75      8.04G     0.6304     0.3888     0.9808        183        640: 18% ━━────────── 13/70 2.3it/s 6.0s<24.4s
[K      72/75      8.04G     0.6412     0.3943     0.9844        218        640: 20% ━━────────── 14/70 2.3it/s 6.4s<24.2s
[K      72/75      8.04G     0.6434     0.3955      0.987        158        640: 21% ━━╸───────── 15/70 2.3it/s 6.8s<23.5s
[K      72/75      8.04G     0.6427     0.3954     0.9859        183        640: 22% ━━╸───────── 16/70 2.3it/s 7.3s<23.4s
[K      72/75      8.04G     0.6395     0.3938     0.9851        179        640: 24% ━━╸───────── 17/70 2.3it/s 7.7s<22.7s
[K      72/75      8.04G     0.6419      0.395     0.9841        263        640: 25% ━━━───────── 18/70 2.3it/s 8.1s<22.4s
[K      72/75      8.04G     0.6494     0.3981     0.9868        238        640: 27% ━━━───────── 19/70 2.3it/s 8.6s<21.8s
[K      72/75      8.04G      0.644     0.3956     0.9856        156        640: 28% ━━━───────── 20/70 2.3it/s 9.0s<21.5s
[K      72/75      8.04G     0.6501     0.3983     0.9881        231        640: 30% ━━━╸──────── 21/70 2.3it/s 9.4s<20.9s
[K      72/75      8.04G      0.648     0.3957     0.9878        179        640: 31% ━━━╸──────── 22/70 2.3it/s 9.9s<20.6s
[K      72/75      8.04G     0.6466     0.3966     0.9881        162        640: 32% ━━━╸──────── 23/70 2.4it/s 10.3s<20.0s
[K      72/75      8.04G     0.6465     0.3957      0.989        184        640: 34% ━━━━──────── 24/70 2.3it/s 10.7s<19.7s
[K      72/75      8.04G      0.646     0.3956      0.989        188        640: 35% ━━━━──────── 25/70 2.4it/s 11.1s<19.1s
[K      72/75      8.04G     0.6462     0.3955     0.9887        204        640: 37% ━━━━──────── 26/70 2.3it/s 11.6s<18.8s
[K      72/75      8.04G     0.6422     0.3927     0.9882        190        640: 38% ━━━━╸─────── 27/70 2.4it/s 12.0s<18.3s
[K      72/75      8.04G     0.6392     0.3909     0.9879        182        640: 40% ━━━━╸─────── 28/70 2.3it/s 12.4s<18.0s
[K      72/75      8.04G     0.6387     0.3912     0.9892        154        640: 41% ━━━━╸─────── 29/70 2.3it/s 12.8s<17.4s
[K      72/75      8.04G     0.6371     0.3914     0.9891        188        640: 42% ━━━━━─────── 30/70 2.3it/s 13.3s<17.2s
[K      72/75      8.04G     0.6373     0.3934     0.9902        181        640: 44% ━━━━━─────── 31/70 2.3it/s 13.7s<16.6s
[K      72/75      8.04G     0.6394     0.3964     0.9904        223        640: 45% ━━━━━─────── 32/70 2.3it/s 14.1s<16.4s
[K      72/75      8.04G     0.6395     0.3974     0.9911        256        640: 47% ━━━━━╸────── 33/70 2.3it/s 14.6s<15.8s
[K      72/75      8.04G     0.6386     0.3957     0.9911        161        640: 48% ━━━━━╸────── 34/70 2.3it/s 15.0s<15.5s
[K      72/75      8.04G     0.6381     0.3954     0.9906        223        640: 50% ━━━━━━────── 35/70 2.3it/s 15.4s<15.0s
[K      72/75      8.04G     0.6366     0.3942     0.9899        179        640: 51% ━━━━━━────── 36/70 2.3it/s 15.8s<14.6s
[K      72/75      8.04G     0.6374     0.3946     0.9905        218        640: 52% ━━━━━━────── 37/70 2.3it/s 16.3s<14.2s
[K      72/75      8.04G     0.6379     0.3949       0.99        190        640: 54% ━━━━━━╸───── 38/70 2.3it/s 16.7s<13.8s
[K      72/75      8.04G     0.6418     0.3973     0.9913        204        640: 55% ━━━━━━╸───── 39/70 2.3it/s 17.1s<13.2s
[K      72/75      8.04G     0.6409     0.3963     0.9919        180        640: 57% ━━━━━━╸───── 40/70 2.3it/s 17.6s<12.9s
[K      72/75      8.04G      0.639     0.3952     0.9916        162        640: 58% ━━━━━━━───── 41/70 2.4it/s 18.0s<12.3s
[K      72/75      8.04G     0.6378     0.3944      0.991        141        640: 60% ━━━━━━━───── 42/70 2.3it/s 18.4s<12.0s
[K      72/75      8.04G     0.6388     0.3943     0.9907        260        640: 61% ━━━━━━━───── 43/70 2.3it/s 18.8s<11.5s
[K      72/75      8.04G     0.6419     0.3963     0.9919        190        640: 62% ━━━━━━━╸──── 44/70 2.3it/s 19.3s<11.2s
[K      72/75      8.04G     0.6402     0.3954     0.9921        147        640: 64% ━━━━━━━╸──── 45/70 2.3it/s 19.7s<10.7s
[K      72/75      8.04G     0.6416     0.3962     0.9923        253        640: 65% ━━━━━━━╸──── 46/70 2.3it/s 20.1s<10.4s
[K      72/75      8.04G     0.6432     0.3968      0.993        192        640: 67% ━━━━━━━━──── 47/70 2.3it/s 20.6s<9.9s
[K      72/75      8.04G     0.6435     0.3965     0.9923        261        640: 68% ━━━━━━━━──── 48/70 2.3it/s 21.0s<9.5s
[K      72/75      8.04G     0.6443     0.3967     0.9924        172        640: 70% ━━━━━━━━──── 49/70 2.3it/s 21.4s<9.0s
[K      72/75      8.04G     0.6455     0.3974     0.9918        284        640: 71% ━━━━━━━━╸─── 50/70 2.3it/s 21.9s<8.6s
[K      72/75      8.04G     0.6441     0.3968     0.9916        209        640: 72% ━━━━━━━━╸─── 51/70 2.3it/s 22.3s<8.1s
[K      72/75      8.04G     0.6473      0.398     0.9915        269        640: 74% ━━━━━━━━╸─── 52/70 2.3it/s 22.7s<7.7s
[K      72/75      8.04G     0.6474     0.3978     0.9912        222        640: 75% ━━━━━━━━━─── 53/70 2.4it/s 23.1s<7.2s
[K      72/75      8.04G     0.6449     0.3968     0.9913        168        640: 77% ━━━━━━━━━─── 54/70 2.3it/s 23.6s<6.9s
[K      72/75      8.04G     0.6425     0.3958     0.9906        137        640: 78% ━━━━━━━━━─── 55/70 2.3it/s 24.0s<6.4s
[K      72/75      8.04G     0.6408     0.3949     0.9898        166        640: 80% ━━━━━━━━━╸── 56/70 2.3it/s 24.4s<6.0s
[K      72/75      8.04G     0.6409     0.3947      0.989        199        640: 81% ━━━━━━━━━╸── 57/70 2.4it/s 24.8s<5.5s
[K      72/75      8.04G     0.6407     0.3945     0.9881        213        640: 82% ━━━━━━━━━╸── 58/70 2.3it/s 25.3s<5.2s
[K      72/75      8.04G     0.6392      0.394     0.9879        176        640: 84% ━━━━━━━━━━── 59/70 2.4it/s 25.7s<4.7s
[K      72/75      8.04G     0.6377     0.3933     0.9875        161        640: 85% ━━━━━━━━━━── 60/70 2.3it/s 26.1s<4.3s
[K      72/75      8.04G     0.6383     0.3933     0.9879        246        640: 87% ━━━━━━━━━━── 61/70 2.3it/s 26.6s<3.8s
[K      72/75      8.04G     0.6393     0.3934     0.9875        186        640: 88% ━━━━━━━━━━╸─ 62/70 2.3it/s 27.0s<3.4s
[K      72/75      8.04G     0.6383     0.3926     0.9869        160        640: 90% ━━━━━━━━━━╸─ 63/70 2.3it/s 27.4s<3.0s
[K      72/75      8.04G     0.6379     0.3922     0.9867        160        640: 91% ━━━━━━━━━━╸─ 64/70 2.3it/s 27.9s<2.6s
[K      72/75      8.04G     0.6369     0.3913     0.9866        161        640: 92% ━━━━━━━━━━━─ 65/70 2.3it/s 28.3s<2.1s
[K      72/75      8.04G     0.6366     0.3912     0.9858        244        640: 94% ━━━━━━━━━━━─ 66/70 2.3it/s 28.7s<1.7s
[K      72/75      8.04G     0.6368     0.3915     0.9853        168        640: 95% ━━━━━━━━━━━─ 67/70 2.3it/s 29.1s<1.3s
[K      72/75      8.04G     0.6379     0.3925     0.9861        200        640: 97% ━━━━━━━━━━━╸ 68/70 2.3it/s 29.6s<0.9s
[K      72/75      8.04G     0.6371     0.3925     0.9863        205        640: 98% ━━━━━━━━━━━╸ 69/70 2.3it/s 30.0s<0.4s
[K      72/75      8.04G     0.6371     0.3925     0.9863        205        640: 100% ━━━━━━━━━━━━ 70/70 2.3it/s 30.0s

[K                 Class     Images  Instances      Box(P          R      mAP50  mAP50-95): 20% ━━────────── 1/5 1.5s/it 0.4s<5.9s
[K                 Class     Images  Instances      Box(P          R      mAP50  mAP50-95): 40% ━━━━╸─────── 2/5 1.1it/s 0.9s<2.6s
[K                 Class     Images  Instances      Box(P          R      mAP50  mAP50-95): 60% ━━━━━━━───── 3/5 1.5it/s 1.3s<1.4s
[K                 Class     Images  Instances      Box(P          R      mAP50  mAP50-95): 80% ━━━━━━━━━╸── 4/5 1.7it/s 1.8s<0.6s
[K                 Class     Images  Instances      Box(P          R      mAP50  mAP50-95): 100% ━━━━━━━━━━━━ 5/5 2.3it/s 2.2s
                   all        280       3554      0.924      0.808      0.869      0.638

      Epoch    GPU_mem   box_loss   cls_loss   dfl_loss  Instances       Size

[K      73/75      8.06G     0.5776     0.3482     0.9309        198        640: 0% ──────────── 0/70  0.4s
[K      73/75      8.06G     0.5657     0.3375     0.9484        207        640: 1% ──────────── 1/70 1.4s/it 0.8s<1:36
[K      73/75      8.06G     0.5488     0.3291     0.9391        126        640: 2% ──────────── 2/70 1.2it/s 1.3s<57.8s
[K      73/75      8.06G      0.558     0.3443     0.9533        125        640: 4% ╸─────────── 3/70 1.5it/s 1.7s<43.3s
[K      73/75      8.06G     0.5851     0.3642     0.9628        240        640: 5% ╸─────────── 4/70 1.8it/s 2.1s<37.3s
[K      73/75      8.06G     0.5957     0.3683     0.9695        203        640: 7% ╸─────────── 5/70 2.0it/s 2.6s<33.2s
[K      73/75      8.06G     0.5953     0.3708      0.968        164        640: 8% ━─────────── 6/70 2.1it/s 3.0s<31.1s
[K      73/75      8.06G     0.6065     0.3761     0.9675        224        640: 10% ━─────────── 7/70 2.2it/s 3.4s<29.3s
[K      73/75      8.06G     0.6051     0.3839     0.9679        209        640: 11% ━─────────── 8/70 2.2it/s 3.9s<28.3s
[K      73/75      8.06G     0.5994     0.3811     0.9666        211        640: 12% ━╸────────── 9/70 2.3it/s 4.3s<27.0s
[K      73/75      8.06G     0.6058     0.3821     0.9723        183        640: 14% ━╸────────── 10/70 2.3it/s 4.7s<26.5s
[K      73/75      8.06G     0.6171     0.3832     0.9752        206        640: 15% ━╸────────── 11/70 2.3it/s 5.1s<25.6s
[K      73/75      8.06G     0.6172     0.3823      0.973        216        640: 17% ━━────────── 12/70 2.3it/s 5.6s<25.2s
[K      73/75      8.06G      0.618     0.3847     0.9747        159        640: 18% ━━────────── 13/70 2.3it/s 6.0s<24.4s
[K      73/75      8.06G     0.6155     0.3829     0.9713        181        640: 20% ━━────────── 14/70 2.3it/s 6.4s<24.1s
[K      73/75      8.06G     0.6185     0.3846     0.9739        202        640: 21% ━━╸───────── 15/70 2.3it/s 6.8s<23.4s
[K      73/75      8.06G     0.6165     0.3834     0.9753        194        640: 22% ━━╸───────── 16/70 2.3it/s 7.3s<23.2s
[K      73/75      8.06G     0.6178     0.3841     0.9771        170        640: 24% ━━╸───────── 17/70 2.4it/s 7.7s<22.5s
[K      73/75      8.06G     0.6166     0.3828     0.9762        194        640: 25% ━━━───────── 18/70 2.3it/s 8.1s<22.3s
[K      73/75      8.06G     0.6121     0.3799     0.9753        191        640: 27% ━━━───────── 19/70 2.4it/s 8.5s<21.6s
[K      73/75      8.06G     0.6121     0.3794     0.9742        191        640: 28% ━━━───────── 20/70 2.3it/s 9.0s<21.4s
[K      73/75      8.06G     0.6136     0.3792     0.9755        168        640: 30% ━━━╸──────── 21/70 2.4it/s 9.4s<20.8s
[K      73/75      8.06G      0.613     0.3782     0.9749        213        640: 31% ━━━╸──────── 22/70 2.3it/s 9.8s<20.5s
[K      73/75      8.06G     0.6167     0.3789     0.9768        232        640: 32% ━━━╸──────── 23/70 2.4it/s 10.2s<19.9s
[K      73/75      8.06G     0.6189     0.3791     0.9772        229        640: 34% ━━━━──────── 24/70 2.3it/s 10.7s<19.7s
[K      73/75      8.06G     0.6205     0.3803     0.9811        164        640: 35% ━━━━──────── 25/70 2.4it/s 11.1s<19.1s
[K      73/75      8.06G       0.62     0.3801     0.9818        169        640: 37% ━━━━──────── 26/70 2.3it/s 11.5s<18.9s
[K      73/75      8.06G     0.6208     0.3795     0.9818        205        640: 38% ━━━━╸─────── 27/70 2.3it/s 11.9s<18.3s
[K      73/75      8.06G     0.6222     0.3801      0.983        206        640: 40% ━━━━╸─────── 28/70 2.3it/s 12.4s<18.1s
[K      73/75      8.06G     0.6254     0.3801     0.9813        259        640: 41% ━━━━╸─────── 29/70 2.3it/s 12.8s<17.5s
[K      73/75      8.06G     0.6253     0.3806     0.9804        191        640: 42% ━━━━━─────── 30/70 2.3it/s 13.3s<17.3s
[K      73/75      8.06G     0.6244     0.3798     0.9792        196        640: 44% ━━━━━─────── 31/70 2.3it/s 13.7s<16.6s
[K      73/75      8.06G     0.6248     0.3803     0.9793        189        640: 45% ━━━━━─────── 32/70 2.3it/s 14.1s<16.3s
[K      73/75      8.06G     0.6253     0.3813     0.9792        226        640: 47% ━━━━━╸────── 33/70 2.3it/s 14.5s<15.8s
[K      73/75      8.06G      0.624     0.3807     0.9783        193        640: 48% ━━━━━╸────── 34/70 2.3it/s 15.0s<15.5s
[K      73/75      8.06G     0.6227     0.3796      0.978        157        640: 50% ━━━━━━────── 35/70 2.4it/s 15.4s<14.9s
[K      73/75      8.06G     0.6231     0.3808      0.979        196        640: 51% ━━━━━━────── 36/70 2.3it/s 15.8s<14.7s
[K      73/75      8.06G     0.6271     0.3821     0.9794        266        640: 52% ━━━━━━────── 37/70 2.3it/s 16.2s<14.2s
[K      73/75      8.06G     0.6269     0.3828     0.9791        213        640: 54% ━━━━━━╸───── 38/70 2.3it/s 16.7s<13.8s
[K      73/75      8.06G     0.6273     0.3822     0.9794        195        640: 55% ━━━━━━╸───── 39/70 2.3it/s 17.1s<13.4s
[K      73/75      8.06G       0.63      0.383     0.9801        256        640: 57% ━━━━━━╸───── 40/70 2.3it/s 17.6s<13.0s
[K      73/75      8.06G     0.6325      0.383       0.98        218        640: 58% ━━━━━━━───── 41/70 2.3it/s 18.0s<12.5s
[K      73/75      8.06G     0.6334     0.3832      0.979        207        640: 60% ━━━━━━━───── 42/70 2.3it/s 18.4s<12.1s
[K      73/75      8.06G     0.6312     0.3827      0.979        162        640: 61% ━━━━━━━───── 43/70 2.3it/s 18.8s<11.5s
[K      73/75      8.06G     0.6309     0.3831     0.9786        170        640: 62% ━━━━━━━╸──── 44/70 2.3it/s 19.3s<11.2s
[K      73/75      8.06G     0.6316     0.3835     0.9791        150        640: 64% ━━━━━━━╸──── 45/70 2.3it/s 19.7s<10.7s
[K      73/75      8.06G     0.6313     0.3833     0.9794        158        640: 65% ━━━━━━━╸──── 46/70 2.3it/s 20.1s<10.3s
[K      73/75      8.06G     0.6317     0.3832     0.9791        171        640: 67% ━━━━━━━━──── 47/70 2.4it/s 20.5s<9.8s
[K      73/75      8.06G     0.6308     0.3827     0.9792        178        640: 68% ━━━━━━━━──── 48/70 2.3it/s 21.0s<9.4s
[K      73/75      8.06G       0.63     0.3818     0.9783        214        640: 70% ━━━━━━━━──── 49/70 2.3it/s 21.4s<9.0s
[K      73/75      8.06G     0.6293      0.382     0.9782        185        640: 71% ━━━━━━━━╸─── 50/70 2.3it/s 21.8s<8.6s
[K      73/75      8.06G     0.6284      0.382     0.9778        205        640: 72% ━━━━━━━━╸─── 51/70 2.3it/s 22.3s<8.1s
[K      73/75      8.06G     0.6285     0.3817     0.9779        174        640: 74% ━━━━━━━━╸─── 52/70 2.3it/s 22.7s<7.7s
[K      73/75      8.06G     0.6274     0.3806      0.977        193        640: 75% ━━━━━━━━━─── 53/70 2.3it/s 23.1s<7.3s
[K      73/75      8.06G     0.6263     0.3802     0.9767        247        640: 77% ━━━━━━━━━─── 54/70 2.3it/s 23.6s<6.9s
[K      73/75      8.06G     0.6247     0.3792     0.9772        142        640: 78% ━━━━━━━━━─── 55/70 2.3it/s 24.0s<6.4s
[K      73/75      8.06G      0.624     0.3787      0.978        137        640: 80% ━━━━━━━━━╸── 56/70 2.3it/s 24.4s<6.0s
[K      73/75      8.06G     0.6226     0.3786     0.9777        196        640: 81% ━━━━━━━━━╸── 57/70 2.3it/s 24.8s<5.6s
[K      73/75      8.06G     0.6232     0.3784      0.977        200        640: 82% ━━━━━━━━━╸── 58/70 2.3it/s 25.3s<5.2s
[K      73/75      8.06G     0.6235     0.3788     0.9767        154        640: 84% ━━━━━━━━━━── 59/70 2.3it/s 25.7s<4.7s
[K      73/75      8.06G     0.6235     0.3784      0.976        216        640: 85% ━━━━━━━━━━── 60/70 2.3it/s 26.1s<4.3s
[K      73/75      8.06G     0.6231     0.3781     0.9762        199        640: 87% ━━━━━━━━━━── 61/70 2.3it/s 26.6s<3.9s
[K      73/75      8.06G     0.6225      0.378     0.9765        144        640: 88% ━━━━━━━━━━╸─ 62/70 2.3it/s 27.0s<3.5s
[K      73/75      8.06G     0.6226     0.3782     0.9765        185        640: 90% ━━━━━━━━━━╸─ 63/70 2.3it/s 27.4s<3.0s
[K      73/75      8.06G     0.6221      0.378     0.9766        203        640: 91% ━━━━━━━━━━╸─ 64/70 2.3it/s 27.9s<2.6s
[K      73/75      8.06G     0.6229     0.3785     0.9768        233        640: 92% ━━━━━━━━━━━─ 65/70 2.3it/s 28.3s<2.1s
[K      73/75      8.06G     0.6226     0.3784     0.9762        206        640: 94% ━━━━━━━━━━━─ 66/70 2.3it/s 28.7s<1.7s
[K      73/75      8.06G     0.6236     0.3782      0.976        287        640: 95% ━━━━━━━━━━━─ 67/70 2.3it/s 29.2s<1.3s
[K      73/75      8.06G     0.6251     0.3791     0.9762        202        640: 97% ━━━━━━━━━━━╸ 68/70 2.3it/s 29.6s<0.9s
[K      73/75      8.06G     0.6253     0.3795     0.9765        231        640: 98% ━━━━━━━━━━━╸ 69/70 2.3it/s 30.0s<0.4s
[K      73/75      8.06G     0.6253     0.3795     0.9765        231        640: 100% ━━━━━━━━━━━━ 70/70 2.3it/s 30.0s

[K                 Class     Images  Instances      Box(P          R      mAP50  mAP50-95): 20% ━━────────── 1/5 1.5s/it 0.5s<6.0s
[K                 Class     Images  Instances      Box(P          R      mAP50  mAP50-95): 40% ━━━━╸─────── 2/5 1.1it/s 0.9s<2.7s
[K                 Class     Images  Instances      Box(P          R      mAP50  mAP50-95): 60% ━━━━━━━───── 3/5 1.5it/s 1.4s<1.4s
[K                 Class     Images  Instances      Box(P          R      mAP50  mAP50-95): 80% ━━━━━━━━━╸── 4/5 1.7it/s 1.8s<0.6s
[K                 Class     Images  Instances      Box(P          R      mAP50  mAP50-95): 100% ━━━━━━━━━━━━ 5/5 2.2it/s 2.2s
                   all        280       3554      0.925      0.808      0.869      0.636

      Epoch    GPU_mem   box_loss   cls_loss   dfl_loss  Instances       Size

[K      74/75      8.06G     0.5933     0.3602     0.9838        169        640: 0% ──────────── 0/70  0.4s
[K      74/75      8.06G      0.606     0.3575     0.9745        246        640: 1% ──────────── 1/70 1.4s/it 0.8s<1:37
[K      74/75      8.06G     0.5858     0.3671      1.006        133        640: 2% ──────────── 2/70 1.2it/s 1.3s<57.9s
[K      74/75      8.06G     0.6101     0.3697      1.004        162        640: 4% ╸─────────── 3/70 1.5it/s 1.7s<43.3s
[K      74/75      8.06G     0.6027     0.3608      0.992        167        640: 5% ╸─────────── 4/70 1.8it/s 2.1s<37.2s
[K      74/75      8.06G     0.6091     0.3651     0.9961        197        640: 7% ╸─────────── 5/70 2.0it/s 2.6s<33.1s
[K      74/75      8.06G     0.6167     0.3677     0.9944        215        640: 8% ━─────────── 6/70 2.1it/s 3.0s<31.0s
[K      74/75      8.06G     0.6119     0.3641     0.9919        182        640: 10% ━─────────── 7/70 2.2it/s 3.4s<29.1s
[K      74/75      8.06G     0.6222     0.3714     0.9909        164        640: 11% ━─────────── 8/70 2.2it/s 3.8s<28.2s
[K      74/75      8.06G     0.6187     0.3681     0.9854        162        640: 12% ━╸────────── 9/70 2.3it/s 4.3s<27.0s
[K      74/75      8.06G     0.6236      0.368     0.9854        281        640: 14% ━╸────────── 10/70 2.3it/s 4.7s<26.5s
[K      74/75      8.06G     0.6243      0.365     0.9776        233        640: 15% ━╸────────── 11/70 2.3it/s 5.1s<25.5s
[K      74/75      8.06G     0.6291     0.3718     0.9778        215        640: 17% ━━────────── 12/70 2.3it/s 5.6s<25.2s
[K      74/75      8.06G     0.6293      0.371     0.9769        207        640: 18% ━━────────── 13/70 2.3it/s 6.0s<24.4s
[K      74/75      8.06G     0.6305     0.3739     0.9767        219        640: 20% ━━────────── 14/70 2.3it/s 6.4s<24.2s
[K      74/75      8.06G     0.6274     0.3727     0.9752        168        640: 21% ━━╸───────── 15/70 2.3it/s 6.8s<23.4s
[K      74/75      8.06G     0.6281     0.3736     0.9743        263        640: 22% ━━╸───────── 16/70 2.3it/s 7.3s<23.2s
[K      74/75      8.06G     0.6331     0.3749     0.9723        238        640: 24% ━━╸───────── 17/70 2.4it/s 7.7s<22.5s
[K      74/75      8.06G     0.6333     0.3761     0.9718        187        640: 25% ━━━───────── 18/70 2.3it/s 8.1s<22.3s
[K      74/75      8.06G     0.6365     0.3776     0.9731        254        640: 27% ━━━───────── 19/70 2.4it/s 8.5s<21.7s
[K      74/75      8.06G     0.6348     0.3777     0.9752        154        640: 28% ━━━───────── 20/70 2.3it/s 9.0s<21.5s
[K      74/75      8.06G     0.6326     0.3765     0.9768        188        640: 30% ━━━╸──────── 21/70 2.3it/s 9.4s<20.9s
[K      74/75      8.06G     0.6314     0.3763     0.9782        175        640: 31% ━━━╸──────── 22/70 2.3it/s 9.8s<20.6s
[K      74/75      8.06G     0.6281     0.3747     0.9769        176        640: 32% ━━━╸──────── 23/70 2.3it/s 10.2s<20.1s
[K      74/75      8.06G     0.6301     0.3758     0.9756        198        640: 34% ━━━━──────── 24/70 2.3it/s 10.7s<19.9s
[K      74/75      8.06G     0.6319     0.3761     0.9769        161        640: 35% ━━━━──────── 25/70 2.3it/s 11.1s<19.2s
[K      74/75      8.06G     0.6338     0.3769     0.9783        211        640: 37% ━━━━──────── 26/70 2.3it/s 11.5s<19.0s
[K      74/75      8.06G     0.6333     0.3768     0.9782        212        640: 38% ━━━━╸─────── 27/70 2.3it/s 12.0s<18.4s
[K      74/75      8.06G     0.6347     0.3782     0.9789        195        640: 40% ━━━━╸─────── 28/70 2.3it/s 12.4s<18.1s
[K      74/75      8.06G     0.6319     0.3799     0.9778        158        640: 41% ━━━━╸─────── 29/70 2.3it/s 12.8s<17.6s
[K      74/75      8.06G     0.6338     0.3805     0.9785        258        640: 42% ━━━━━─────── 30/70 2.3it/s 13.3s<17.3s
[K      74/75      8.06G     0.6315     0.3791     0.9776        161        640: 44% ━━━━━─────── 31/70 2.3it/s 13.7s<16.6s
[K      74/75      8.06G     0.6308     0.3799      0.978        198        640: 45% ━━━━━─────── 32/70 2.3it/s 14.1s<16.4s
[K      74/75      8.06G     0.6319     0.3804     0.9778        199        640: 47% ━━━━━╸────── 33/70 2.3it/s 14.5s<15.8s
[K      74/75      8.06G     0.6301     0.3785     0.9767        166        640: 48% ━━━━━╸────── 34/70 2.3it/s 15.0s<15.5s
[K      74/75      8.06G     0.6316     0.3792     0.9766        207        640: 50% ━━━━━━────── 35/70 2.3it/s 15.4s<14.9s
[K      74/75      8.06G       0.63      0.379     0.9779        164        640: 51% ━━━━━━────── 36/70 2.3it/s 15.8s<14.7s
[K      74/75      8.06G     0.6322     0.3804     0.9778        211        640: 52% ━━━━━━────── 37/70 2.3it/s 16.3s<14.1s
[K      74/75      8.06G     0.6328     0.3804     0.9778        185        640: 54% ━━━━━━╸───── 38/70 2.3it/s 16.7s<13.8s
[K      74/75      8.06G      0.633     0.3811     0.9782        198        640: 55% ━━━━━━╸───── 39/70 2.3it/s 17.1s<13.2s
[K      74/75      8.06G     0.6347      0.382     0.9793        216        640: 57% ━━━━━━╸───── 40/70 2.3it/s 17.6s<12.9s
[K      74/75      8.06G     0.6346     0.3824     0.9797        218        640: 58% ━━━━━━━───── 41/70 2.3it/s 18.0s<12.4s
[K      74/75      8.06G     0.6365     0.3828     0.9796        303        640: 60% ━━━━━━━───── 42/70 2.3it/s 18.4s<12.1s
[K      74/75      8.06G     0.6349     0.3824     0.9788        199        640: 61% ━━━━━━━───── 43/70 2.3it/s 18.8s<11.6s
[K      74/75      8.06G     0.6336     0.3823     0.9785        180        640: 62% ━━━━━━━╸──── 44/70 2.3it/s 19.3s<11.2s
[K      74/75      8.06G     0.6331     0.3822     0.9787        212        640: 64% ━━━━━━━╸──── 45/70 2.3it/s 19.7s<10.6s
[K      74/75      8.06G     0.6325     0.3825     0.9781        211        640: 65% ━━━━━━━╸──── 46/70 2.3it/s 20.1s<10.3s
[K      74/75      8.06G     0.6315     0.3821     0.9771        219        640: 67% ━━━━━━━━──── 47/70 2.4it/s 20.5s<9.8s
[K      74/75      8.06G     0.6316     0.3821     0.9773        193        640: 68% ━━━━━━━━──── 48/70 2.3it/s 21.0s<9.4s
[K      74/75      8.06G     0.6333     0.3824      0.977        250        640: 70% ━━━━━━━━──── 49/70 2.3it/s 21.4s<9.0s
[K      74/75      8.06G      0.632     0.3814     0.9764        182        640: 71% ━━━━━━━━╸─── 50/70 2.3it/s 21.8s<8.6s
[K      74/75      8.06G     0.6322     0.3811     0.9759        252        640: 72% ━━━━━━━━╸─── 51/70 2.3it/s 22.3s<8.1s
[K      74/75      8.06G     0.6332     0.3819     0.9765        201        640: 74% ━━━━━━━━╸─── 52/70 2.3it/s 22.7s<7.7s
[K      74/75      8.06G     0.6328     0.3823     0.9779        195        640: 75% ━━━━━━━━━─── 53/70 2.4it/s 23.1s<7.2s
[K      74/75      8.06G     0.6324     0.3825     0.9776        224        640: 77% ━━━━━━━━━─── 54/70 2.3it/s 23.6s<6.9s
[K      74/75      8.06G     0.6328     0.3831     0.9772        169        640: 78% ━━━━━━━━━─── 55/70 2.3it/s 24.0s<6.4s
[K      74/75      8.06G     0.6339     0.3836     0.9777        199        640: 80% ━━━━━━━━━╸── 56/70 2.3it/s 24.4s<6.0s
[K      74/75      8.06G     0.6332     0.3833     0.9772        181        640: 81% ━━━━━━━━━╸── 57/70 2.3it/s 24.8s<5.6s
[K      74/75      8.06G     0.6318     0.3828     0.9766        149        640: 82% ━━━━━━━━━╸── 58/70 2.3it/s 25.3s<5.2s
[K      74/75      8.06G      0.631      0.382      0.976        172        640: 84% ━━━━━━━━━━── 59/70 2.3it/s 25.7s<4.7s
[K      74/75      8.06G     0.6324     0.3823     0.9773        205        640: 85% ━━━━━━━━━━── 60/70 2.3it/s 26.1s<4.3s
[K      74/75      8.06G     0.6335     0.3825     0.9778        156        640: 87% ━━━━━━━━━━── 61/70 2.3it/s 26.6s<3.8s
[K      74/75      8.06G      0.634     0.3833     0.9777        234        640: 88% ━━━━━━━━━━╸─ 62/70 2.3it/s 27.0s<3.4s
[K      74/75      8.06G     0.6344     0.3834     0.9768        209        640: 90% ━━━━━━━━━━╸─ 63/70 2.4it/s 27.4s<3.0s
[K      74/75      8.06G     0.6322     0.3823     0.9763        146        640: 91% ━━━━━━━━━━╸─ 64/70 2.3it/s 27.9s<2.6s
[K      74/75      8.06G     0.6315     0.3817     0.9768        159        640: 92% ━━━━━━━━━━━─ 65/70 2.3it/s 28.3s<2.1s
[K      74/75      8.06G     0.6312     0.3822     0.9769        231        640: 94% ━━━━━━━━━━━─ 66/70 2.3it/s 28.7s<1.7s
[K      74/75      8.06G     0.6317     0.3837     0.9778        174        640: 95% ━━━━━━━━━━━─ 67/70 2.3it/s 29.1s<1.3s
[K      74/75      8.06G     0.6312     0.3838     0.9777        222        640: 97% ━━━━━━━━━━━╸ 68/70 2.3it/s 29.6s<0.9s
[K      74/75      8.06G     0.6304     0.3838     0.9783        152        640: 98% ━━━━━━━━━━━╸ 69/70 2.4it/s 30.0s<0.4s
[K      74/75      8.06G     0.6304     0.3838     0.9783        152        640: 100% ━━━━━━━━━━━━ 70/70 2.3it/s 30.0s

[K                 Class     Images  Instances      Box(P          R      mAP50  mAP50-95): 20% ━━────────── 1/5 1.5s/it 0.4s<5.9s
[K                 Class     Images  Instances      Box(P          R      mAP50  mAP50-95): 40% ━━━━╸─────── 2/5 1.1it/s 0.9s<2.6s
[K                 Class     Images  Instances      Box(P          R      mAP50  mAP50-95): 60% ━━━━━━━───── 3/5 1.5it/s 1.3s<1.3s
[K                 Class     Images  Instances      Box(P          R      mAP50  mAP50-95): 80% ━━━━━━━━━╸── 4/5 1.7it/s 1.8s<0.6s
[K                 Class     Images  Instances      Box(P          R      mAP50  mAP50-95): 100% ━━━━━━━━━━━━ 5/5 2.3it/s 2.2s
                   all        280       3554      0.924       0.81       0.87      0.636

      Epoch    GPU_mem   box_loss   cls_loss   dfl_loss  Instances       Size

[K      75/75      8.04G     0.6432     0.4027      1.027        166        640: 0% ──────────── 0/70  0.4s
[K      75/75      8.04G     0.6533     0.4024      1.016        245        640: 1% ──────────── 1/70 1.4s/it 0.8s<1:36
[K      75/75      8.04G      0.647     0.3884      1.021        141        640: 2% ──────────── 2/70 1.2it/s 1.3s<56.8s
[K      75/75      8.04G     0.6383     0.3741      1.013        169        640: 4% ╸─────────── 3/70 1.6it/s 1.7s<42.9s
[K      75/75      8.04G     0.6325     0.3809      1.009        176        640: 5% ╸─────────── 4/70 1.8it/s 2.1s<37.2s
[K      75/75      8.04G     0.6384     0.3834      1.008        176        640: 7% ╸─────────── 5/70 2.0it/s 2.5s<33.0s
[K      75/75      8.04G     0.6304     0.3792      1.004        184        640: 8% ━─────────── 6/70 2.1it/s 3.0s<31.1s
[K      75/75      8.04G     0.6308      0.376     0.9959        281        640: 10% ━─────────── 7/70 2.2it/s 3.4s<29.2s
[K      75/75      8.04G     0.6459     0.3836     0.9979        200        640: 11% ━─────────── 8/70 2.2it/s 3.8s<28.2s
[K      75/75      8.04G     0.6442     0.3844     0.9973        195        640: 12% ━╸────────── 9/70 2.3it/s 4.3s<26.9s
[K      75/75      8.04G     0.6461     0.3846      0.996        208        640: 14% ━╸────────── 10/70 2.3it/s 4.7s<26.4s
[K      75/75      8.04G     0.6434     0.3834     0.9941        156        640: 15% ━╸────────── 11/70 2.3it/s 5.1s<25.6s
[K      75/75      8.04G     0.6435     0.3847     0.9913        218        640: 17% ━━────────── 12/70 2.3it/s 5.6s<25.3s
[K      75/75      8.04G     0.6404     0.3825      0.993        181        640: 18% ━━────────── 13/70 2.3it/s 6.0s<24.5s
[K      75/75      8.04G     0.6466     0.3867     0.9909        205        640: 20% ━━────────── 14/70 2.3it/s 6.4s<24.2s
[K      75/75      8.04G      0.653     0.3887     0.9894        268        640: 21% ━━╸───────── 15/70 2.3it/s 6.8s<23.5s
[K      75/75      8.04G     0.6502      0.388     0.9898        166        640: 22% ━━╸───────── 16/70 2.3it/s 7.3s<23.2s
[K      75/75      8.04G     0.6498      0.387     0.9889        157        640: 24% ━━╸───────── 17/70 2.4it/s 7.7s<22.5s
[K      75/75      8.04G     0.6478     0.3858      0.988        193        640: 25% ━━━───────── 18/70 2.3it/s 8.1s<22.3s
[K      75/75      8.04G     0.6453     0.3846      0.986        166        640: 27% ━━━───────── 19/70 2.3it/s 8.5s<21.8s
[K      75/75      8.04G     0.6437     0.3838     0.9833        216        640: 28% ━━━───────── 20/70 2.3it/s 9.0s<21.6s
[K      75/75      8.04G     0.6429     0.3824      0.982        188        640: 30% ━━━╸──────── 21/70 2.3it/s 9.4s<20.9s
[K      75/75      8.04G     0.6433     0.3841     0.9842        191        640: 31% ━━━╸──────── 22/70 2.3it/s 9.8s<20.7s
[K      75/75      8.04G     0.6435      0.385     0.9835        241        640: 32% ━━━╸──────── 23/70 2.3it/s 10.3s<20.1s
[K      75/75      8.04G     0.6441     0.3864     0.9825        170        640: 34% ━━━━──────── 24/70 2.3it/s 10.7s<19.8s
[K      75/75      8.04G      0.643     0.3871     0.9833        177        640: 35% ━━━━──────── 25/70 2.3it/s 11.1s<19.3s
[K      75/75      8.04G     0.6456     0.3886     0.9841        276        640: 37% ━━━━──────── 26/70 2.3it/s 11.6s<19.0s
[K      75/75      8.04G     0.6454      0.387     0.9822        191        640: 38% ━━━━╸─────── 27/70 2.3it/s 12.0s<18.3s
[K      75/75      8.04G     0.6427     0.3853     0.9827        164        640: 40% ━━━━╸─────── 28/70 2.3it/s 12.4s<18.1s
[K      75/75      8.04G     0.6385     0.3836     0.9811        157        640: 41% ━━━━╸─────── 29/70 2.4it/s 12.8s<17.4s
[K      75/75      8.04G      0.639     0.3839     0.9818        219        640: 42% ━━━━━─────── 30/70 2.3it/s 13.3s<17.1s
[K      75/75      8.04G     0.6353     0.3824     0.9813        110        640: 44% ━━━━━─────── 31/70 2.4it/s 13.7s<16.5s
[K      75/75      8.04G     0.6367     0.3833     0.9805        247        640: 45% ━━━━━─────── 32/70 2.3it/s 14.1s<16.3s
[K      75/75      8.04G      0.638     0.3839     0.9809        255        640: 47% ━━━━━╸────── 33/70 2.3it/s 14.5s<15.8s
[K      75/75      8.04G     0.6374     0.3834      0.981        171        640: 48% ━━━━━╸────── 34/70 2.3it/s 15.0s<15.4s
[K      75/75      8.04G      0.639     0.3839     0.9807        192        640: 50% ━━━━━━────── 35/70 2.4it/s 15.4s<14.8s
[K      75/75      8.04G     0.6371     0.3826     0.9801        167        640: 51% ━━━━━━────── 36/70 2.3it/s 15.8s<14.5s
[K      75/75      8.04G     0.6372     0.3819     0.9803        214        640: 52% ━━━━━━────── 37/70 2.4it/s 16.2s<14.0s
[K      75/75      8.04G      0.638     0.3818     0.9804        201        640: 54% ━━━━━━╸───── 38/70 2.3it/s 16.7s<13.7s
[K      75/75      8.04G     0.6384     0.3827     0.9802        241        640: 55% ━━━━━━╸───── 39/70 2.4it/s 17.1s<13.1s
[K      75/75      8.04G      0.637     0.3832     0.9808        164        640: 57% ━━━━━━╸───── 40/70 2.3it/s 17.5s<12.8s
[K      75/75      8.04G     0.6357     0.3831     0.9811        154        640: 58% ━━━━━━━───── 41/70 2.4it/s 17.9s<12.3s
[K      75/75      8.04G     0.6348     0.3838      0.982        145        640: 60% ━━━━━━━───── 42/70 2.3it/s 18.4s<11.9s
[K      75/75      8.04G     0.6333      0.383     0.9823        193        640: 61% ━━━━━━━───── 43/70 2.4it/s 18.8s<11.4s
[K      75/75      8.04G     0.6315     0.3841      0.984        161        640: 62% ━━━━━━━╸──── 44/70 2.3it/s 19.2s<11.1s
[K      75/75      8.04G     0.6309     0.3833      0.983        235        640: 64% ━━━━━━━╸──── 45/70 2.4it/s 19.6s<10.6s
[K      75/75      8.04G     0.6304     0.3836     0.9828        201        640: 65% ━━━━━━━╸──── 46/70 2.3it/s 20.1s<10.3s
[K      75/75      8.04G     0.6304      0.384     0.9818        215        640: 67% ━━━━━━━━──── 47/70 2.4it/s 20.5s<9.8s
[K      75/75      8.04G     0.6312     0.3846     0.9828        181        640: 68% ━━━━━━━━──── 48/70 2.3it/s 20.9s<9.4s
[K      75/75      8.04G     0.6308     0.3837     0.9812        239        640: 70% ━━━━━━━━──── 49/70 2.3it/s 21.4s<9.0s
[K      75/75      8.04G     0.6287     0.3839     0.9811        156        640: 71% ━━━━━━━━╸─── 50/70 2.3it/s 21.8s<8.6s
[K      75/75      8.04G     0.6321     0.3851     0.9824        294        640: 72% ━━━━━━━━╸─── 51/70 2.3it/s 22.2s<8.1s
[K      75/75      8.04G     0.6335     0.3864     0.9834        181        640: 74% ━━━━━━━━╸─── 52/70 2.3it/s 22.6s<7.7s
[K      75/75      8.04G     0.6338     0.3864     0.9829        254        640: 75% ━━━━━━━━━─── 53/70 2.4it/s 23.1s<7.2s
[K      75/75      8.04G     0.6338     0.3864     0.9829        254        640: 77% ━━━━━━━━━─── 54/70 2.3it/s 23.5s<6.9s

[K                 Class     Images  Instances      Box(P          R      mAP50  mAP50-95): 20% ━━────────── 1/5 1.5s/it 0.5s<6.0s
[K                 Class     Images  Instances      Box(P          R      mAP50  mAP50-95): 40% ━━━━╸─────── 2/5 1.1it/s 0.9s<2.7s
[K                 Class     Images  Instances      Box(P          R      mAP50  mAP50-95): 60% ━━━━━━━───── 3/5 1.5it/s 1.4s<1.4s
[K                 Class     Images  Instances      Box(P          R      mAP50  mAP50-95): 80% ━━━━━━━━━╸── 4/5 1.7it/s 1.8s<0.6s
[K                 Class     Images  Instances      Box(P          R      mAP50  mAP50-95): 100% ━━━━━━━━━━━━ 5/5 2.3it/s 2.2s
                   all        280       3554      0.927       0.81      0.869      0.635

75 epochs completed in 0.701 hours.
Optimizer stripped from /kaggle/working/runs/yolo11m_ppe/weights/last.pt, 40.5MB
Optimizer stripped from /kaggle/working/runs/yolo11m_ppe/weights/best.pt, 40.5MB

Validating /kaggle/working/runs/yolo11m_ppe/weights/best.pt...
YOLO11m summary (fused): 125 layers, 20,037,742 parameters, 0 gradients, 67.8 GFLOPs

[K                 Class     Images  Instances      Box(P          R      mAP50  mAP50-95): 20% ━━────────── 1/5 9.8s/it 2.9s<39.3s
[K                 Class     Images  Instances      Box(P          R      mAP50  mAP50-95): 40% ━━━━╸─────── 2/5 4.0s/it 4.7s<12.1s
[K                 Class     Images  Instances      Box(P          R      mAP50  mAP50-95): 60% ━━━━━━━───── 3/5 2.9s/it 6.3s<5.7s
[K                 Class     Images  Instances      Box(P          R      mAP50  mAP50-95): 80% ━━━━━━━━━╸── 4/5 2.0s/it 7.5s<2.0s
[K                 Class     Images  Instances      Box(P          R      mAP50  mAP50-95): 100% ━━━━━━━━━━━━ 5/5 1.6s/it 7.9s
                   all        280       3554      0.924      0.808      0.868      0.637
               Hardhat        135        276      0.934      0.819      0.859      0.618
                  Mask        114        168      0.961      0.935      0.976      0.768
            NO-Hardhat        131        225      0.919      0.804      0.868      0.598
               NO-Mask        150        282      0.921      0.743      0.828      0.512
        NO-Safety Vest        185        422      0.916      0.853      0.903      0.676
                Person        266        923      0.964      0.858      0.929      0.727
           Safety Cone         60        337      0.847      0.617      0.703      0.398
           Safety Vest        134        266      0.939      0.782      0.832      0.629
             machinery        213        505      0.952      0.911      0.955      0.829
               vehicle         79        150      0.884      0.761      0.829      0.615
Speed: 1.3ms preprocess, 15.0ms inference, 0.0ms loss, 6.2ms postprocess per image
Results saved to [1m/kaggle/working/runs/yolo11m_ppe[0m
